Date,Price_MA_20,Price_MA_50,Close_Lag5,Close_Lag1,Momentum_20,Max_Price_20,MA_200,Volume_MA_20,Volume_MA_50,MA_50,Min_Price_20,Cumulative_Returns,Price_MA_200,Close
2011-04-12,24.4379999,23.959400019999997,26.700001,25.27,1.6999989999999983,27.75,23.726350005,1860460.0,1585872.0,23.959400019999997,22.190001,0.031812517028568355,23.726350005,24.65
2011-04-13,24.5434999,23.979800020000003,26.49,24.65,2.1099999999999994,27.75,23.73155001,1862550.0,1595946.0,23.979800020000003,22.190001,0.04353290261753373,23.73155001,24.93
2011-04-14,24.6599999,24.00379998,27.24,24.93,2.3299999999999983,27.75,23.738100005,1865590.0,1604224.0,24.00379998,22.190001,0.052323149950737946,23.738100005,25.139999
2011-04-15,24.79099995,24.042799999999996,26.49,25.139999,2.6200009999999985,27.75,23.75620001,1878370.0,1612854.0,24.042799999999996,22.190001,0.07074094059191793,23.75620001,25.58
2011-04-18,24.906,24.07420004,25.27,25.58,2.300000999999998,27.75,23.785350010000002,1909480.0,1622652.0,24.07420004,22.190001,0.04771879647211286,23.785350010000002,25.030001
2011-04-19,25.05449995,24.11600004,24.65,25.030001,2.9699990000000014,27.75,23.830600005,1907770.0,1615724.0,24.11600004,22.209999,0.05316036220846976,23.830600005,25.16
2011-04-20,25.2315,24.141200039999998,24.93,25.16,3.540001,27.75,23.880350005,1928490.0,1562370.0,24.141200039999998,22.33,0.07785688898521825,23.880350005,25.75
2011-04-21,25.451999999999998,24.211800059999995,25.139999,25.75,4.41,27.75,23.92675001,1974685.0,1537380.0,24.211800059999995,22.75,0.11929682374620332,23.92675001,26.74
2011-04-25,25.633999949999996,24.275200059999996,25.58,26.74,3.6399989999999995,27.75,23.971700005,1986330.0,1536676.0,24.275200059999996,23.25,0.10464629990147656,23.971700005,26.389999
2011-04-26,25.81799995,24.34880006,25.030001,26.389999,3.6799999999999997,27.75,24.02110001,2003425.0,1551986.0,24.34880006,23.709999,0.1272499425387157,24.02110001,26.93
2011-04-27,25.97599995,24.42880006,25.16,26.93,3.1599999999999966,27.75,24.065800015,2015500.0,1546262.0,24.42880006,23.709999,0.13352872053280418,24.065800015,27.08
2011-04-28,26.1735,24.525200059999996,25.75,27.08,3.9500010000000003,27.75,24.104900015,2034335.0,1559188.0,24.525200059999996,24.65,0.15780666210994698,24.104900015,27.66
2011-04-29,26.165999999999997,24.582600059999994,26.74,27.66,-0.14999999999999858,27.66,24.14345002,1494745.0,1491406.0,24.582600059999994,24.65,0.1552951509123115,24.14345002,27.6
2011-05-03,26.257500099999998,24.733400099999997,26.93,27.450001,1.0400010000000002,27.66,24.202300034999997,1305965.0,1425594.0,24.733400099999997,24.65,0.12473847319959996,24.202300034999997,26.870001
2011-05-04,26.2570001,24.829800099999996,27.08,26.870001,-0.010000000000001563,27.66,24.234250045,1199145.0,1405192.0,24.829800099999996,24.65,0.11720393960669373,24.234250045,26.690001
2011-05-05,26.254500150000002,24.922000119999996,27.66,26.690001,-0.04999899999999968,27.66,24.265350055,1195655.0,1397450.0,24.922000119999996,24.65,0.1067393096165461,24.265350055,26.440001
2011-05-06,26.248500200000002,25.013800119999996,27.6,26.440001,-0.11999899999999997,27.66,24.29595006,1104225.0,1395978.0,25.013800119999996,24.65,0.13520310318974804,24.29595006,27.120001
2011-05-09,26.3195002,25.099800099999996,27.450001,27.120001,1.4200000000000017,27.91,24.329050054999996,1052725.0,1387380.0,25.099800099999996,24.65,0.16827129210009484,24.329050054999996,27.91
2011-05-10,26.472500200000002,25.188600119999997,26.870001,27.91,3.0599999999999987,28.33,24.365950049999995,1061020.0,1397062.0,25.188600119999997,24.65,0.185851870483543,24.365950049999995,28.33
2011-05-11,26.5935002,25.251200100000002,26.690001,28.33,2.4200000000000017,28.33,24.398550055,1041275.0,1394184.0,25.251200100000002,24.93,0.1331101353331985,24.398550055,27.07
2011-05-12,26.7305002,25.3242001,26.440001,27.07,2.740000000000002,28.33,24.43330006,1012100.0,1393478.0,25.3242001,25.030001,0.15822524730955312,24.43330006,27.67
2011-05-13,26.851000199999998,25.38800006,27.120001,27.67,2.41,28.33,24.469300054999998,996005.0,1393904.0,25.38800006,25.030001,0.15320218305576216,24.469300054999998,27.549999
2011-05-16,26.902000199999996,25.42100004,27.91,27.549999,1.0200000000000031,28.33,24.502600049999998,986615.0,1377416.0,25.42100004,25.030001,0.11343663095172074,24.502600049999998,26.6
2011-05-17,26.9485001,25.4414,28.33,26.6,0.9299980000000012,28.33,24.527800045,996630.0,1361428.0,25.4414,25.16,0.08664713631842247,24.527800045,25.959999
2011-05-18,27.008000100000004,25.4752,27.07,25.959999,1.1900000000000013,28.33,24.54980004,1005670.0,1348020.0,25.4752,25.75,0.1029720009615731,24.54980004,26.35
2011-05-19,27.13050015,25.54480004,27.67,26.35,2.4500010000000003,28.33,24.584500045,1096565.0,1382626.0,25.54480004,25.959999,0.18041030474718633,24.584500045,28.200001
2011-05-20,27.1920001,25.624000020000004,27.549999,28.200001,1.229999000000003,28.33,24.622100035,1069385.0,1379136.0,25.624000020000004,25.959999,0.17078276143921056,24.622100035,27.969999
2011-05-23,27.213500150000005,25.67900002,26.6,27.969999,0.43000100000000074,28.33,24.658250035000002,1072520.0,1377792.0,25.67900002,25.959999,0.12264550534305085,24.658250035000002,26.82
2011-05-24,27.203000099999997,25.748399999999997,25.959999,26.82,-0.21000099999999833,28.33,24.693850030000004,1033205.0,1366746.0,25.748399999999997,25.959999,0.11845961148847195,24.693850030000004,26.719999
2011-05-25,27.298000100000003,25.868999979999998,26.35,26.719999,1.9000000000000021,28.98,24.743600025,1218015.0,1434232.0,25.868999979999998,25.959999,0.21305990845792766,24.743600025,28.98
2011-05-26,27.389000099999997,26.00219998,28.200001,28.98,1.8200000000000003,29.48,24.801500025,1304860.0,1477576.0,26.00219998,25.959999,0.23398916843822315,24.801500025,29.48
2011-05-27,27.48650005,26.13699998,27.969999,29.48,1.9499989999999983,29.549999,24.861250020000004,1352915.0,1492866.0,26.13699998,25.959999,0.23691922297694434,24.861250020000004,29.549999
2011-05-31,27.620999949999998,26.28059998,26.82,29.549999,2.6899979999999992,30.139999,24.920350015,1478210.0,1544918.0,26.28059998,25.959999,0.26161574975369306,24.920350015,30.139999
2011-06-02,27.80699985,26.527799959999996,28.98,28.52,2.069999000000003,30.139999,25.01710001,1506100.0,1575350.0,26.527799959999996,25.959999,0.20385103406659755,25.01710001,28.76
2011-06-03,27.991499750000003,26.68619996,29.48,28.76,3.6899980000000028,30.139999,25.073900004999995,1755635.0,1691078.0,26.68619996,25.959999,0.26119716455408737,25.073900004999995,30.129999
2011-06-06,28.07049975,26.81359998,29.549999,30.129999,1.5800000000000018,30.139999,25.123450005,1823105.0,1728456.0,26.81359998,25.959999,0.20133956472748205,25.123450005,28.700001
2011-06-07,28.0934998,26.926,30.139999,28.700001,0.46000099999999833,30.139999,25.16980001,1838390.0,1741538.0,26.926,25.959999,0.18752625314048688,25.16980001,28.370001
2011-06-08,28.03299985,27.00340002,28.52,28.370001,-1.2099989999999998,30.139999,25.204750020000002,1846420.0,1754294.0,27.00340002,25.959999,0.13520310318974804,25.204750020000002,27.120001
2011-06-09,28.060499899999996,27.077400039999997,28.76,27.120001,0.5500009999999982,30.139999,25.246850019999997,1878455.0,1771250.0,27.077400039999997,25.959999,0.15613236317004353,25.246850019999997,27.620001
2011-06-10,28.06999995,27.16040008,30.129999,27.620001,0.19000099999999875,30.139999,25.286650025,1925385.0,1778116.0,27.16040008,25.959999,0.16617840796058547,25.286650025,27.860001
2011-06-13,28.114000000000004,27.17400008,28.700001,27.860001,0.880001,30.139999,25.330050025000002,1977980.0,1582028.0,27.17400008,25.959999,0.19003772247960238,25.330050025000002,28.43
2011-06-14,28.214,27.212800079999997,28.370001,28.43,2.0,30.139999,25.37455002,2018865.0,1556200.0,27.212800079999997,25.959999,0.19715367087290292,25.37455002,28.6
2011-06-15,28.28200005,27.242600080000003,27.120001,28.6,1.3600010000000005,30.139999,25.411800014999997,2024405.0,1530914.0,27.242600080000003,26.35,0.14357476532334634,25.411800014999997,27.32
2011-06-16,28.289500049999997,27.23860006,27.620001,27.32,0.14999999999999858,30.139999,25.446900015,2080040.0,1504140.0,27.23860006,26.5,0.10925077895566182,25.446900015,26.5
2011-06-17,28.204500000000003,27.238800060000003,27.860001,26.5,-1.7000010000000003,30.139999,25.47715001,2032985.0,1512654.0,27.238800060000003,26.5,0.10925077895566182,25.47715001,26.5
2011-06-20,28.10650005,27.214200060000003,28.43,26.5,-1.9599989999999998,30.139999,25.501900015,2067750.0,1487204.0,27.214200060000003,26.01,0.08874010417497225,25.501900015,26.01
2011-06-21,28.142000099999997,27.23500008,28.6,26.01,0.7100009999999983,30.139999,25.534300025000004,2099370.0,1478196.0,27.23500008,26.01,0.15236509637359053,25.534300025000004,27.530001
2011-06-22,28.1665001,27.273800060000003,27.32,27.530001,0.48999999999999844,30.139999,25.567650014999998,2142465.0,1480320.0,27.273800060000003,26.01,0.13897028626916152,25.567650014999998,27.209999
2011-06-23,28.103000050000002,27.33500004,26.5,27.209999,-1.2700010000000006,30.139999,25.60170001,1966310.0,1476572.0,27.33500004,26.01,0.15989954624945701,25.60170001,27.709999
2011-06-24,28.007500049999997,27.38780004,26.5,27.709999,-1.9100000000000001,30.139999,25.636000015,1979890.0,1524512.0,27.38780004,26.01,0.1540393953134942,25.636000015,27.57
2011-06-27,27.903000050000003,27.43420004,26.01,27.57,-2.09,30.139999,25.67245001,1986005.0,1541032.0,27.43420004,26.01,0.14943491625930916,25.67245001,27.459999
2011-06-28,27.801500150000003,27.48480006,27.530001,27.459999,-2.029997999999999,30.129999,25.709400019999997,1865940.0,1539946.0,27.48480006,26.01,0.17664303795073333,25.709400019999997,28.110001
2011-06-29,27.790000199999998,27.55000006,27.209999,28.110001,-0.2299989999999994,30.129999,25.745250020000004,1862535.0,1548504.0,27.55000006,26.01,0.18417757154363978,25.745250020000004,28.290001
2011-06-30,27.808500149999997,27.62940004,27.709999,28.290001,0.36999899999999997,30.129999,25.781000015,1860555.0,1556464.0,27.62940004,26.01,0.2193386445934964,25.781000015,29.129999
2011-07-05,27.7750001,27.74280002,27.459999,29.02,0.4399979999999992,29.139999,25.865950005,1526085.0,1549016.0,27.74280002,26.01,0.2197572297931023,25.865950005,29.139999
2011-07-06,27.8045,27.79420002,28.110001,29.139999,0.5899980000000014,29.139999,25.905450005000002,1511325.0,1551536.0,27.79420002,26.01,0.21222269620019585,25.905450005000002,28.959999
2011-07-07,27.93499995,27.850200020000003,28.290001,28.959999,2.609999000000002,29.73,25.950250004999997,1492925.0,1550094.0,27.850200020000003,26.01,0.24445379842837078,25.950250004999997,29.73
2011-07-08,27.99449985,27.8848,29.129999,29.73,1.1899980000000028,29.73,25.994949995,1474795.0,1554968.0,27.8848,26.01,0.20594391820610713,25.994949995,28.809999
2011-07-11,28.0189998,27.898600000000002,29.02,28.809999,0.48999900000000096,29.73,26.038899999999998,1445255.0,1542484.0,27.898600000000002,26.01,0.18668904088275529,26.038899999999998,28.35
2011-07-12,28.0059998,27.910000000000004,29.139999,28.35,-0.259999999999998,29.73,26.079250000000002,1411855.0,1548872.0,27.910000000000004,26.01,0.17915450728984883,26.079250000000002,28.17
2011-07-13,28.007999750000003,27.93379996,28.959999,28.17,0.03999899999999812,29.73,26.11979999,1386485.0,1554500.0,27.93379996,26.01,0.1988279698128066,26.11979999,28.639999
2011-07-14,28.022499800000002,27.948599960000003,29.73,28.639999,0.2900010000000002,29.73,26.150849995,1377185.0,1559402.0,27.948599960000003,26.01,0.15571377797043784,26.150849995,27.610001
2011-07-15,28.0764998,27.966399940000002,28.809999,27.610001,1.0799999999999983,29.73,26.178849995,1320525.0,1552692.0,27.966399940000002,26.01,0.1544579805131001,26.178849995,27.58
2011-07-18,28.1129998,27.982199920000003,28.35,27.58,0.7300000000000004,29.73,26.212949995,1277420.0,1545360.0,27.982199920000003,26.01,0.13980749852689334,26.212949995,27.23
2011-07-19,28.20699975,27.997599880000003,28.17,27.23,1.879998999999998,29.73,26.249399989999997,1251835.0,1546248.0,27.997599880000003,27.209999,0.16743407984236347,26.249399989999997,27.889999
2011-07-20,28.264999750000005,28.0131999,28.639999,27.889999,1.1600000000000001,29.73,26.287899994999997,1329450.0,1588886.0,28.0131999,27.209999,0.20092097952787613,26.287899994999997,28.690001
2011-07-21,28.33949985,28.02059992,27.610001,28.690001,1.4900020000000005,29.73,26.325799994999997,1306245.0,1578410.0,28.02059992,27.23,0.20133956472748227,26.325799994999997,28.700001
2011-07-22,28.41849995,28.064999939999996,27.58,28.700001,1.5800020000000004,29.73,26.369950005,1276920.0,1570830.0,28.064999939999996,27.23,0.22603609150423098,26.369950005,29.290001
2011-07-25,28.464499950000004,28.08139994,27.23,29.290001,0.9199999999999982,29.73,26.410250004999998,1130160.0,1571736.0,28.08139994,27.23,0.19254923367723809,26.410250004999998,28.49
2011-07-26,28.491499999999995,28.09039996,27.889999,28.49,0.5400010000000002,29.73,26.448100005,1077720.0,1573718.0,28.09039996,27.23,0.1720385588965485,26.448100005,28.0
2011-07-27,28.467999900000002,28.111199940000002,28.690001,28.0,-0.4700020000000009,29.73,26.4851,1081185.0,1577774.0,28.111199940000002,27.23,0.15696944985221584,26.4851,27.639999
2011-07-28,28.46199985,28.15539996,28.700001,27.639999,-0.12000099999999847,29.73,26.524749999999997,1055030.0,1571864.0,28.15539996,27.23,0.17915450728984905,26.524749999999997,28.17
2011-07-29,28.4139999,28.191799959999997,29.290001,28.17,-0.9599989999999998,29.73,26.562899995,1055105.0,1576238.0,28.191799959999997,27.23,0.17915450728984905,26.562899995,28.17
2011-08-02,28.31149995,28.19059996,28.0,28.77,-1.7999989999999997,29.73,26.63699999,1098275.0,1560572.0,28.19059996,27.23,0.1444119357225584,26.63699999,27.34
2011-08-03,28.223500050000002,28.19819998,27.639999,27.34,-1.7599979999999995,29.73,26.671849995,1141655.0,1579190.0,28.19819998,27.200001,0.13855178478659558,26.671849995,27.200001
2011-08-04,27.97450005,28.1588,28.17,27.200001,-4.98,29.290001,26.695349999999998,1228485.0,1628206.0,28.1588,24.75,0.03599836902462772,26.695349999999998,24.75
2011-08-05,27.746000100000003,28.064,28.17,24.75,-4.569999000000003,29.290001,26.7133,1264675.0,1573632.0,28.064,24.24,0.014650523844726315,26.7133,24.24
2011-08-08,27.51050005,27.94719998,28.77,24.24,-4.710001000000002,29.290001,26.727749995,1346310.0,1559064.0,27.94719998,23.639999,-0.010464629990148189,26.727749995,23.639999
2011-08-09,27.354999999999997,27.85739998,27.34,23.639999,-3.1100010000000005,29.290001,26.749449995,1360710.0,1551990.0,27.85739998,23.639999,0.048974468353891076,26.749449995,25.059999
2011-08-10,27.114000049999998,27.730999999999998,27.200001,25.059999,-4.819998999999999,29.290001,26.764299995000002,1385620.0,1517464.0,27.730999999999998,23.639999,-0.00293005453872186,26.764299995000002,23.82
2011-08-11,26.998499949999996,27.66659998,24.75,23.82,-2.3100020000000008,29.290001,26.783999985,1369495.0,1503596.0,27.66659998,23.639999,0.059020513144432796,26.783999985,25.299999
2011-08-12,26.9349999,27.617599960000003,24.24,25.299999,-1.270000999999997,29.290001,26.81054998,1384500.0,1504052.0,27.617599960000003,23.639999,0.10129761830462969,26.81054998,26.309999
2011-08-15,26.884999900000004,27.539599980000002,23.639999,26.309999,-1.0,29.290001,26.835749975,1378835.0,1394640.0,27.539599980000002,23.639999,0.09794897856630236,26.835749975,26.23
2011-08-16,26.79549995,27.48759996,25.059999,26.23,-1.7899989999999981,29.290001,26.857049975,1354415.0,1358772.0,27.48759996,23.639999,0.09250737097142547,26.857049975,26.1
2011-08-17,26.6524999,27.43679994,23.82,26.1,-2.8600010000000005,29.290001,26.879149975,1234185.0,1347204.0,27.43679994,23.639999,0.08120557058206579,26.879149975,25.83
2011-08-18,26.43049985,27.37959992,25.299999,25.83,-4.440000999999999,29.290001,26.894199975000003,1236440.0,1334418.0,27.37959992,23.639999,0.015487694243938144,26.894199975000003,24.26
2011-08-19,26.08099975,27.273199880000004,26.309999,24.26,-6.9900020000000005,28.77,26.896849969999998,1276030.0,1329860.0,27.273199880000004,22.299999,-0.06655504673734025,26.896849969999998,22.299999
2011-08-22,25.753999800000003,27.154999880000002,26.23,22.299999,-6.539998999999998,28.77,26.882099975000003,1291670.0,1318250.0,27.154999880000002,21.950001,-0.08120544500650706,26.882099975000003,21.950001
2011-08-23,25.50199975,27.045599860000003,26.1,21.950001,-5.040001,28.77,26.874699965,1297090.0,1301362.0,27.045599860000003,21.950001,-0.03892842356335002,26.874699965,22.959999
2011-08-24,25.31349985,26.950999880000005,25.83,22.959999,-3.769998000000001,28.77,26.869149970000002,1283380.0,1283580.0,26.950999880000005,21.950001,-0.0008370866821723055,26.869149970000002,23.870001
2011-08-25,25.0604999,26.8667999,24.26,23.870001,-5.059999000000001,28.77,26.86154998,1270435.0,1270276.0,26.8667999,21.950001,-0.03264956185222134,26.86154998,23.110001
2011-08-26,24.8384999,26.811399899999998,22.299999,23.110001,-4.440000000000001,28.77,26.833399975,1261115.0,1248668.0,26.811399899999998,21.950001,-0.006697321335174977,26.833399975,23.73
2011-08-29,24.63549985,26.77559988,21.950001,23.73,-4.060001,27.34,26.816749965000003,1243040.0,1230456.0,26.77559988,21.950001,0.0343239863676843,26.816749965000003,24.709999
2011-08-30,24.4999998,26.74799986,22.959999,24.709999,-2.7100009999999983,27.200001,26.79069996,1183880.0,1207024.0,26.74799986,21.950001,0.03097530477083721,26.79069996,24.629999
2011-08-31,24.37699975,26.692199840000004,23.870001,24.629999,-2.460001000000002,26.309999,26.760399965,1135345.0,1193580.0,26.692199840000004,21.950001,0.03557978382502203,26.760399965,24.74
2011-09-02,24.28099975,26.53519988,23.73,24.0,-1.1699999999999982,26.309999,26.699949964999995,964800.0,1173028.0,26.53519988,21.950001,-0.03432394450916476,26.699949964999995,23.07
2011-09-06,24.245999849999997,26.4425999,24.709999,23.07,-0.6999980000000008,26.309999,26.665199974999997,874865.0,1117054.0,26.4425999,21.950001,-0.039765510245521773,26.665199974999997,22.940001
2011-09-07,24.1849999,26.37019992,24.629999,22.940001,-1.2199990000000014,26.309999,26.629449974999996,831155.0,1090050.0,26.37019992,21.950001,-0.0020928841395098097,26.629449974999996,23.84
2011-09-08,24.17449995,26.28019992,24.74,23.84,-0.20999899999999982,26.309999,26.58049997,778230.0,1082380.0,26.28019992,21.950001,-0.011720301871925742,26.58049997,23.610001
2011-09-09,24.057999950000003,26.17379988,24.0,23.610001,-2.3299999999999983,26.309999,26.522499964999998,769870.0,1066530.0,26.17379988,21.950001,-0.03850983836374389,26.522499964999998,22.969999
2011-09-12,23.88649995,26.04879988,23.07,22.969999,-3.4299999999999997,26.23,26.459549955000004,747745.0,1058928.0,26.04879988,21.950001,-0.042277105160197004,26.459549955000004,22.879999
2011-09-13,23.77899995,25.94999988,22.940001,22.879999,-2.150000000000002,26.1,26.403349955000003,747140.0,1056360.0,25.94999988,21.950001,0.007953160651032132,26.403349955000003,24.08
2011-09-14,23.69099995,25.853999900000005,23.84,24.08,-1.7600000000000016,25.83,26.353399945,761795.0,1053056.0,25.853999900000005,21.950001,0.01883637584078568,26.353399945,24.34
2011-09-15,23.64049995,25.77119992,23.610001,24.34,-1.009999999999998,24.82,26.300849935000002,757740.0,1045770.0,25.77119992,21.950001,0.03892846542186934,26.300849935000002,24.82
2011-09-16,23.7174999,25.6925999,22.969999,24.82,1.5399989999999981,25.799999,26.25809994,775765.0,1047554.0,25.6925999,21.950001,0.07994977312472851,26.25809994,25.799999
2011-09-19,23.89099995,25.631799920000002,22.879999,25.799999,3.470001,25.799999,26.22519995,764870.0,1045890.0,25.631799920000002,21.950001,0.07869405938443075,26.22519995,25.77
2011-09-20,24.0939999,25.58499992,24.08,25.77,4.059999000000001,26.01,26.19779995,774585.0,1049982.0,25.58499992,22.879999,0.08874010417497269,26.19779995,26.01
2011-09-21,24.238499949999998,25.538599919999996,24.34,26.01,2.8900010000000016,26.01,26.175499955,780515.0,1048826.0,25.538599919999996,22.879999,0.08204274098127806,26.175499955,25.85
2011-09-22,24.32649985,25.478399919999998,24.82,25.85,1.759998000000003,26.01,26.145849955,785090.0,1043022.0,25.478399919999998,22.879999,0.07283382473142797,26.145849955,25.629999
2011-09-23,24.489999750000003,25.45379988,25.799999,25.629999,3.269998000000001,26.379999,26.115899955,808920.0,1042970.0,25.45379988,22.879999,0.10422771470187109,26.115899955,26.379999
2011-09-26,24.57949975,25.41259988,25.77,26.379999,1.7899999999999991,26.379999,26.08324996,817570.0,1047486.0,25.41259988,22.879999,0.06822942939428267,26.08324996,25.52
2011-09-27,24.65349985,25.391799900000002,26.01,25.52,1.480001999999999,26.379999,26.056599965,811125.0,1043938.0,25.391799900000002,22.879999,0.09627467962639846,26.056599965,26.190001
2011-09-28,24.6514999,25.325799919999998,25.85,26.190001,-0.03999900000000167,26.379999,26.026799970000003,828980.0,1037882.0,25.325799919999998,22.879999,0.02930100583093287,26.026799970000003,24.59
2011-09-29,24.620499950000003,25.23439992,25.629999,24.59,-0.619999,26.379999,26.004749970000002,834270.0,995508.0,25.23439992,22.879999,0.009627543307974884,26.004749970000002,24.120001
2011-09-30,24.6399999,25.148199880000004,26.379999,24.120001,0.38999899999999954,26.379999,25.978699965,858670.0,1002000.0,25.148199880000004,22.879999,0.0209292599802946,25.978699965,24.389999
2011-10-04,24.70899985,24.940399860000003,26.190001,23.73,0.7199990000000014,26.379999,25.904799965,890860.0,1021334.0,24.940399860000003,22.879999,-0.00962741773241682,25.904799965,23.66
2011-10-05,24.785499899999998,24.887799880000003,24.59,23.66,1.5300009999999986,26.379999,25.873149964999996,929375.0,1030712.0,24.887799880000003,22.879999,0.06195069325871372,25.873149964999996,25.370001
2011-10-06,24.952999799999997,24.874199880000003,24.120001,25.370001,3.3499979999999994,26.959999,25.846649969999998,992545.0,1046924.0,24.874199880000003,22.879999,0.12850565627901367,25.846649969999998,26.959999
2011-10-07,25.153999849999998,24.85059988,24.389999,26.959999,4.020000999999997,26.99,25.818449965,1024660.0,1054382.0,24.85059988,22.879999,0.1297614537363514,25.818449965,26.99
2011-10-10,25.403999849999998,24.844799860000002,23.73,26.99,5.0,27.879999,25.80739996,1042505.0,1053888.0,24.844799860000002,23.66,0.16701549464275756,25.80739996,27.879999
2011-10-11,25.5804999,24.821599880000004,23.66,27.879999,3.530001000000002,27.879999,25.81769997,1034965.0,1042104.0,24.821599880000004,23.66,0.15571377797043784,25.81769997,27.610001
2011-10-12,25.753499849999997,24.83079986,25.370001,27.610001,3.459999,27.879999,25.824649965,1049595.0,1033584.0,24.83079986,23.66,0.16366681304591024,25.824649965,27.799999
2011-10-13,25.909499899999997,24.845599860000004,26.959999,27.799999,3.1200009999999985,27.940001,25.825699970000002,1073640.0,1018564.0,24.845599860000004,23.66,0.169527089557433,25.825699970000002,27.940001
2011-10-14,26.021999899999997,24.911599839999997,26.99,27.940001,2.25,28.049999,25.833449965,1072810.0,985284.0,24.911599839999997,23.66,0.1741314430360581,25.833449965,28.049999
2011-10-17,26.1044999,24.975199840000002,27.879999,28.049999,1.6500000000000021,28.049999,25.83739997,1052665.0,961086.0,24.975199840000002,23.66,0.1477606173194057,25.83739997,27.42
2011-10-18,26.2209999,25.069199859999998,27.610001,27.42,2.3299999999999983,28.34,25.845999965,1043630.0,928910.0,25.069199859999998,23.66,0.18627045568314937,25.845999965,28.34
2011-10-19,26.3069999,25.11939988,27.799999,28.34,1.7199999999999989,28.34,25.850499964999997,1033895.0,918100.0,25.11939988,23.66,0.15403939531349442,25.850499964999997,27.57
2011-10-20,26.39249995,25.18979988,27.940001,27.57,1.7100009999999983,28.34,25.853049965,1045090.0,906810.0,25.18979988,23.66,0.1444119357225584,25.853049965,27.34
2011-10-21,26.47500005,25.24439992,28.049999,27.34,1.650001999999997,28.34,25.853799975,1044400.0,912932.0,25.24439992,23.66,0.17329435635388601,25.853799975,28.030001
2011-10-24,26.6265,25.289199919999998,27.42,28.030001,3.029999,28.549999,25.85534997,1044690.0,911562.0,25.289199919999998,23.66,0.19506070301635337,25.85534997,28.549999
2011-10-25,26.72949995,25.329599919999996,28.34,28.549999,2.0599990000000012,28.549999,25.854349964999997,1043685.0,909878.0,25.329599919999996,23.66,0.18250318888669614,25.854349964999997,28.25
2011-10-26,26.89899995,25.367199919999997,27.57,28.25,3.3900000000000006,28.549999,25.85944997,1033045.0,909334.0,25.367199919999997,23.66,0.17120138849733646,25.85944997,27.98
2011-10-27,27.1309999,25.42579992,27.34,27.98,4.639999000000003,28.76,25.868449974999997,1030035.0,913848.0,25.42579992,23.66,0.20385103406659755,25.868449974999997,28.76
2011-10-28,27.405,25.53799994,28.030001,28.76,5.480001999999999,29.870001,25.886699985,1026430.0,917996.0,25.53799994,23.66,0.25031403308137334,25.886699985,29.870001
2011-10-31,27.68700005,25.67939998,28.549999,29.870001,5.640000999999998,29.870001,25.90479999,1031970.0,913170.0,25.67939998,23.66,0.22938477310107785,25.90479999,29.370001
2011-11-02,28.114999899999997,25.93299994,27.98,28.879999,3.3399980000000014,29.870001,25.944399980000004,986005.0,906278.0,25.93299994,26.959999,0.201758066210048,25.944399980000004,28.709999
2011-11-03,28.3899999,26.1047999,28.76,28.709999,5.5000000000000036,32.459999,25.99359997,1023035.0,942786.0,26.1047999,26.99,0.3587275160622645,25.99359997,32.459999
2011-11-04,28.65599995,26.2887999,29.870001,32.459999,5.320001000000001,32.459999,26.03994997,1109100.0,989848.0,26.2887999,27.34,0.3524488217852155,26.03994997,32.310001
2011-11-07,28.825499999999998,26.439599900000005,29.370001,32.310001,3.390000999999998,32.459999,26.07384997,1126240.0,999938.0,26.439599900000005,27.34,0.3089159191676809,26.07384997,31.27
2011-11-08,29.036999949999995,26.582199919999997,28.879999,31.27,4.229998999999999,32.459999,26.109649969999996,1155850.0,1007228.0,26.582199919999997,27.34,0.3327752755452178,26.109649969999996,31.84
2011-11-09,29.19099995,26.707199919999997,28.709999,31.84,3.080000000000002,32.459999,26.140299965,1147365.0,1018978.0,26.707199919999997,27.34,0.2925910545245305,26.140299965,30.879999
2011-11-10,29.3604999,26.838999920000003,32.459999,30.879999,3.3899989999999995,32.459999,26.172349965000002,1132555.0,1017448.0,26.838999920000003,27.34,0.3114274303653164,26.172349965000002,31.33
2011-11-11,29.6399999,27.0317999,32.310001,31.33,5.590000000000003,33.639999,26.22049996,1255945.0,1077852.0,27.0317999,27.34,0.40812056961576193,26.22049996,33.639999
2011-11-14,29.929999950000003,27.23479992,31.27,33.639999,5.800001000000002,33.639999,26.266099965,1284505.0,1088968.0,27.23479992,27.34,0.3905400749493537,26.266099965,33.220001
2011-11-15,30.209499949999998,27.4545999,31.84,33.220001,5.59,33.93,26.316199965,1279070.0,1090592.0,27.4545999,27.34,0.420259582262853,26.316199965,33.93
2011-11-16,30.577999900000002,27.676599879999998,30.879999,33.93,7.369999,34.939999,26.371199955,1331085.0,1118072.0,27.676599879999998,27.34,0.4625366455645299,26.371199955,34.939999
2011-11-17,30.8949999,27.87799986,31.33,34.939999,6.34,34.939999,26.42144996,1348565.0,1134944.0,27.87799986,27.98,0.4097949522727051,26.42144996,33.68
2011-11-18,31.12349975,28.07059984,33.639999,33.68,4.569997000000001,34.939999,26.467149955,1336575.0,1139614.0,28.07059984,27.98,0.36458766699822687,26.467149955,32.599998
2011-11-21,31.283999799999997,28.24819986,33.220001,32.599998,3.210001000000002,34.939999,26.510599954999996,1341125.0,1148914.0,28.24819986,27.98,0.3294265939483705,26.510599954999996,31.76
2011-11-22,31.4749998,28.40799986,33.93,31.76,3.8200000000000003,34.939999,26.548499955,1345035.0,1149036.0,28.40799986,27.98,0.3424027351361536,26.548499955,32.07
2011-11-23,31.648499849999997,28.55019988,34.939999,32.07,3.470001,34.939999,26.589699965,1342100.0,1141456.0,28.55019988,28.709999,0.3164504946191071,26.589699965,31.450001
2011-11-25,31.79349985,28.68699988,33.68,31.450001,2.8999999999999986,34.939999,26.63189997,1310610.0,1134996.0,28.68699988,28.709999,0.3252407419523111,26.63189997,31.66
2011-11-28,31.92799985,28.82219992,32.599998,31.66,2.6900000000000013,34.939999,26.678449975,1281470.0,1120278.0,28.82219992,28.709999,0.36291345177536294,26.678449975,32.560001
2011-11-29,32.046999799999995,28.941799919999998,31.76,32.560001,2.3799990000000015,34.939999,26.721799975,1254325.0,1108952.0,28.941799919999998,28.709999,0.32900800874876435,26.721799975,31.75
2011-11-30,32.23999995,29.07639996,32.07,31.75,3.8600029999999954,34.939999,26.771299984999995,1260580.0,1100550.0,29.07639996,28.709999,0.37044802722678916,26.771299984999995,32.740002
2011-12-02,32.4764999,29.36479992,31.66,32.599998,0.8399999999999963,34.939999,26.859149969999997,1182980.0,1101942.0,29.36479992,30.879999,0.3938886728291602,26.859149969999997,33.299999
2011-12-05,32.58199975,29.525599900000003,32.560001,33.299999,2.109997,34.939999,26.915349960000004,1089340.0,1102016.0,29.525599900000003,30.879999,0.44077017332650237,26.915349960000004,34.419998
2011-12-06,32.761999700000004,29.712599880000003,31.75,34.419998,3.5999990000000004,34.939999,26.98034995,1073615.0,1102356.0,29.712599880000003,30.879999,0.45960654916728827,26.98034995,34.869999
2011-12-07,32.87949965,29.87259984,32.740002,34.869999,2.3499990000000004,34.939999,27.042149945000002,1048935.0,1102352.0,29.87259984,30.879999,0.43114275559408655,27.042149945000002,34.189999
2011-12-08,32.87999965,29.99859982,32.599998,34.189999,0.00999999999999801,34.939999,27.083949935,1166540.0,1154002.0,29.99859982,30.889999,0.2930096397241362,27.083949935,30.889999
2011-12-09,32.8654997,30.13699982,33.299999,30.889999,-0.2899989999999981,34.939999,27.121099935000004,1191150.0,1160200.0,30.13699982,30.889999,0.29928850143526464,27.121099935000004,31.040001
2011-12-12,32.70399975,30.257399839999998,34.419998,31.040001,-3.229999000000003,34.939999,27.153699940000003,1035670.0,1148652.0,30.257399839999998,30.41,0.2729175920015723,27.153699940000003,30.41
2011-12-13,32.51549975,30.37179986,34.869999,30.41,-3.770000000000003,34.939999,27.18124994,1019090.0,1148070.0,30.37179986,29.450001,0.23273345469792495,27.18124994,29.450001
2011-12-14,32.245499800000005,30.469199879999998,34.189999,29.450001,-5.399999000000001,34.939999,27.203799944999997,1032735.0,1147342.0,30.469199879999998,28.530001,0.19422361633418106,27.203799944999997,28.530001
2011-12-15,31.929499900000003,30.534199879999996,30.889999,28.530001,-6.319998000000002,34.869999,27.225099944999997,976090.0,1136758.0,30.534199879999996,28.530001,0.1979908831306343,27.225099944999997,28.620001
2011-12-16,31.645499900000004,30.5549999,31.040001,28.620001,-5.68,34.869999,27.24034994,960110.0,1121970.0,30.5549999,28.0,0.17203855889654807,27.24034994,28.0
2011-12-19,31.403000000000002,30.5701999,30.41,28.0,-4.849997999999999,34.869999,27.254399935000002,964320.0,1115478.0,30.5701999,27.75,0.16157392890640043,27.254399935000002,27.75
2011-12-20,31.21,30.57059992,29.450001,27.75,-3.860000000000003,34.869999,27.270599935,954905.0,1113874.0,30.57059992,27.75,0.16785270690048892,27.270599935,27.9
2011-12-21,30.984999999999996,30.5697999,28.530001,27.9,-4.5,34.869999,27.28484994,1003550.0,1136470.0,30.5697999,27.57,0.15403939531349398,27.28484994,27.57
2011-12-22,30.800999949999998,30.569199920000003,28.620001,27.57,-3.6800010000000007,34.869999,27.30364994,1031430.0,1134190.0,30.569199920000003,27.57,0.16241109930561226,27.30364994,27.77
2011-12-23,30.61299995,30.5683999,28.0,27.77,-3.7600000000000016,34.869999,27.32279994,1049020.0,1125148.0,30.5683999,27.57,0.16785270690048915,27.32279994,27.9
2011-12-27,30.413499899999998,30.57879992,27.75,27.9,-3.9900009999999995,34.869999,27.349399939999998,1053835.0,1112688.0,30.57879992,27.57,0.19589791527408518,27.349399939999998,28.57
2011-12-28,30.2514999,30.60059992,27.9,28.57,-3.2399999999999984,34.869999,27.377199935,1053040.0,1109102.0,30.60059992,27.57,0.1933864040764497,27.377199935,28.51
2011-12-29,30.0509998,30.60839992,27.57,28.51,-4.0100019999999965,34.869999,27.406749934999997,1039435.0,1098872.0,30.60839992,27.57,0.20259527846777958,27.406749934999997,28.73
2011-12-30,29.848999850000002,30.6281999,27.77,28.73,-4.039998999999998,34.869999,27.435499935,1004915.0,1089810.0,30.6281999,27.57,0.19547928821595928,27.435499935,28.559999
2012-01-04,29.252499949999997,30.636599859999997,28.57,28.08,-6.709999,34.869999,27.485999935,984680.0,1078128.0,30.636599859999997,27.57,0.1598995462494568,27.485999935,27.709999
2012-01-05,28.86500005,30.6079999,28.51,27.709999,-7.7499980000000015,34.189999,27.510649934999996,987365.0,1079426.0,30.6079999,27.120001,0.13520310318974804,27.510649934999996,27.120001
2012-01-06,28.5010001,30.5811999,28.73,27.120001,-7.279999,31.040001,27.534149940000002,1002965.0,1086064.0,30.5811999,26.91,0.12641277213950408,27.534149940000002,26.91
2012-01-09,28.31900015,30.5665999,28.559999,26.91,-3.6399989999999995,31.040001,27.558749940000002,882525.0,1093794.0,30.5665999,26.91,0.14064466892610517,27.558749940000002,27.25
2012-01-10,28.148000149999994,30.54379992,28.08,27.25,-3.4200000000000017,30.41,27.583099945,854140.0,1089842.0,30.54379992,26.91,0.15613236317004375,27.583099945,27.620001
2012-01-11,28.03900015,30.5109999,27.709999,27.620001,-2.1799999999999997,29.450001,27.607999945000003,849820.0,1078008.0,30.5109999,26.91,0.18166601848748432,27.607999945000003,28.23
2012-01-12,27.9790001,30.488599880000002,27.120001,28.23,-1.2000010000000003,28.73,27.629649945,836580.0,1069914.0,30.488599880000002,26.91,0.18250318888669614,27.629649945,28.25
2012-01-13,27.692000099999994,30.366799920000002,26.91,28.25,-5.739999999999998,28.73,27.625049955000005,1053405.0,1167218.0,30.366799920000002,22.790001,-0.04604428823961082,27.625049955000005,22.790001
2012-01-17,27.591000049999998,30.32459994,27.25,22.790001,-2.020000999999997,28.73,27.619299955000002,1250970.0,1242744.0,30.32459994,22.790001,0.11343663095172118,27.619299955000002,26.6
2012-01-18,27.5315,30.21159994,27.620001,26.6,-1.1900009999999988,28.73,27.62004995,1262495.0,1217754.0,30.21159994,22.790001,0.1222268782849254,27.62004995,26.809999
2012-01-19,27.482,30.10059992,28.23,26.809999,-0.9899999999999984,28.73,27.62469995,1275460.0,1182022.0,30.10059992,22.790001,0.12013399414541581,27.62469995,26.76
2012-01-20,27.417,30.007199919999998,28.25,26.76,-1.2999999999999972,28.73,27.624199944999997,1266410.0,1169942.0,30.007199919999998,22.790001,0.11343663095172118,27.624199944999997,26.6
2012-01-23,27.377000000000002,29.90579992,22.790001,26.6,-0.8000000000000007,28.73,27.625599944999998,1210865.0,1158476.0,29.90579992,22.790001,0.12055257934502173,27.625599944999998,26.77
2012-01-24,27.359499999999997,29.83659994,26.6,26.77,-0.34999999999999787,28.73,27.626499945,1203295.0,1156562.0,29.83659994,22.790001,0.14776061731940593,27.626499945,27.42
2012-01-25,27.36299995,29.769399919999998,26.809999,27.42,0.06999900000000281,28.73,27.633899940000003,1204285.0,1153840.0,29.769399919999998,22.790001,0.170782761439211,27.633899940000003,27.969999
2012-01-26,27.3815,29.67539996,26.76,27.969999,0.37000099999999847,28.940001,27.652249944999998,1228965.0,1101896.0,29.67539996,22.790001,0.2113856095180242,27.652249944999998,28.940001
2012-01-27,27.422500000000003,29.59759994,26.6,28.940001,0.8199999999999967,29.33,27.675649945,1237625.0,1090350.0,29.59759994,22.790001,0.22771039044413488,27.675649945,29.33
2012-01-30,27.464500000000005,29.51039994,26.77,29.33,0.8399999999999999,29.57,27.698849944999996,1249665.0,1087110.0,29.51039994,22.790001,0.23775643523467682,27.698849944999996,29.57
2012-01-31,27.49000005,29.39299996,27.42,29.57,0.510000999999999,29.57,27.71849995,1280495.0,1069574.0,29.39299996,22.790001,0.21682717525438133,27.71849995,29.07
2012-02-02,27.6920001,29.264,28.940001,29.58,2.540001,30.25,27.764599945,1269030.0,1051110.0,29.264,22.790001,0.26622022880787855,27.764599945,30.25
2012-02-03,27.89350005,29.2518,29.33,30.25,4.029999,31.15,27.794549945,1256980.0,1045768.0,29.2518,22.790001,0.3038928967724104,27.794549945,31.15
2012-02-06,28.137999999999998,29.24639998,29.57,31.15,4.8899989999999995,31.799999,27.82479994,1240270.0,1044158.0,29.24639998,22.790001,0.3311008928882746,27.82479994,31.799999
2012-02-07,28.3555,29.24939996,29.07,31.799999,4.350000000000001,31.799999,27.849099940000002,1246500.0,1055554.0,29.24939996,22.790001,0.3227292307546763,27.849099940000002,31.6
2012-02-08,28.570999950000004,29.25479996,29.58,31.6,4.309999000000001,31.93,27.876799945000002,1244095.0,1063236.0,29.25479996,22.790001,0.33654254234167147,27.876799945000002,31.93
2012-02-09,28.78850005,29.25519998,30.25,31.93,4.350002,32.580002,27.905049955,1274335.0,1075154.0,29.25519998,22.790001,0.36375066403309564,27.905049955,32.580002
2012-02-10,28.93100005,29.24219998,31.15,32.580002,2.8500000000000014,32.580002,27.925149955000002,1331580.0,1100816.0,29.24219998,22.790001,0.30179997077438103,27.925149955000002,31.1
2012-02-13,29.366000000000003,29.21719994,31.799999,31.1,8.699998999999998,32.580002,27.944299955,1114455.0,1108768.0,29.21719994,26.6,0.31812479355901147,27.944299955,31.49
2012-02-14,29.6944999,29.228599940000002,31.6,31.49,6.569997999999998,33.169998,27.972149945,972415.0,1124380.0,29.228599940000002,26.6,0.3884470233757644,27.972149945,33.169998
2012-02-15,30.033999849999997,29.23459992,31.93,33.169998,6.789998999999998,33.599998,28.002899929999998,1047495.0,1163560.0,29.23459992,26.6,0.4064461869588185,28.002899929999998,33.599998
2012-02-16,30.404999849999996,29.22979996,32.580002,33.599998,7.419999999999998,34.18,28.039449925000003,1096165.0,1184752.0,29.22979996,26.6,0.4307242122530013,28.039449925000003,34.18
2012-02-17,30.823499899999995,29.2318,31.1,34.18,8.370001000000002,34.970001,28.080849925000003,1131885.0,1193250.0,29.2318,26.77,0.4637924848803885,28.080849925000003,34.970001
2012-02-21,31.209999899999996,29.23800002,31.49,34.970001,7.73,34.970001,28.121149920000004,1158945.0,1202480.0,29.23800002,27.42,0.44411893864039076,28.121149920000004,34.5
2012-02-22,31.54999995,29.304600060000002,33.169998,34.5,6.800001000000002,34.970001,28.15664992,1198775.0,1169456.0,29.304600060000002,27.969999,0.43239859490994537,28.15664992,34.220001
2012-02-23,31.877999949999996,29.37440002,33.599998,34.220001,6.559999999999995,34.970001,28.189749915000004,1209235.0,1161074.0,29.37440002,28.940001,0.4453746523806885,28.189749915000004,34.529999
2012-02-24,32.1184999,29.44120002,34.18,34.529999,4.809999000000001,34.970001,28.216849915,1193675.0,1165098.0,29.44120002,29.07,0.41272504866994764,28.216849915,33.75
2012-02-27,32.33299985,29.524599979999998,34.970001,33.75,4.289999000000002,34.970001,28.249599909999997,1186555.0,1157336.0,29.524599979999998,29.07,0.40728339921655077,28.249599909999997,33.619999
2012-02-28,32.5449999,29.63019998,34.5,33.619999,4.2400009999999995,34.970001,28.280299915,1180715.0,1146302.0,29.63019998,29.07,0.4152366017261029,28.280299915,33.810001
2012-02-29,32.7619999,29.72599996,34.220001,33.810001,4.339999999999996,34.970001,28.30959992,1159680.0,1143010.0,29.72599996,29.58,0.39849315188334633,28.30959992,33.41
2012-03-02,33.19299995,29.979999980000002,33.75,34.41,3.7900009999999966,34.970001,28.389049930000002,1155910.0,1127746.0,29.979999980000002,31.1,0.42486406131703847,28.389049930000002,34.040001
2012-03-05,33.32399995,30.09739998,33.619999,34.040001,2.6200000000000045,34.970001,28.42614993,1141035.0,1120220.0,30.09739998,31.1,0.41356221906915924,28.42614993,33.77
2012-03-06,33.38950005,30.2082,33.810001,33.77,1.3100019999999972,34.970001,28.45069993,1137120.0,1097586.0,30.2082,31.1,0.3859356377536889,28.45069993,33.110001
2012-03-07,33.4655,30.315199980000003,33.41,33.110001,1.5199989999999985,34.970001,28.476449930000005,1104285.0,1084696.0,30.315199980000003,31.1,0.38635413923625483,28.476449930000005,33.119999
2012-03-08,33.522499999999994,30.41859998,34.41,33.119999,1.1400000000000006,34.970001,28.507699929999998,1104765.0,1085534.0,30.41859998,31.1,0.38426125509674525,28.507699929999998,33.07
2012-03-09,33.6305,30.54200002,34.040001,33.07,2.1599999999999966,34.970001,28.547799944999998,1118580.0,1101052.0,30.54200002,31.1,0.454165067147972,28.547799944999998,34.740002
2012-03-12,33.8759999,30.691999980000002,33.77,34.740002,4.909998000000002,36.009998,28.582949935000002,1123035.0,1128814.0,30.691999980000002,31.49,0.5073252200638432,28.582949935000002,36.009998
2012-03-13,34.1059999,30.83919998,33.110001,36.009998,4.600000000000005,36.09,28.615999935,1115220.0,1139082.0,30.83919998,33.07,0.5106739853777305,28.615999935,36.09
2012-03-14,34.21200005,30.97380002,33.119999,36.09,2.120002999999997,36.09,28.644699945,1067255.0,1149316.0,30.97380002,33.07,0.4771872112677773,28.644699945,35.290001
2012-03-15,34.28200015,31.11220002,33.07,35.290001,1.4000020000000006,36.09,28.668999949999996,957745.0,1142186.0,31.11220002,33.07,0.465048198620686,28.668999949999996,35.0
2012-03-16,34.339000150000004,31.26440004,34.740002,35.0,1.1400000000000006,36.09,28.702999950000002,883225.0,1144170.0,31.26440004,33.07,0.47844292500807506,28.702999950000002,35.32
2012-03-19,34.339500099999995,31.42160002,36.009998,35.32,0.00999899999999343,36.09,28.73409995,865170.0,1144372.0,31.42160002,33.07,0.464211028221474,28.73409995,34.98
2012-03-20,34.36250005,31.582600000000003,36.09,34.98,0.4599990000000034,36.09,28.758249950000003,836730.0,1135986.0,31.582600000000003,33.07,0.4633738159637424,28.758249950000003,34.959999
2012-03-21,34.4090001,31.74060004,35.290001,34.959999,0.9300009999999972,36.09,28.790499955,784360.0,1130190.0,31.74060004,33.07,0.4713270603318145,28.790499955,35.150002
2012-03-22,34.40250025,31.876200060000002,35.0,35.150002,-0.12999699999999592,36.09,28.82064996,769460.0,1127202.0,31.876200060000002,33.07,0.43993317036137114,28.82064996,34.400002
2012-03-23,34.41900035,31.9932001,35.32,34.400002,0.33000200000000035,36.09,28.855449965,779995.0,1137168.0,31.9932001,33.07,0.4265384439739821,28.855449965,34.080002
2012-03-26,34.6080005,32.17620014,34.98,34.080002,3.7800030000000007,37.400002,28.904349970000002,906720.0,1185392.0,32.17620014,33.07,0.5655087302431445,28.904349970000002,37.400002
2012-03-27,34.8145004,32.4792001,34.959999,37.400002,4.1299980000000005,37.939999,28.954749960000004,1003070.0,1126168.0,32.4792001,33.07,0.5881122054463037,28.954749960000004,37.939999
2012-03-28,35.0365003,32.70420006,35.150002,37.939999,4.439998000000003,37.939999,29.00184995,1024035.0,1052236.0,32.70420006,33.07,0.5843448967913305,29.00184995,37.849998
2012-03-29,35.1825004,32.91460012,34.400002,37.849998,2.9200020000000038,37.939999,29.045499959999997,1028680.0,1042960.0,32.91460012,33.07,0.5625786338459031,29.045499959999997,37.330002
2012-03-30,35.34250045,33.12420016,34.080002,37.330002,3.2000010000000003,37.939999,29.09509997,1045500.0,1035762.0,33.12420016,33.07,0.5588113670494499,29.09509997,37.240002
2012-04-03,35.7280004,33.54860016,37.939999,36.580002,4.899997000000006,38.009998,29.203049970000002,1099795.0,1053158.0,33.54860016,33.07,0.5910422599850254,29.203049970000002,38.009998
2012-04-04,35.82200045,33.70020016,37.849998,38.009998,1.880001,38.009998,29.247999970000002,1305640.0,1125634.0,33.70020016,33.07,0.465048198620686,29.247999970000002,35.0
2012-04-05,35.89250045,33.83040018,37.330002,35.0,1.4099999999999966,38.009998,29.282749964999997,1349445.0,1143598.0,33.83040018,34.080002,0.4432817682411787,29.282749964999997,34.48
2012-04-09,35.81300045,33.9146002,37.240002,34.48,-1.5899999999999963,38.009998,29.31244998,1354560.0,1151290.0,33.9146002,33.150002,0.38761002041063275,29.31244998,33.150002
2012-04-10,35.6355005,33.97720018,36.580002,33.150002,-3.5499989999999997,38.009998,29.33619998,1348780.0,1173276.0,33.97720018,32.459999,0.35872751606226516,29.33619998,32.459999
2012-04-11,35.4855005,34.047600179999996,38.009998,32.459999,-3.0,38.009998,29.36379998,1353975.0,1180806.0,34.047600179999996,32.459999,0.3850984254959575,29.36379998,33.09
2012-04-12,35.3930004,34.13500016,35.0,33.09,-1.8500019999999964,38.009998,29.39369998,1363095.0,1182356.0,34.13500016,32.459999,0.3997488656236441,29.39369998,33.439999
2012-04-13,35.3225004,34.21520016,34.48,33.439999,-1.4099999999999966,38.009998,29.421099975,1366995.0,1184884.0,34.21520016,32.459999,0.406027685476253,29.421099975,33.59
2012-04-16,35.1690004,34.25520016,33.150002,33.59,-3.0700000000000003,38.009998,29.44089997,1385510.0,1190762.0,34.25520016,32.25,0.34993726872906095,29.44089997,32.25
2012-04-17,35.0320005,34.2770002,32.459999,32.25,-2.739998,38.009998,29.456449985,1390505.0,1197782.0,34.2770002,32.240002,0.3495187672464948,29.456449985,32.240002
2012-04-18,34.91700055,34.29420022,33.09,32.240002,-2.299999000000007,38.009998,29.474649985,1403310.0,1201202.0,34.29420022,32.240002,0.3670992619129032,29.474649985,32.66
2012-04-19,34.81750045,34.32540022,33.439999,32.66,-1.990002000000004,38.009998,29.49474999,1411695.0,1196268.0,34.32540022,32.240002,0.3880285218931987,29.49474999,33.16
2012-04-20,34.75550035,34.35000022,33.59,33.16,-1.240002000000004,38.009998,29.515749995,1426665.0,1200230.0,34.35000022,32.240002,0.3880285218931987,29.515749995,33.16
2012-04-23,34.6485003,34.3372002,32.25,33.16,-2.1400010000000016,38.009998,29.5268,1412675.0,1192504.0,34.3372002,31.940001,0.3369611693997978,29.5268,31.940001
2012-04-24,34.3695002,34.3516002,32.240002,31.940001,-5.580002,38.009998,29.541850005,1289375.0,1168510.0,34.3516002,31.82,0.33193810514600686,29.541850005,31.82
2012-04-25,34.11800025,34.3800002,32.66,31.82,-5.029999000000004,38.009998,29.564650004999997,1198025.0,1159596.0,34.3800002,31.82,0.37756389190305084,29.564650004999997,32.91
2012-04-26,33.90000045,34.38640028,33.16,32.91,-4.359996000000002,38.009998,29.591250015,1171540.0,1131886.0,34.38640028,31.82,0.4018419171972336,29.591250015,33.490002
2012-04-27,33.70050035,34.38120032,33.16,33.490002,-3.990001999999997,38.009998,29.614750019999995,1161270.0,1088470.0,34.38120032,31.82,0.39556305548610515,29.614750019999995,33.34
2012-04-30,33.4950003,34.36020034,31.940001,33.34,-4.110000999999997,38.009998,29.64235002,1137645.0,1052354.0,34.36020034,31.82,0.38677280815290094,29.64235002,33.130001
2012-05-02,33.1515002,34.32520028,32.91,33.779999,-4.069999000000003,35.0,29.70690001,1089125.0,1025230.0,34.32520028,31.82,0.42067812560394,29.70690001,33.939999
2012-05-03,33.02450015,34.29000024,33.490002,33.939999,-2.5400009999999966,34.48,29.729750010000004,907100.0,1008964.0,34.29000024,31.82,0.3587275160622654,29.729750010000004,32.459999
2012-05-04,32.89200015,34.23600026,33.34,32.459999,-2.6499999999999986,33.939999,29.745450005000002,894005.0,1017506.0,34.23600026,31.82,0.33235669034561277,29.745450005000002,31.83
2012-05-07,32.858000100000005,34.21040028,33.130001,31.83,-0.6800009999999972,33.939999,29.764300005,869120.0,1021468.0,34.21040028,31.82,0.35914618497891104,29.764300005,32.470001
2012-05-08,32.7445002,34.14180032,33.779999,32.470001,-2.2699980000000046,33.939999,29.768800005,931595.0,1071292.0,34.14180032,30.190001,0.26370875946876327,29.768800005,30.190001
2012-05-09,32.59300015,34.066800279999995,33.939999,30.190001,-3.030001000000002,33.939999,29.77665,973715.0,1098006.0,34.066800279999995,30.059999,0.25826706815684664,29.77665,30.059999
2012-05-10,32.56900015,34.05780026,32.459999,30.059999,-0.4799999999999969,33.939999,29.801449995000002,1199835.0,1198418.0,34.05780026,30.059999,0.37965677604256065,29.801449995000002,32.959999
2012-05-11,32.50200015,34.01460026,31.83,32.959999,-1.3400000000000034,33.939999,29.824500000000004,1228420.0,1208774.0,34.01460026,30.059999,0.3499372687290607,29.824500000000004,32.25
2012-05-14,32.3925001,33.93500022,32.470001,32.25,-2.1900009999999988,33.939999,29.833949994999998,1242485.0,1225392.0,33.93500022,30.059999,0.2582670681568464,29.833949994999998,30.059999
2012-05-15,32.251999999999995,33.848200219999995,30.190001,30.059999,-2.8100019999999972,33.939999,29.840249995,1265995.0,1247766.0,33.848200219999995,29.43,0.23189624244019402,29.840249995,29.43
2012-05-16,32.078,33.7696002,30.059999,29.43,-3.479999999999997,33.939999,29.842299995000005,1287695.0,1261432.0,33.7696002,29.18,0.2214316124500464,29.842299995000005,29.18
2012-05-17,31.8485,33.67860022,32.959999,29.18,-4.589999999999996,33.939999,29.848449995,1306400.0,1277114.0,33.67860022,28.57,0.19589791527408584,29.848449995,28.57
2012-05-18,31.56849995,33.5684002,32.25,28.57,-5.600000999999995,33.939999,29.850249985,1346135.0,1296778.0,33.5684002,27.559999,0.15362076825536897,29.850249985,27.559999
2012-05-21,31.409999900000003,33.44900016,30.059999,27.559999,-3.170000999999999,33.939999,29.870349985000004,1375355.0,1295214.0,33.44900016,27.559999,0.2042696192662039,29.870349985000004,28.77
2012-05-22,31.358999849999996,33.34480018,29.43,28.77,-1.0200010000000006,33.939999,29.903149980000002,1459940.0,1303272.0,33.34480018,27.559999,0.2892423729276836,29.903149980000002,30.799999
2012-05-23,31.26449985,33.24340018,29.18,30.799999,-1.889999999999997,33.939999,29.940049985,1485350.0,1307648.0,33.24340018,27.559999,0.2984512891775335,29.940049985,31.02
2012-05-24,31.103999800000004,33.14320018,28.57,31.02,-3.2100009999999983,33.939999,29.966149995000002,1517865.0,1312130.0,33.14320018,27.559999,0.26747602626521605,29.966149995000002,30.280001
2012-05-25,30.92749975,33.03940016,27.559999,30.280001,-3.530001000000002,33.939999,29.996099989999998,1526165.0,1315838.0,33.03940016,27.559999,0.24780243816669856,29.996099989999998,29.809999
2012-05-29,30.85549975,32.96680018,28.77,29.809999,-1.4400000000000013,33.939999,30.028049999999997,1587970.0,1334252.0,32.96680018,27.559999,0.3264965394096495,30.028049999999997,31.690001
2012-05-30,30.686999800000002,32.87540018,30.799999,31.690001,-3.3699989999999964,33.939999,30.048550004999996,1620380.0,1340084.0,32.87540018,27.559999,0.2729175920015732,30.048550004999996,30.41
2012-05-31,30.464999850000005,32.7662002,31.02,30.41,-4.439999,32.959999,30.064900005,1651450.0,1351118.0,32.7662002,27.559999,0.2348263388374352,30.064900005,29.5
2012-06-04,30.051999849999998,32.495800100000004,29.809999,28.15,-3.9500009999999968,32.959999,30.0854,1642845.0,1366860.0,32.495800100000004,27.559999,0.16701549464275778,30.0854,27.879999
2012-06-05,29.823999799999996,32.37240006,31.690001,27.879999,-4.560001000000003,32.959999,30.10365,1616490.0,1356066.0,32.37240006,27.559999,0.1682712921000955,30.10365,27.91
2012-06-06,29.7754997,32.208800000000004,30.41,27.91,-0.9700019999999974,32.959999,30.13825,1507125.0,1311454.0,32.208800000000004,27.559999,0.22310591138994962,30.13825,29.219999
2012-06-07,29.718999750000002,32.02860002,29.5,29.219999,-1.1299990000000015,32.959999,30.173149995,1434335.0,1270512.0,32.02860002,27.559999,0.2109669824598981,30.173149995,28.93
2012-06-08,29.5749998,31.873200060000002,28.15,28.93,-2.879999000000005,32.25,30.20875,1200575.0,1269034.0,31.873200060000002,27.559999,0.2591042804145778,30.20875,30.08
2012-06-11,29.41849985,31.70900004,27.879999,30.08,-3.1299990000000015,31.690001,30.235,1171310.0,1265826.0,31.70900004,27.559999,0.21892014311093044,30.235,29.120001
2012-06-12,29.398499899999997,31.557399999999998,27.91,29.120001,-0.3999990000000011,31.690001,30.267749995,1130715.0,1259478.0,31.557399999999998,27.559999,0.24152370203112983,30.267749995,29.66
2012-06-13,29.415499900000004,31.42119996,29.219999,29.66,0.33999999999999986,31.690001,30.297949995,1093635.0,1255788.0,31.42119996,27.559999,0.24612813922679488,30.297949995,29.77
2012-06-14,29.42599985,31.248799979999998,28.93,29.77,0.20999899999999982,31.690001,30.321349994999995,1074390.0,1251270.0,31.248799979999998,27.559999,0.23022185978325038,30.321349994999995,29.389999
2012-06-15,29.49299985,31.14699998,30.08,29.389999,1.3399999999999999,31.690001,30.34775,1049280.0,1174570.0,31.14699998,27.559999,0.2519883320212779,30.34775,29.91
2012-06-18,29.7069999,31.09419998,29.120001,29.91,4.280000999999999,31.84,30.383249999999997,1031295.0,1169518.0,31.09419998,27.879999,0.3327752755452187,30.383249999999997,31.84
2012-06-19,29.872999899999996,31.07299994,29.66,31.84,3.320000000000004,32.09,30.4237,1003090.0,1154626.0,31.07299994,27.879999,0.34323990553536654,30.4237,32.09
2012-06-20,30.021999900000004,31.099399939999998,29.77,32.09,2.979999999999997,33.779999,30.477249995,1055900.0,1186120.0,31.099399939999998,27.879999,0.4139807624102452,30.477249995,33.779999
2012-06-21,30.080499850000002,31.081399920000003,29.389999,33.779999,1.1699990000000007,33.779999,30.523499985000004,1089475.0,1201848.0,31.081399920000003,27.879999,0.3474257156729055,30.523499985000004,32.189999
2012-06-22,30.255999849999995,31.088399959999997,29.91,32.189999,3.509999999999998,33.790001,30.57324999,1188025.0,1242102.0,31.088399959999997,27.879999,0.41439943132689105,30.57324999,33.790001
2012-06-25,30.42099995,31.07879998,31.84,33.790001,3.3000019999999957,33.790001,30.62074999,1225100.0,1259080.0,31.07879998,27.879999,0.3859356377536891,30.62074999,33.110001
2012-06-26,30.416999949999997,31.066,32.09,33.110001,-0.0799999999999983,33.790001,30.66395,1273295.0,1289366.0,31.066,27.879999,0.32314785781280264,30.66395,31.610001
2012-06-27,30.4944999,31.060399939999996,33.779999,31.610001,1.5499989999999997,33.790001,30.70935,1260295.0,1288000.0,31.060399939999996,27.879999,0.33779825608196945,30.70935,31.959999
2012-06-28,30.5899999,31.035399939999998,32.189999,31.959999,1.9100000000000001,33.790001,30.746,1250065.0,1289820.0,31.035399939999998,27.879999,0.3147761119621644,30.746,31.41
2012-06-29,30.746999949999996,30.99799996,33.790001,31.41,3.1400010000000016,33.790001,30.780750005,1262065.0,1296838.0,30.99799996,27.879999,0.3097531314254134,30.780750005,31.290001
2012-07-03,31.0105,30.91719994,31.610001,30.4,2.75,33.790001,30.83295001,1292105.0,1307838.0,30.91719994,28.93,0.28338222199172103,30.83295001,30.66
2012-07-05,31.11100005,30.905399940000002,31.959999,30.66,2.010000999999999,33.790001,30.86025001,1309300.0,1319424.0,30.905399940000002,28.93,0.3072415783692579,30.86025001,31.23
2012-07-06,31.21400005,30.86699994,31.41,31.23,2.0599999999999987,33.790001,30.885150010000004,1323920.0,1320870.0,30.86699994,29.120001,0.297195533578716,30.885150010000004,30.99
2012-07-09,31.284500050000002,30.8269999,31.290001,30.99,1.4100000000000001,33.790001,30.91335001,1325390.0,1330574.0,30.8269999,29.120001,0.31812479355901147,30.91335001,31.49
2012-07-10,31.392000000000003,30.7855999,30.4,31.49,2.149999000000001,33.790001,30.941550015000004,1331510.0,1333922.0,30.7855999,29.389999,0.3089159191676816,30.941550015000004,31.27
2012-07-11,31.484500000000004,30.75319988,30.66,31.27,1.8500000000000014,33.790001,30.96720002,1334990.0,1338416.0,30.75319988,29.389999,0.31896196395822374,30.96720002,31.51
2012-07-12,31.631000049999994,30.731599919999997,31.23,31.51,2.9300010000000007,33.790001,31.003100025,1349070.0,1347750.0,30.731599919999997,29.389999,0.36877364456984685,31.003100025,32.700001
2012-07-13,31.874000099999996,30.73779994,30.99,32.700001,4.8600010000000005,34.25,31.04340002,1370700.0,1363900.0,30.73779994,29.91,0.4336543086502431,31.04340002,34.25
2012-07-16,32.17650005,30.80779994,31.49,34.25,6.049999000000003,35.959999,31.100250015,1425560.0,1381954.0,30.80779994,30.4,0.5052323359243338,31.100250015,35.959999
2012-07-17,32.25199995,30.8381999,31.27,35.959999,1.5099979999999995,35.959999,31.1464,1491185.0,1408390.0,30.8381999,30.4,0.3959815569686711,31.1464,33.349998
2012-07-18,32.25500005,30.83179992,31.51,33.349998,0.060001999999997224,35.959999,31.185200015,1589725.0,1442868.0,30.83179992,30.4,0.34575150045004177,31.185200015,32.150002
2012-07-19,32.1795001,30.8733999,32.700001,32.150002,-1.5099989999999934,35.959999,31.227900015,1490400.0,1409642.0,30.8733999,30.4,0.3507744391282728,31.227900015,32.27
2012-07-20,32.159500200000004,30.90799994,34.25,32.27,-0.3999980000000001,35.959999,31.268550020000003,1474230.0,1402054.0,30.90799994,30.4,0.3306823914057089,31.268550020000003,31.790001
2012-07-23,32.003000150000005,30.86199996,35.959999,31.790001,-3.1300009999999965,35.959999,31.295000015,1391240.0,1318664.0,30.86199996,30.4,0.28338222199172103,31.295000015,30.66
2012-07-24,31.839500100000002,30.813799959999997,33.349998,30.66,-3.270000999999997,35.959999,31.30940002,1391330.0,1324244.0,30.813799959999997,29.84,0.24905823562403628,31.30940002,29.84
2012-07-25,31.7065001,30.791600000000003,32.150002,29.84,-2.66,35.959999,31.319200025,1402745.0,1353470.0,30.791600000000003,28.950001,0.21180419471763035,31.319200025,28.950001
2012-07-26,31.515000099999998,30.76559998,32.27,28.950001,-3.8299999999999983,35.959999,31.320450025,1463500.0,1367002.0,30.76559998,28.129999,0.17748012463290586,31.320450025,28.129999
2012-07-27,31.4200001,30.77219998,31.790001,28.129999,-1.8999999999999986,35.959999,31.329950020000002,1501445.0,1375320.0,30.77219998,28.129999,0.23524492403704134,31.329950020000002,29.51
2012-07-30,31.223000050000003,30.74779998,30.66,29.51,-3.9400009999999988,35.959999,31.327700025,1548415.0,1393644.0,30.74779998,27.35,0.14483052092216475,31.327700025,27.35
2012-07-31,31.074000050000002,30.745,29.84,27.35,-2.979999999999997,35.959999,31.32510002,1561390.0,1392816.0,30.745,27.35,0.14776061731940615,31.32510002,27.42
2012-08-02,30.59700005,30.600600019999998,28.129999,26.25,-5.129999999999999,35.959999,31.309500025000002,1596220.0,1373936.0,30.600600019999998,26.1,0.09250737097142592,31.309500025000002,26.1
2012-08-03,30.411000050000002,30.52560002,29.51,26.1,-3.719999999999999,35.959999,31.304150025,1617470.0,1373718.0,30.52560002,26.1,0.14148183932531744,31.304150025,27.27
2012-08-06,30.25000005,30.4854,27.35,27.27,-3.219999999999999,35.959999,31.307650025,1648355.0,1382770.0,30.4854,26.1,0.18334035928590842,31.307650025,28.27
2012-08-07,30.199000050000002,30.494200019999997,27.42,28.27,-1.0199999999999996,35.959999,31.322200025,1729795.0,1415374.0,30.494200019999997,26.1,0.26622022880787855,31.322200025,30.25
2012-08-08,30.078000049999996,30.442200000000003,26.25,30.25,-2.4200000000000017,35.959999,31.327500020000002,1763310.0,1408552.0,30.442200000000003,26.1,0.21766434565359294,31.327500020000002,29.09
2012-08-09,29.913500000000006,30.422199999999997,26.1,29.09,-3.290001,35.959999,31.331800025000003,1740655.0,1395860.0,30.422199999999997,26.1,0.23105907204098197,31.331800025000003,29.41
2012-08-10,29.69800005,30.431000020000003,27.27,29.41,-4.309999000000001,35.959999,31.340250030000004,1710785.0,1387634.0,30.431000020000003,26.1,0.2532441294786152,31.340250030000004,29.940001
2012-08-13,29.458500100000002,30.491400019999997,28.27,29.940001,-4.789999000000002,33.349998,31.35620003,1667090.0,1387320.0,30.491400019999997,26.1,0.30473006717162243,31.35620003,31.17
2012-08-14,29.2620002,30.522200039999998,30.25,31.17,-3.9299979999999977,32.27,31.359500030000003,1578295.0,1382570.0,30.522200039999998,26.1,0.2314776572405881,31.359500030000003,29.42
2012-08-15,29.1245001,30.552000040000003,29.09,29.42,-2.750002000000002,32.27,31.357150025,1460470.0,1380460.0,30.552000040000003,26.1,0.23064048684137628,31.357150025,29.4
2012-08-16,29.026000050000004,30.573600039999995,29.41,29.4,-1.9700010000000034,31.790001,31.361800015,1422125.0,1375642.0,30.573600039999995,26.1,0.26831311294738835,31.361800015,30.299999
2012-08-17,28.937,30.595200039999998,29.940001,30.299999,-1.7800009999999986,31.17,31.36745002,1369110.0,1375964.0,30.595200039999998,26.1,0.25617418401733705,31.36745002,30.01
2012-08-20,28.8795,30.583800039999996,31.17,30.01,-1.1499999999999986,31.17,31.371450024999998,1358725.0,1381924.0,30.583800039999996,26.1,0.23524492403704156,31.371450024999998,29.51
2012-08-21,28.84300005,30.583600039999997,29.42,29.51,-0.7299989999999994,31.17,31.354700035,1321790.0,1384436.0,30.583600039999997,26.1,0.21850155791132497,31.354700035,29.110001
2012-08-22,28.89300005,30.589400060000003,29.4,29.110001,1.0,31.17,31.342900035000003,1218455.0,1388566.0,30.589400060000003,26.1,0.2536627146782213,31.342900035000003,29.950001
2012-08-23,29.0230001,30.608600060000004,30.299999,29.950001,2.600000999999999,31.17,31.340200035,1178890.0,1401104.0,30.608600060000004,26.1,0.28631231838896243,31.340200035,30.73
2012-08-24,29.022500100000002,30.610800080000004,30.01,30.73,-0.010000000000001563,31.17,31.328500035,1166710.0,1412248.0,30.610800080000004,26.1,0.23482633883743542,31.328500035,29.5
2012-08-27,29.071000100000003,30.57900008,29.51,29.5,0.9699999999999989,31.17,31.315700039999996,1130970.0,1426320.0,30.57900008,26.1,0.185433285283938,31.315700039999996,28.32
2012-08-28,29.134500149999997,30.5160001,29.110001,28.32,1.270000999999997,31.17,31.302500045,1122350.0,1429238.0,30.5160001,26.1,0.20092097952787635,31.302500045,28.690001
2012-08-29,29.24250015,30.4424001,29.950001,28.690001,2.16,31.17,31.27635005,1084680.0,1427794.0,30.4424001,26.1,0.189200552080391,31.27635005,28.41
2012-08-30,29.358000150000002,30.33500012,30.73,28.41,2.3099999999999987,31.17,31.252300045000002,1052245.0,1372474.0,30.33500012,27.27,0.189200552080391,31.252300045000002,28.41
2012-08-31,29.42050015,30.261600139999995,29.5,28.41,1.25,31.17,31.225250045,1018760.0,1345432.0,30.261600139999995,28.27,0.19380498927605605,31.225250045,28.52
2012-09-05,29.298500150000002,30.045200100000002,28.690001,28.139999,-2.3099990000000012,31.17,31.16255005,892580.0,1282366.0,30.045200100000002,27.940001,0.16952708955743323,31.16255005,27.940001
2012-09-06,29.271500100000004,29.98400006,28.41,27.940001,-0.5400010000000002,31.17,31.142300054999996,869220.0,1246922.0,29.98400006,27.940001,0.1950607030163538,31.142300054999996,28.549999
2012-09-07,29.2685001,29.931800080000002,28.41,28.549999,-0.05999999999999872,31.17,31.130250055,883250.0,1245042.0,29.931800080000002,27.940001,0.2285475608433467,31.130250055,29.35
2012-09-10,29.1400001,29.8510001,28.52,29.35,-2.5700000000000003,31.17,31.10675006,922045.0,1256426.0,29.8510001,27.370001,0.14566773317989634,31.10675006,27.370001
2012-09-11,28.971500049999996,29.78120006,28.139999,27.370001,-3.370001000000002,30.73,31.088500049999997,929285.0,1254208.0,29.78120006,27.370001,0.1636668130459107,31.088500049999997,27.799999
2012-09-12,28.914500099999998,29.73880008,27.940001,27.799999,-1.139999000000003,30.73,31.071600054999998,946875.0,1250800.0,29.73880008,27.370001,0.18375898634403431,31.071600054999998,28.280001
2012-09-13,28.9185001,29.71520008,28.549999,28.280001,0.08000000000000185,30.73,31.056200049999998,994840.0,1261554.0,29.71520008,27.370001,0.2339891684382236,31.056200049999998,29.48
2012-09-14,28.923000099999996,29.698400059999997,29.35,29.48,0.08999999999999986,30.73,31.049400045,1038220.0,1267210.0,29.698400059999997,27.370001,0.27208037974384136,31.049400045,30.389999
2012-09-17,29.04950015,29.72940008,27.370001,30.389999,2.530000999999995,32.540001,31.04840004,1173450.0,1315776.0,29.72940008,27.370001,0.362076281376152,31.04840004,32.540001
2012-09-18,29.141000149999996,29.726400079999998,27.799999,32.540001,1.8299999999999983,32.540001,31.04210005,1203920.0,1333336.0,29.726400079999998,27.370001,0.311846015564923,31.04210005,31.34
2012-09-19,29.23800005,29.72200006,28.280001,31.34,1.9399979999999992,32.540001,31.030850049999998,1218265.0,1339138.0,29.72200006,27.370001,0.2997070029178317,31.030850049999998,31.049999
2012-09-20,29.285500000000003,29.70980006,29.48,31.049999,0.9499989999999983,32.540001,31.013250059999997,1225110.0,1344614.0,29.70980006,27.370001,0.29342826678226297,31.013250059999997,30.9
2012-09-21,29.25,29.65620004,30.389999,30.9,-0.7100000000000009,32.540001,30.989000065,1245060.0,1359500.0,29.65620004,27.370001,0.25659276921694296,30.989000065,30.02
2012-09-24,29.308,29.584400040000002,32.540001,30.02,1.1600000000000001,32.540001,30.97135007,1238685.0,1359442.0,29.584400040000002,27.370001,0.2833822219917215,30.97135007,30.66
2012-09-25,29.275,29.41840006,31.34,30.66,-0.6600000000000001,32.540001,30.955200074999997,1455185.0,1438170.0,29.41840006,27.370001,0.15780666210994831,30.955200074999997,27.66
2012-09-26,29.2175,29.30220012,31.049999,27.66,-1.1499999999999986,32.540001,30.937700075,1461410.0,1417328.0,29.30220012,27.370001,0.15278368157319733,30.937700075,27.540001
2012-09-27,29.221500000000002,29.229000079999995,30.9,27.540001,0.0799999999999983,32.540001,30.928100074999996,1507395.0,1394862.0,29.229000079999995,27.370001,0.19254923367723875,30.928100074999996,28.49
2012-09-28,29.265000049999998,29.169200099999998,30.02,28.49,0.8700009999999985,32.540001,30.927250074999996,1691745.0,1453012.0,29.169200099999998,27.370001,0.22561750630462551,30.927250074999996,29.280001
2012-10-02,29.38000005,29.099400059999997,27.66,29.16,1.6600000000000001,32.540001,30.936300059999997,1707800.0,1426174.0,29.099400059999997,27.370001,0.24738385296709287,30.936300059999997,29.799999
2012-10-03,29.447999949999996,29.088600040000003,27.540001,29.799999,1.359998000000001,32.540001,30.942800055000003,1728475.0,1417224.0,29.088600040000003,27.370001,0.22645459298679738,30.942800055000003,29.299999
2012-10-04,29.490499999999997,29.09760002,28.49,29.299999,0.8500009999999989,32.540001,30.951050055,1763455.0,1391206.0,29.09760002,27.370001,0.23064048684137628,30.951050055,29.4
2012-10-05,29.467499949999997,29.112800019999998,29.280001,29.4,-0.4600010000000019,32.540001,30.956000049999997,1762725.0,1364732.0,29.112800019999998,27.370001,0.2092925998029549,30.956000049999997,28.889999
2012-10-08,29.561499899999994,29.10760002,29.16,28.889999,1.8799990000000015,32.540001,30.96440005,1733045.0,1349066.0,29.10760002,27.540001,0.2243617088472878,30.96440005,29.25
2012-10-09,29.589999999999996,29.128000040000003,29.799999,29.25,0.5700019999999988,32.540001,30.967400055000002,1741950.0,1331622.0,29.128000040000003,27.540001,0.18752625314048754,30.967400055000002,28.370001
2012-10-10,29.595999950000003,29.147600039999997,29.299999,28.370001,0.11999899999999997,32.540001,30.969900054999997,1709870.0,1310192.0,29.147600039999997,27.540001,0.1887819668807853,30.969900054999997,28.4
2012-10-11,29.53799995,29.18900004,29.4,28.4,-1.1600000000000001,32.540001,30.968650055,1658165.0,1287358.0,29.18900004,27.540001,0.1854332852839382,30.968650055,28.32
2012-10-12,29.40049995,29.21980002,28.889999,28.32,-2.75,32.540001,30.964300050000002,1630715.0,1281008.0,29.21980002,27.540001,0.15696944985221628,30.964300050000002,27.639999
2012-10-15,29.1399999,29.22100002,29.25,27.639999,-5.210000999999998,31.34,30.957300050000004,1543510.0,1286192.0,29.22100002,27.33,0.14399335052295292,30.957300050000004,27.33
2012-10-16,28.97599985,29.216800000000003,28.370001,27.33,-3.2800009999999986,31.049999,30.954800050000003,1478050.0,1265214.0,29.216800000000003,27.33,0.17455002823566468,30.954800050000003,28.059999
2012-10-17,28.8644999,29.188200000000002,28.4,28.059999,-2.2299989999999994,30.9,30.95850005,1459025.0,1230830.0,29.188200000000002,27.33,0.20636254526423392,30.95850005,28.82
2012-10-18,28.72149995,29.16720002,28.32,28.82,-2.8599989999999984,30.66,30.96015006,1450455.0,1219472.0,29.16720002,27.33,0.17371294155349282,30.96015006,28.040001
2012-10-19,28.607499949999998,29.133800020000002,27.639999,28.040001,-2.280000000000001,30.66,30.963250055000003,1408325.0,1226568.0,29.133800020000002,27.33,0.1611553437067954,30.963250055000003,27.74
2012-10-22,28.46699995,29.092,27.33,27.74,-2.8099999999999987,29.799999,30.967950054999996,1366740.0,1221824.0,29.092,27.33,0.16575978090246046,30.967950054999996,27.85
2012-10-23,28.503499899999998,29.036399980000002,28.059999,27.85,0.7299989999999994,29.799999,30.973650049999996,1120170.0,1219402.0,29.036399980000002,27.33,0.1883633398226594,30.973650049999996,28.389999
2012-10-24,28.497499849999997,28.99639998,28.82,28.389999,-0.12000099999999847,29.799999,30.972650045,1094630.0,1223862.0,28.99639998,27.33,0.14776061731940615,30.972650045,27.42
2012-10-25,28.44899985,28.95879998,28.040001,27.42,-0.9699999999999989,29.799999,30.969100045,1035585.0,1224908.0,28.95879998,27.33,0.15194646931546507,30.969100045,27.52
2012-10-26,28.353999750000003,28.900399980000003,27.74,27.52,-1.900001999999997,29.799999,30.96475004,842285.0,1221076.0,28.900399980000003,27.33,0.1460862346624625,30.96475004,27.379999
2012-10-31,28.302499700000006,28.862799960000004,27.85,27.379999,-1.0300009999999986,29.799999,30.991450029999996,836825.0,1226416.0,28.862799960000004,27.33,0.17748012463290586,30.991450029999996,28.129999
2012-11-02,28.2559998,28.853799940000002,27.42,29.25,-0.379998999999998,29.4,31.015250034999998,850455.0,1228690.0,28.853799940000002,27.33,0.21054839726029284,31.015250034999998,28.92
2012-11-05,28.360999800000002,28.88479992,27.52,28.92,2.1000000000000014,31.5,31.038950035,875835.0,1254158.0,28.88479992,27.33,0.3185433787586176,31.038950035,31.5
2012-11-06,28.473999850000002,28.893199919999997,27.379999,31.5,2.260000999999999,31.5,31.061700035000005,945105.0,1271218.0,28.893199919999997,27.33,0.3038928967724106,31.061700035000005,31.15
2012-11-07,28.588499900000006,28.93399994,28.129999,31.15,2.290001,31.540001,31.085550039999998,986345.0,1276920.0,28.93399994,27.33,0.320217761415561,31.085550039999998,31.540001
2012-11-08,28.735499800000003,28.99379992,29.25,31.540001,2.9399980000000028,31.540001,31.105000035,990395.0,1275392.0,28.99379992,27.33,0.31059021810758525,31.105000035,31.309999
2012-11-09,28.8314998,29.0263999,28.92,31.309999,1.9200000000000017,31.540001,31.116750040000003,1008365.0,1264598.0,29.0263999,27.33,0.26915032520511994,31.116750040000003,30.32
2012-11-12,28.9689998,29.079599899999998,31.5,30.32,2.75,31.540001,31.127400035,1013630.0,1258938.0,29.079599899999998,27.33,0.30054421517556307,31.127400035,31.07
2012-11-13,29.167499900000003,29.14359992,31.15,31.07,3.970002000000001,31.610001,31.13880004,1014165.0,1265776.0,29.14359992,27.33,0.3231478578128022,31.13880004,31.610001
2012-11-14,29.36999985,29.200799900000003,31.540001,31.610001,4.049999000000003,31.610001,31.147850035,984295.0,1272406.0,29.200799900000003,27.379999,0.3135203145048264,31.147850035,31.379999
2012-11-15,29.507999900000005,29.254399919999997,31.309999,31.379999,2.760000999999999,31.610001,31.156600034999997,1009530.0,1277036.0,29.254399919999997,27.379999,0.29007958518541543,31.156600034999997,30.82
2012-11-16,29.658999899999998,29.3323999,30.32,30.82,3.0199999999999996,31.84,31.167900035,1021565.0,1282424.0,29.3323999,27.379999,0.33277527554521824,31.167900035,31.84
2012-11-19,29.902999750000003,29.41979988,31.07,31.84,4.8799969999999995,32.919998,31.181250025,1054135.0,1293438.0,29.41979988,27.379999,0.37798239338561657,31.181250025,32.919998
2012-11-20,30.165999750000005,29.492799879999996,31.610001,32.919998,5.260000000000002,33.0,31.190500025000002,1048890.0,1292824.0,29.492799879999996,27.379999,0.3813311586995036,31.190500025000002,33.0
2012-11-21,30.396999800000003,29.59479988,31.379999,33.0,4.620001000000002,33.0,31.193850035,1073540.0,1282422.0,29.59479988,27.379999,0.3591461849789104,31.193850035,32.470001
2012-11-23,30.583999900000002,29.68139992,30.82,32.470001,3.7400020000000005,33.0,31.19650004,1057605.0,1270730.0,29.68139992,27.379999,0.3449142881923093,31.19650004,32.130001
2012-11-26,30.826499900000005,29.7611999,31.84,32.130001,4.850000000000001,33.0,31.198200039999996,1031575.0,1257742.0,29.7611999,27.379999,0.35077443912827233,31.198200039999996,32.27
2012-11-27,31.058,29.814599939999997,32.919998,32.27,4.630002000000001,33.0,31.19605004,1048230.0,1246264.0,29.814599939999997,27.379999,0.3457515004500411,31.19605004,32.150002
2012-11-28,31.35050005,29.871399959999998,33.0,32.150002,5.850000999999995,33.23,31.206700039999998,1100620.0,1246036.0,29.871399959999998,28.129999,0.39095861829043943,31.206700039999998,33.23
2012-11-29,31.628500049999996,29.89439992,32.470001,33.23,5.559999999999999,33.689999,31.217700034999996,1117030.0,1203848.0,29.89439992,28.92,0.4102134956137915,31.217700034999996,33.689999
2012-11-30,31.85700005,29.94399992,32.130001,33.689999,4.57,33.82,31.220950045,1136840.0,1196484.0,29.94399992,28.92,0.41565514506718815,31.220950045,33.82
2012-12-04,32.2620001,30.075399960000006,32.150002,34.619999,2.4000020000000006,34.619999,31.22465006,1150330.0,1224246.0,30.075399960000006,30.32,0.4190039103810752,31.22465006,33.900002
2012-12-05,32.390000050000005,30.14919994,33.23,33.900002,2.559999000000005,34.619999,31.218350049999998,1067205.0,1200076.0,30.14919994,30.32,0.4110506660130031,31.218350049999998,33.709999
2012-12-06,32.5080001,30.213999979999997,33.689999,33.709999,2.3600010000000005,34.619999,31.215350060000002,1014500.0,1187246.0,30.213999979999997,30.32,0.4190039103810752,31.215350060000002,33.900002
2012-12-07,32.65100005,30.34419994,33.82,33.900002,2.8599989999999984,34.619999,31.215100045,984020.0,1086926.0,30.34419994,30.32,0.43030554333635496,31.215100045,34.169998
2012-12-10,32.86350005,30.48479992,34.619999,34.169998,4.25,34.619999,31.21530005,987360.0,1074978.0,30.48479992,30.82,0.44704903503763127,31.21530005,34.57
2012-12-11,33.074,30.620599900000002,33.900002,34.57,4.209998999999996,35.279999,31.222950044999997,1038195.0,1071258.0,30.620599900000002,30.82,0.476768542351131,31.222950044999997,35.279999
2012-12-12,33.25649985,30.74019984,33.709999,35.279999,3.6499970000000026,35.279999,31.231150040000003,1091470.0,1025666.0,30.74019984,30.82,0.4759313300933996,31.231150040000003,35.259998
2012-12-13,33.36799995,30.82919986,33.900002,35.259998,2.2300019999999954,35.279999,31.230150039999998,1155470.0,1051004.0,30.82919986,30.82,0.40686489773398393,31.230150039999998,33.610001
2012-12-14,33.5175,30.909399900000004,34.169998,33.610001,2.9900009999999995,35.279999,31.232150044999997,1157420.0,1056884.0,30.909399900000004,31.84,0.4152366017261022,31.232150044999997,33.810001
2012-12-17,33.64550010000001,31.01139996,34.57,33.810001,2.5600020000000008,35.279999,31.232100055,1153230.0,1052326.0,31.01139996,32.130001,0.4399331703613709,31.232100055,34.400002
2012-12-18,33.729000199999994,31.115199959999998,35.279999,34.400002,1.6700020000000038,35.279999,31.23485005,1161305.0,1052578.0,31.115199959999998,32.130001,0.4478862054368433,31.23485005,34.59
2012-12-19,33.80950025,31.2296,35.259998,34.59,1.610000999999997,35.279999,31.239050055000003,1180120.0,1059782.0,31.2296,32.130001,0.4487234176945749,31.239050055000003,34.610001
2012-12-20,33.9075002,31.333199999999998,33.610001,34.610001,1.9599989999999963,35.279999,31.24565005,1178020.0,1060412.0,31.333199999999998,32.130001,0.4411888422431487,31.24565005,34.43
2012-12-21,34.001000149999996,31.445799979999997,33.810001,34.43,1.869999,35.279999,31.250050054999996,1231125.0,1066400.0,31.445799979999997,32.150002,0.4231896786600946,31.250050054999996,34.0
2012-12-24,34.101500099999996,31.56339996,34.400002,34.0,2.0099989999999934,35.279999,31.25610005,1225125.0,1063844.0,31.56339996,32.150002,0.43491002239054,31.25610005,34.279999
2012-12-26,34.173500000000004,31.668799959999998,34.59,34.279999,1.4399980000000028,35.279999,31.250350040000004,1209655.0,1066860.0,31.668799959999998,33.23,0.40602768547625234,31.250350040000004,33.59
2012-12-27,34.196499949999996,31.78979996,34.610001,33.59,0.4599990000000034,35.279999,31.238750045000003,1161450.0,1058330.0,31.78979996,33.59,0.4102134956137913,31.238750045000003,33.689999
2012-12-28,34.17300005,31.90759998,34.43,33.689999,-0.4699979999999968,35.279999,31.22440005,1126985.0,1037238.0,31.90759998,33.220001,0.3905400749493535,31.22440005,33.220001
2012-12-31,34.1755,32.02379998,34.0,33.220001,0.04999899999999968,35.279999,31.21730004,1085715.0,1039550.0,32.02379998,33.220001,0.41774802920669774,31.21730004,33.869999
2013-01-03,34.256,32.28919998,33.59,35.360001,0.8699980000000025,35.360001,31.216350045,1015105.0,1050106.0,32.28919998,33.220001,0.45542073902975,31.216350045,34.77
2013-01-04,34.29050015,32.42240002,33.689999,34.77,0.6900029999999973,35.360001,31.213450055000003,1015730.0,1043038.0,32.42240002,33.220001,0.43993317036137114,31.213450055000003,34.400002
2013-01-07,34.31250005,32.55220002,33.220001,34.400002,0.4399980000000028,35.360001,31.210350059999996,1004810.0,1042474.0,32.55220002,33.220001,0.4374215754466959,31.210350059999996,34.34
2013-01-08,34.28800015,32.658000040000005,33.869999,34.34,-0.48999799999999993,35.360001,31.20300005,1035790.0,1053174.0,32.658000040000005,33.220001,0.4097949522727058,31.20300005,33.68
2013-01-09,34.2415001,32.78240002,35.360001,33.68,-0.9300009999999972,35.360001,31.199200035,1024200.0,1046806.0,32.78240002,33.220001,0.4081205696157624,31.199200035,33.639999
2013-01-10,34.154000100000005,32.9026,34.77,33.639999,-1.75,35.360001,31.19645002,991695.0,1053702.0,32.9026,33.220001,0.4035161324200971,31.19645002,33.529999
2013-01-11,34.0365002,33.01320002,34.400002,33.529999,-2.3499980000000065,35.360001,31.17400001,966665.0,1075418.0,33.01320002,32.91,0.3775638919030506,31.17400001,32.91
2013-01-14,34.01900005,33.1158,34.34,32.91,-0.35000299999999385,35.360001,31.150600004999998,905355.0,1078416.0,33.1158,32.91,0.39221429017221787,31.150600004999998,33.259998
2013-01-15,34.02350009999999,33.20880004,33.68,33.259998,0.09000100000000089,35.360001,31.130850025,935415.0,1090418.0,33.20880004,32.91,0.4190039103810759,31.130850025,33.900002
2013-01-16,34.0084999,33.3124,33.639999,33.900002,-0.30000400000000127,35.360001,31.114700005,963080.0,1097376.0,33.3124,32.91,0.42737544693911445,31.114700005,34.099998
2013-01-17,33.99799994999999,33.37000002,33.529999,34.099998,-0.20999900000000338,35.360001,31.1004,957220.0,1085132.0,33.37000002,32.91,0.43909595810364,31.1004,34.380001
2013-01-18,33.9934999,33.43740002,32.91,34.380001,-0.09000099999999378,35.360001,31.09009999,1070035.0,1109754.0,33.43740002,32.91,0.44495610903960303,31.09009999,34.52
2013-01-22,34.03149985,33.510399979999995,33.259998,34.52,0.7599990000000005,35.360001,31.075999994999997,1119985.0,1113868.0,33.510399979999995,32.91,0.4730012755546791,31.075999994999997,35.189999
2013-01-23,34.13149985,33.6042,33.900002,35.189999,2.0,36.0,31.080999995,1123580.0,1119674.0,33.6042,32.91,0.5069067185812779,31.080999995,36.0
2013-01-24,34.267,33.73760004,34.099998,36.0,2.7100030000000004,36.990002,31.093550005,1203310.0,1141822.0,33.73760004,32.91,0.5483467370593029,31.093550005,36.990002
2013-01-25,34.4365,33.85580004,34.380001,36.990002,3.3899999999999935,36.990002,31.112699995,1237630.0,1156460.0,33.85580004,32.91,0.547928068142657,31.112699995,36.98
2013-01-28,34.6535,33.9842,34.52,36.98,4.339999999999996,38.029999,31.140549995,1308875.0,1176214.0,33.9842,32.91,0.5918794722427576,31.140549995,38.029999
2013-01-29,34.89,34.11560004,35.189999,38.029999,4.729999999999997,38.029999,31.16485,1359500.0,1187320.0,34.11560004,32.91,0.5885308743629505,31.16485,37.950001
2013-01-30,35.07250005,34.24960004,36.0,37.950001,3.650001000000003,38.029999,31.185250004999997,1378160.0,1187002.0,34.24960004,32.91,0.5705316689213764,31.185250004999997,37.52
2013-01-31,35.1799999,34.363,36.990002,37.52,2.149997000000006,38.029999,31.204849995,1363490.0,1186856.0,34.363,32.91,0.5701130000047305,31.204849995,37.509998
2013-02-04,35.52349985,34.56540006,38.029999,38.299999,3.3399999999999963,38.299999,31.26259999,1404120.0,1185130.0,34.56540006,32.91,0.579740627029746,31.26259999,37.740002
2013-02-05,35.7129999,34.67860006,37.950001,37.740002,3.7900009999999966,38.299999,31.289949995,1447530.0,1192070.0,34.67860006,32.91,0.5960654079558567,31.289949995,38.130001
2013-02-06,35.987499799999995,34.8194,37.52,38.130001,5.489998,39.169998,31.319999985000003,1477990.0,1221328.0,34.8194,32.91,0.6395981431393114,31.319999985000003,39.169998
2013-02-07,36.27949984999999,34.9636,37.509998,39.169998,5.840000999999994,39.48,31.351599984999996,1502920.0,1235344.0,34.9636,32.91,0.6525743680441345,31.351599984999996,39.48
2013-02-08,36.565,35.1054,38.299999,39.48,5.710003,39.48,31.38809999,1513785.0,1239924.0,35.1054,32.91,0.6425284069706325,31.38809999,39.240002
2013-02-11,36.8404999,35.20919996,37.740002,39.240002,5.509998000000003,39.48,31.421099979999997,1598940.0,1274746.0,35.20919996,33.259998,0.6082042531688681,31.421099979999997,38.419998
2013-02-12,37.071999950000006,35.293199959999995,38.130001,38.419998,4.630001,39.48,31.445999975,1665750.0,1297904.0,35.293199959999995,33.900002,0.586019279448275,31.445999975,37.889999
2013-02-13,37.2994999,35.38579998,39.169998,37.889999,4.549999,39.48,31.470799969999998,1632880.0,1288834.0,35.38579998,34.099998,0.609460134343246,31.470799969999998,38.450001
2013-02-14,37.507999999999996,35.458800000000004,39.48,38.450001,4.170002000000004,39.48,31.495449970000003,1613505.0,1266934.0,35.458800000000004,34.380001,0.6019255588918198,31.495449970000003,38.27
2013-02-15,37.641000000000005,35.52159998,39.240002,38.27,2.6599999999999966,39.48,31.514999969999998,1642550.0,1282020.0,35.52159998,34.52,0.5504396211988125,31.514999969999998,37.040001
2013-02-19,37.87899995,35.63299998,38.419998,37.040001,4.759998999999993,39.48,31.542499969999998,1599865.0,1322818.0,35.63299998,35.189999,0.6442026221934967,31.542499969999998,39.279999
2013-02-20,38.04650005,35.725799959999996,37.889999,39.279999,3.3500019999999964,39.48,31.565499980000006,1659955.0,1372050.0,35.725799959999996,36.0,0.6132274011396992,31.565499980000006,38.540001
2013-02-21,38.00450005,35.745599999999996,38.450001,38.540001,-0.8400000000000034,39.48,31.578999985,2033630.0,1539518.0,35.745599999999996,35.16,0.47174556181438154,31.578999985,35.16
2013-02-22,37.960499999999996,35.776400020000004,38.27,35.16,-0.880001,39.48,31.60039999,2062475.0,1571868.0,35.776400020000004,35.16,0.5115111976354629,31.60039999,36.110001
2013-02-25,37.83050005,35.75840006,37.040001,36.110001,-2.599998999999997,39.48,31.60994999,2142555.0,1598204.0,35.75840006,34.380001,0.43909595810364044,31.60994999,34.380001
2013-02-26,37.6505001,35.7418001,39.279999,34.380001,-3.599998999999997,39.48,31.631149985,2181400.0,1612186.0,35.7418001,34.380001,0.44118884224315,31.631149985,34.43
2013-02-27,37.507999950000006,35.771600039999996,38.540001,34.43,-2.850003000000001,39.48,31.65634998,2208030.0,1608344.0,35.771600039999996,34.380001,0.4692339668997061,31.65634998,35.099998
2013-02-28,37.37350005,35.79200006,35.16,35.099998,-2.6899980000000028,39.48,31.665699995,2257870.0,1627182.0,35.79200006,34.380001,0.45793233394442634,31.665699995,34.830002
2013-03-04,37.0945004,35.8168001,34.380001,34.650002,-2.7199969999999993,39.48,31.705300020000003,2322985.0,1645692.0,35.8168001,34.380001,0.48932622391486946,31.705300020000003,35.580002
2013-03-05,37.0400004,35.85760012,34.43,35.580002,-1.0899999999999963,39.48,31.74140003,2370935.0,1661456.0,35.85760012,34.380001,0.5341148402727018,31.74140003,36.650002
2013-03-06,37.0180003,35.922800099999996,35.099998,36.650002,-0.4400019999999998,39.48,31.783950025,2362925.0,1666032.0,35.922800099999996,34.380001,0.5776475754561567,31.783950025,37.689999
2013-03-07,36.9710004,36.0074001,34.830002,37.689999,-0.9399980000000028,39.48,31.832250024999997,2326180.0,1659350.0,36.0074001,34.380001,0.6002512180933957,31.832250024999997,38.23
2013-03-08,36.920500450000006,36.09120014,34.650002,38.23,-1.0099989999999934,39.279999,31.886800035,2311955.0,1670076.0,36.09120014,34.380001,0.6102973047424578,31.886800035,38.470001
2013-03-11,36.91350025,36.2014001,35.580002,38.470001,-0.14000399999999757,39.279999,31.938450024999998,2333940.0,1689638.0,36.2014001,34.380001,0.63666804674207,31.938450024999998,39.099998
2013-03-12,36.9485003,36.310000099999996,36.650002,39.099998,0.7000010000000003,39.279999,31.980050025,2234380.0,1703918.0,36.310000099999996,34.380001,0.637505258999802,31.980050025,39.119999
2013-03-13,37.00300034999999,36.425200079999996,37.689999,39.119999,1.0900009999999938,39.279999,32.019850025000004,2162415.0,1712076.0,36.425200079999996,34.380001,0.6316451080638392,32.019850025000004,38.98
2013-03-14,36.923000200000004,36.48480006,38.23,38.98,-1.600003000000001,39.279999,32.052700009999995,2215125.0,1740598.0,36.48480006,34.380001,0.5424863768307404,32.052700009999995,36.849998
2013-03-15,36.77400025,36.48340006,38.470001,36.849998,-2.9799990000000065,39.279999,32.08010002,2329570.0,1782294.0,36.48340006,34.380001,0.4771872112677782,32.08010002,35.290001
2013-03-18,36.679500299999994,36.4910001,39.099998,35.290001,-1.889998999999996,39.279999,32.097400025,2294495.0,1793776.0,36.4910001,34.380001,0.4713270603318156,32.097400025,35.150002
2013-03-19,36.46950045,36.5046001,39.119999,35.150002,-4.199996999999996,39.119999,32.120750035,2214350.0,1802266.0,36.5046001,34.380001,0.4683969639345742,32.120750035,35.080002
2013-03-20,36.340000450000005,36.536800119999995,38.98,35.080002,-2.5899999999999963,39.119999,32.15300004,2129400.0,1821886.0,36.536800119999995,34.380001,0.5048138344417685,32.15300004,35.950001
2013-03-21,36.38250035,36.58340008,36.849998,35.950001,0.8499980000000065,39.119999,32.19230003,1734825.0,1819132.0,36.58340008,34.380001,0.5073252200638441,32.19230003,36.009998
2013-03-22,36.40800025,36.64300008,35.290001,36.009998,0.5099980000000031,39.119999,32.23600003,1629470.0,1813976.0,36.64300008,34.380001,0.5328589590983244,32.23600003,36.619999
2013-03-25,36.565500150000005,36.72300008,35.150002,36.619999,3.1499979999999965,39.119999,32.284100025,1603940.0,1843102.0,36.72300008,34.43,0.5709502122624621,32.284100025,37.529999
2013-03-26,36.7370002,36.8220001,35.080002,37.529999,3.430000999999997,39.119999,32.327300035,1556205.0,1848002.0,36.8220001,34.650002,0.584763607566497,32.327300035,37.860001
2013-03-27,36.8900003,36.92000014,35.950001,37.860001,3.0600019999999972,39.119999,32.373450035,1523060.0,1855426.0,36.92000014,34.650002,0.5973211216961543,32.373450035,38.16
2013-03-28,37.04300015,36.99980008,36.009998,38.16,3.0599970000000027,39.119999,32.412500030000004,1482750.0,1846116.0,36.99980008,34.650002,0.586019279448275,32.412500030000004,37.889999
2013-04-02,37.944999949999996,37.3956001,37.529999,43.93,8.759998000000003,44.34,32.559950025,2355080.0,2204836.0,37.3956001,35.080002,0.8560067750526075,32.559950025,44.34
2013-04-03,38.167499750000005,37.52720006,37.860001,44.34,4.449995999999999,44.34,32.616600015,2532910.0,2246606.0,37.52720006,35.080002,0.7203850866632524,32.616600015,41.099998
2013-04-04,38.3834997,37.66360004,38.16,41.099998,4.319999000000003,44.34,32.679700010000005,2588650.0,2253498.0,37.66360004,35.080002,0.7584763398273902,32.679700010000005,42.009998
2013-04-05,38.54049965,37.77100002,37.889999,42.009998,3.139999000000003,44.34,32.737000005,2608355.0,2253260.0,37.77100002,35.080002,0.7316869289111316,32.737000005,41.369999
2013-04-08,38.7084997,37.86780002,43.93,41.369999,3.360000999999997,44.34,32.786950015,2646700.0,2247432.0,37.86780002,35.080002,0.7509419736685632,32.786950015,41.830002
2013-04-09,38.778499800000006,37.93820002,44.34,41.830002,1.4000020000000006,44.34,32.829000015,2652530.0,2255598.0,37.93820002,35.080002,0.6952700584039373,32.829000015,40.5
2013-04-10,38.9154999,38.01480006,41.099998,40.5,2.740001999999997,44.34,32.869400025,2694830.0,2258300.0,38.01480006,35.080002,0.752197687408861,32.869400025,41.860001
2013-04-11,39.1459999,38.127600040000004,42.009998,41.860001,4.6100000000000065,44.34,32.926400029999996,2826100.0,2298716.0,38.127600040000004,35.080002,0.8246128850821637,32.926400029999996,43.59
2013-04-12,39.491,38.252200040000005,41.369999,43.59,6.900002000000001,44.34,32.976200025000004,2882520.0,2342342.0,38.252200040000005,35.080002,0.8313102482758581,32.976200025000004,43.75
2013-04-15,39.8914999,38.36800006,41.830002,43.75,8.009998000000003,44.34,33.027150015000004,2802610.0,2357942.0,38.36800006,35.080002,0.8124738724350722,33.027150015000004,43.299999
2013-04-16,40.4134998,38.51380008,40.5,43.299999,10.439998000000003,45.59,33.097050010000004,2895825.0,2399538.0,38.51380008,35.080002,0.9083299250033459,33.097050010000004,45.59
2013-04-17,40.93199975,38.66800006,41.860001,45.59,10.369999,45.59,33.16450002,2946825.0,2419348.0,38.66800006,35.950001,0.902469774067383,33.16450002,45.450001
2013-04-18,41.48299975,38.84480006,43.59,45.450001,11.020000000000003,46.970001,33.242300025,3044070.0,2460502.0,38.84480006,36.009998,0.9660947244074816,33.242300025,46.970001
2013-04-19,42.07399995,39.01800014,43.75,46.970001,11.820003999999997,47.830002,33.32500003,3137340.0,2482872.0,39.01800014,36.619999,1.00209309343211,33.32500003,47.830002
2013-04-22,42.75249995,39.232200119999995,43.299999,47.830002,13.57,50.189999,33.423950024999996,3312300.0,2537728.0,39.232200119999995,37.529999,1.100879074963545,33.423950024999996,50.189999
2013-04-23,43.426499899999996,39.46760004,45.59,50.189999,13.479999000000007,51.009998,33.525700015000005,3380050.0,2589608.0,39.46760004,37.860001,1.1352030194727099,33.525700015000005,51.009998
2013-04-24,44.05499985,39.70780008,45.450001,51.009998,12.569999000000003,51.009998,33.621700014999995,3421140.0,2576882.0,39.70780008,37.889999,1.1109251616126068,33.621700014999995,50.43
2013-04-25,44.74699985,39.9900001,46.970001,50.43,13.840000000000003,52.0,33.726750015,3496120.0,2587574.0,39.9900001,37.889999,1.1766430379507344,33.726750015,52.0
2013-04-26,45.41249995,40.2450001,47.830002,52.0,13.310001999999997,52.0,33.82530002,3619290.0,2640680.0,40.2450001,40.5,1.1431562638407815,33.82530002,51.200001
2013-04-29,45.9629999,40.578400079999994,50.189999,51.200001,11.009999,54.939999,33.943650014999996,3096350.0,2693660.0,40.578400079999994,40.5,1.2997070447763521,33.943650014999996,54.939999
2013-04-30,46.4455,40.9174001,51.009998,54.939999,9.650001999999994,54.939999,34.056050025,3039860.0,2763760.0,40.9174001,40.5,1.2599415763893504,34.056050025,53.990002
2013-05-02,47.659500200000004,41.5088001,52.0,53.279999,12.100002999999994,54.939999,34.25825002,2934100.0,2763156.0,41.5088001,40.5,1.2649645569261017,34.25825002,54.110001
2013-05-03,48.3185002,41.89660008,51.200001,54.110001,13.18,54.939999,34.35120001999999,3025415.0,2649974.0,41.89660008,40.5,1.283382221991722,34.35120001999999,54.549999
2013-05-06,49.2020001,42.36440006,54.939999,54.549999,17.669998,59.5,34.48195003,3159800.0,2686362.0,42.36440006,40.5,1.4905819376551674,34.48195003,59.5
2013-05-07,49.9525,42.787,53.990002,59.5,15.009998000000003,59.5,34.598750009999996,3574545.0,2828394.0,42.787,41.860001,1.3235663592953695,34.598750009999996,55.509998
2013-05-08,50.649,43.21420002000001,53.279999,55.509998,13.93,59.5,34.716350014999996,3806985.0,2908534.0,43.21420002000001,43.299999,1.3352868704598944,34.716350014999996,55.790001
2013-05-09,51.9395001,43.9002001,54.110001,55.790001,25.810001999999997,69.400002,34.90440002,5064865.0,3441450.0,43.9002001,43.299999,1.9049813689820585,34.90440002,69.400002
2013-05-10,53.5900002,44.7388001,54.549999,69.400002,33.010002,76.760002,35.13490003,6161525.0,3903804.0,44.7388001,43.299999,2.2130600758920087,35.13490003,76.760002
2013-05-13,55.815000399999995,45.801800119999996,59.5,76.760002,44.500004000000004,87.800003,35.424700045,7198300.0,4321210.0,45.801800119999996,45.450001,2.675178178115454,35.424700045,87.800003
2013-05-14,57.6975003,46.75500004,55.509998,87.800003,37.649998,87.800003,35.69615003,8897475.0,5029334.0,46.75500004,45.450001,2.4843031178025594,35.69615003,83.239998
2013-05-15,59.66700004999999,47.71879992,55.790001,83.239998,39.389995,87.800003,35.979700015,9635485.0,5325168.0,47.71879992,46.970001,2.5512766660224653,35.979700015,84.839996
2013-05-16,61.931,48.80999994,69.400002,84.839996,45.279999,92.25,36.293400014999996,10547790.0,5734448.0,48.80999994,47.830002,2.8614484663645245,36.293400014999996,92.25
2013-05-17,64.1144999,49.875399939999994,76.760002,92.25,43.669998,92.25,36.614150015,11347315.0,6091326.0,49.875399939999994,50.189999,2.830054576394081,36.614150015,91.5
2013-05-20,66.10200004999999,50.90479996,87.800003,91.5,39.75000300000001,92.25,36.926750025000004,11567765.0,6240052.0,50.90479996,50.43,2.764755368972599,36.926750025000004,89.940002
2013-05-21,67.93099995,51.87459992,83.239998,89.940002,36.579997999999996,92.25,37.233450005,11830985.0,6388426.0,51.87459992,50.43,2.6663875959140904,37.233450005,87.589996
2013-05-22,69.77149985000001,52.8369999,84.839996,87.589996,36.809998,92.25,37.539149994999995,12127885.0,6534284.0,52.8369999,51.200001,2.6517371976449233,37.539149994999995,87.239998
2013-05-23,71.808,53.91199996,92.25,87.239998,40.730002999999996,92.730003,37.86645001,12589200.0,6758288.0,53.91199996,51.200001,2.8815406815211673,37.86645001,92.730003
2013-05-24,74.10200004999999,55.116600039999994,91.5,92.730003,45.88000099999999,97.080002,38.21050002,13214305.0,7040352.0,55.116600039999994,53.279999,3.0636252014912184,38.21050002,97.080002
2013-05-28,76.8715002,56.61740006,89.940002,97.080002,55.39000299999999,110.330002,38.610900029999996,14016915.0,7368598.0,56.61740006,53.279999,3.6182505909690494,38.610900029999996,110.330002
2013-05-29,79.40349995,58.00699996,87.589996,110.330002,50.639995000000006,110.330002,38.988600014999996,14995760.0,7844266.0,58.00699996,53.279999,3.379656817901081,38.988600014999996,104.629997
2013-05-30,81.98699985,59.404399860000005,87.239998,104.629997,51.669998,110.330002,39.366299999999995,15665305.0,8144970.0,59.404399860000005,54.110001,3.39305154428847,39.366299999999995,104.949997
2013-05-31,84.1694999,60.640599879999996,92.730003,104.949997,43.650001,110.330002,39.705400004999994,16271385.0,8419950.0,60.640599879999996,54.549999,3.0920889950644206,39.705400004999994,97.760002
2013-06-04,87.83849955000001,62.936599779999995,110.330002,92.589996,35.339996,110.330002,40.339599965,17283900.0,8948134.0,62.936599779999995,55.509998,2.969861865628375,40.339599965,94.839996
2013-06-05,89.8314998,64.09339986,104.629997,94.839996,39.860004999999994,110.330002,40.669449979999996,17395590.0,9145054.0,64.09339986,55.790001,2.992047174217128,40.669449979999996,95.370003
2013-06-06,91.90949965,65.2831998,104.949997,95.370003,41.559997,110.330002,41.004699975,17532640.0,9299108.0,65.2831998,69.400002,3.074926834446499,41.004699975,97.349998
2013-06-07,93.54149960000001,66.56079982,97.760002,97.349998,32.639999,110.330002,41.36484998,16637970.0,9487414.0,66.56079982,76.760002,3.271243418637231,41.36484998,102.040001
2013-06-10,94.70599965,67.8039999,92.589996,102.040001,23.290001000000004,110.330002,41.717549995,15845270.0,9648812.0,67.8039999,83.239998,3.1879450476326943,41.717549995,100.050003
2013-06-11,95.03949955,68.81479992,94.839996,100.050003,6.6699979999999925,110.330002,42.044349995000005,15094125.0,9514722.0,68.81479992,83.239998,2.954374422535556,42.044349995000005,94.470001
2013-06-12,95.7639998,69.88259998000001,95.370003,94.470001,14.490004999999996,110.330002,42.383250005,13695565.0,9565528.0,69.88259998000001,84.839996,3.090833281324122,42.383250005,97.730003
2013-06-13,96.43100000000001,71.02420002,97.349998,97.730003,13.340004000000008,110.330002,42.720500005000005,13149710.0,9571888.0,71.02420002,87.239998,3.1096694897308286,42.720500005000005,98.18
2013-06-14,96.83350015,72.19000012000001,102.040001,98.18,8.050003000000004,110.330002,43.074500019999995,12397245.0,9657886.0,72.19000012000001,87.239998,3.1984096776228412,43.074500019999995,100.300003
2013-06-17,97.36850000000001,73.40660008,100.050003,100.300003,10.699996999999996,110.330002,43.443900005,11800445.0,9768162.0,73.40660008,87.239998,3.2779406143968437,43.443900005,102.199997
2013-06-18,98.04099985,74.63780002,94.470001,102.199997,13.449996999999996,110.330002,43.817399994999995,11822790.0,9910488.0,74.63780002,87.239998,3.327752336866988,43.817399994999995,103.389999
2013-06-19,98.89550005,75.92140002000001,97.730003,103.389999,17.090004000000008,110.330002,44.198749995,11801825.0,10048144.0,75.92140002000001,87.239998,3.381749869474671,44.198749995,104.68
2013-06-20,99.56600025,77.09720004,98.18,104.68,13.410004,110.330002,44.559950005,11878750.0,10207852.0,77.09720004,92.589996,3.213060117750529,44.559950005,100.650002
2013-06-21,99.90700025,78.2164001,100.300003,100.650002,6.820000000000007,110.330002,44.91510002,11863570.0,10373276.0,78.2164001,92.589996,3.1670157876523986,44.91510002,99.550003
2013-06-24,100.12750005000001,79.37120006,102.199997,99.550003,4.409996000000007,110.330002,45.281850015,11413350.0,10452684.0,79.37120006,92.589996,3.2482211070833458,45.281850015,101.489998
2013-06-25,99.73100005,80.55320012,103.389999,101.489998,-7.929999999999993,104.949997,45.654150019999996,10721190.0,10536030.0,80.55320012,92.589996,3.286312527681563,45.654150019999996,102.400002
2013-06-26,99.78550025,81.75580014,104.68,102.400002,1.0900039999999933,105.720001,46.04000003,9796345.0,10604474.0,81.75580014,92.589996,3.4252827720922054,46.04000003,105.720001
2013-06-27,100.00050039999999,83.03180012000001,100.650002,105.720001,4.300003000000004,109.25,46.43950003,9426905.0,10737002.0,83.03180012000001,92.589996,3.573043305694572,46.43950003,109.25
2013-06-28,100.48050035,84.23960012000002,99.550003,109.25,9.599998999999997,109.25,46.83945003000001,8955735.0,10784616.0,84.23960012000002,92.589996,3.4939307448275754,46.83945003000001,107.360001
2013-07-02,102.85900074999999,86.9792001,102.400002,117.18,22.980003999999994,117.82,47.734050030000006,8704335.0,11104948.0,86.9792001,94.470001,3.931770821756838,47.734050030000006,117.82
2013-07-03,103.85250049999999,88.26380010000001,105.720001,117.82,19.869995000000003,117.82,48.16285001999999,8333430.0,11126406.0,88.26380010000001,94.470001,3.8237757565414734,48.16285001999999,115.239998
2013-07-05,104.9895004,89.65700002,109.25,115.239998,22.739998,120.089996,48.611350005000006,8198820.0,11210180.0,89.65700002,94.470001,4.0267894946333,48.611350005000006,120.089996
2013-07-08,105.96800040000001,91.04920004,107.360001,120.089996,19.569999999999993,121.610001,49.056700004999996,8053950.0,11310546.0,91.04920004,94.470001,4.090414654265998,49.056700004999996,121.610001
2013-07-09,107.1380001,92.49419995999999,117.18,121.610001,23.399993999999992,123.449997,49.51724999,8022685.0,11410170.0,92.49419995999999,94.470001,4.167434163559406,49.51724999,123.449997
2013-07-10,108.52799989999998,93.84079992000001,117.82,123.449997,27.799996000000007,123.449997,49.97334998,7932990.0,11449378.0,93.84079992000001,97.730003,4.118041110005909,49.97334998,122.269997
2013-07-11,109.92199979999998,95.2731999,115.239998,122.269997,27.879998,125.610001,50.446899985,7847535.0,11488598.0,95.2731999,98.18,4.257848734108363,50.446899985,125.610001
2013-07-12,111.50799950000001,96.8055998,120.089996,125.610001,31.719993999999986,129.899994,50.946299955,8116655.0,11660622.0,96.8055998,99.550003,4.437421491729658,50.946299955,129.899994
2013-07-15,112.85599945000001,98.26859982,121.610001,129.899994,26.959998999999996,129.899994,51.429299965,8284540.0,11798062.0,98.26859982,99.550003,4.326915333901858,51.429299965,127.260002
2013-07-16,113.19849975,99.35859989999999,123.449997,127.260002,6.850006000000008,129.899994,51.836249980000005,9549825.0,12377926.0,99.35859989999999,99.550003,3.5646717272780144,51.836249980000005,109.050003
2013-07-17,114.0414998,100.57359989999999,122.269997,109.050003,16.860000999999997,129.899994,52.299799975000006,10411510.0,12811172.0,100.57359989999999,99.550003,4.033487025261074,52.299799975000006,120.25
2013-07-18,114.75899975,101.84399992,125.610001,120.25,14.349998999999997,129.899994,52.75249997,10552470.0,12839314.0,101.84399992,99.550003,3.9824195890506333,52.75249997,119.029999
2013-07-19,115.71049965,103.1217999,129.899994,119.029999,19.029998000000006,129.899994,53.204499965000004,10341660.0,12821722.0,103.1217999,99.550003,4.009627668883538,53.204499965000004,119.68
2013-07-22,116.8544995,104.18239986,127.260002,119.68,22.879997000000003,129.899994,53.670849964999995,10245620.0,12445578.0,104.18239986,101.489998,4.1247385987751635,53.670849964999995,122.43
2013-07-23,117.9169995,105.10199978,109.050003,122.43,21.25,129.899994,54.13554996,10276450.0,12098654.0,105.10199978,102.400002,4.137714656245906,54.13554996,122.739998
2013-07-24,118.88199925,105.77999965999999,120.25,122.739998,19.299994999999996,129.899994,54.59754995,10327465.0,11787696.0,105.77999965999999,105.720001,4.094181753628372,54.59754995,121.699997
2013-07-25,119.79949919999999,106.59659970000001,119.029999,121.699997,18.349998999999997,129.899994,55.07089994999999,10261550.0,11150104.0,106.59659970000001,107.360001,4.1933865715105325,55.07089994999999,124.07
2013-07-26,120.80649915,107.48759976000001,119.68,124.07,20.13999899999999,129.899994,55.57339995,10305960.0,11005192.0,107.48759976000001,107.360001,4.416073855842356,55.57339995,129.389999
2013-07-29,122.16949885,108.33499966000001,122.43,129.389999,27.259993999999992,134.619995,56.100249925,10502475.0,10766490.0,108.33499966000001,109.050003,4.634993747802167,56.100249925,134.619995
2013-07-30,122.8974991,109.13979976,122.739998,134.619995,14.56000499999999,134.619995,56.617099945,10613645.0,10648986.0,109.13979976,109.050003,4.514441628900865,56.617099945,131.740005
2013-07-31,123.72049904999999,110.0265997,121.699997,131.740005,16.45999900000001,134.619995,57.14649993999999,10328025.0,10609052.0,110.0265997,109.050003,4.620762018449647,57.14649993999999,134.279999
2013-08-02,125.63149949999999,112.00099988000002,129.389999,135.550003,17.910004,138.0,58.23444996,10326430.0,10489598.0,112.00099988000002,109.050003,4.776475754561565,58.23444996,138.0
2013-08-05,126.78499909999998,113.03999968,134.619995,138.0,23.069992,144.679993,58.821199925,10445755.0,10453168.0,113.03999968,109.050003,5.056090374888672,58.821199925,144.679993
2013-08-06,127.71999895000002,113.94139951999999,131.740005,144.679993,18.699996999999996,144.679993,59.391649900000004,10478315.0,10315774.0,113.94139951999999,109.050003,4.950188361246896,59.391649900000004,142.149994
2013-08-07,128.31799890000002,114.41939939999999,134.279999,142.149994,11.959998999999996,144.679993,59.918699880000005,11108920.0,10286180.0,114.41939939999999,109.050003,4.618668966876055,59.918699880000005,134.229996
2013-08-08,129.71149865,115.39639937999999,135.550003,134.229996,27.869995000000003,153.479996,60.545899854999995,12097080.0,10329126.0,115.39639937999999,109.050003,5.424445476117433,60.545899854999995,153.479996
2013-08-09,130.86649895,116.35739944,138.0,153.479996,23.100006000000008,153.479996,61.172199855,11976265.0,10185006.0,116.35739944,109.050003,5.404353553970429,61.172199855,153.0
2013-08-12,131.8724991,117.34979949999999,144.679993,153.0,20.12000300000001,153.479996,61.76984988,12225755.0,10179810.0,117.34979949999999,109.050003,5.169108881084508,61.76984988,147.380005
2013-08-13,133.6914986,118.40659944000001,142.149994,147.380005,36.37998999999999,153.479996,62.35504984999999,11044605.0,9971996.0,118.40659944000001,119.029999,5.087484264859116,62.35504984999999,145.429993
2013-08-14,134.64699865,119.29699954000002,134.229996,145.429993,19.11000100000001,153.479996,62.914749855,10327845.0,10028750.0,119.29699954000002,119.029999,4.8334033835664885,62.914749855,139.360001
2013-08-15,135.6789986,120.18299943999999,153.479996,139.360001,20.63999899999999,153.479996,63.475499845,10266900.0,9987838.0,120.18299943999999,119.68,4.846379399178711,63.475499845,139.669998
2013-08-16,136.79499859999999,121.07599948,153.0,139.669998,22.319999999999993,153.479996,64.04859985,10327790.0,9939782.0,121.07599948,121.699997,4.943909834403928,64.04859985,142.0
2013-08-19,137.9184983,121.93319933999999,147.380005,142.0,22.469993999999986,153.479996,64.632449825,10239785.0,9886304.0,121.93319933999999,121.699997,5.065299291138521,64.632449825,144.899994
2013-08-20,139.26049849999998,122.92379932,145.429993,144.899994,26.840004000000008,153.479996,65.234099835,10173875.0,9830096.0,122.92379932,121.699997,5.261197499422248,65.234099835,149.580002
2013-08-21,140.5684987,123.99159931999999,139.360001,149.580002,26.160004000000015,153.479996,65.82879983999999,10143740.0,9807542.0,123.99159931999999,124.07,5.189200803231511,65.82879983999999,147.860001
2013-08-22,142.219999,125.17899938000001,139.669998,147.860001,33.030006000000014,157.100006,66.45679987,10409145.0,9835536.0,125.17899938000001,129.389999,5.5759737369599724,66.45679987,157.100006
2013-08-23,143.84249885000003,126.45219929999999,142.0,157.100006,32.449997000000025,161.839996,67.11024985,10574085.0,9974942.0,126.45219929999999,131.740005,5.774382702987975,67.11024985,161.839996
2013-08-26,145.32249915,127.73059926,144.899994,161.839996,29.600006000000008,164.220001,67.77364985,11298695.0,10327070.0,127.73059926,131.740005,5.874006189786781,67.77364985,164.220001
2013-08-27,147.08599865000002,129.02679922,149.580002,164.220001,35.26999000000001,167.009995,68.45214983,11520690.0,10537084.0,129.02679922,134.229996,5.990791209325709,68.45214983,167.009995
2013-08-28,148.69449855,130.28799917999999,147.860001,167.009995,32.16999799999999,167.009995,69.132799815,11940110.0,10655980.0,130.28799917999999,134.229996,5.967350521864819,69.132799815,166.449997
2013-08-29,150.2199983,131.51559914,157.100006,166.449997,30.509995000000004,167.009995,69.807749805,12145730.0,10673122.0,131.51559914,134.229996,5.951025740938708,69.807749805,166.059998
2013-08-30,151.7699983,132.8825991,161.839996,166.059998,31.0,169.0,70.4946998,12383655.0,10691560.0,132.8825991,134.229996,6.074089873339885,70.4946998,169.0
2013-09-04,154.40649879999998,135.65299901999998,167.009995,168.940002,28.470000999999996,170.619995,71.88149978999999,12587735.0,10785528.0,135.65299901999998,134.229996,6.141900466383443,71.88149978999999,170.619995
2013-09-05,156.19149865000003,137.00359884000002,166.449997,170.619995,35.699996999999996,170.619995,72.571949755,12011390.0,10802260.0,137.00359884000002,139.360001,6.113018003893596,72.571949755,169.929993
2013-09-06,156.86599890000002,138.22859884,166.059998,169.929993,13.490004999999996,170.619995,73.24219977000001,11080035.0,10842602.0,138.22859884,139.360001,5.989117119678406,73.24219977000001,166.970001
2013-09-09,157.25099875,139.25759878,169.0,166.970001,7.699996999999996,170.619995,73.88069975500001,11350875.0,10954594.0,139.25759878,139.360001,5.726664032091421,73.88069975500001,160.699997
2013-09-10,158.20049825,140.43779866,168.940002,160.699997,18.989989999999977,170.619995,74.550199725,11053655.0,11018978.0,140.43779866,139.360001,5.964001756550932,74.550199725,166.369995
2013-09-11,159.1049988,141.36459874,170.619995,166.369995,18.090011000000004,170.619995,75.20714973999999,10907835.0,10917556.0,141.36459874,139.360001,5.844705351389927,75.20714973999999,163.520004
2013-09-12,160.3834984,142.30679859999998,169.929993,163.520004,25.569991999999985,170.619995,75.870449705,10631145.0,10799474.0,142.30679859999998,139.669998,5.903725404090641,75.870449705,164.929993
2013-09-13,161.67699815,143.31279849999999,166.970001,164.929993,25.869995000000017,170.619995,76.53739965999999,10392245.0,10811364.0,143.31279849999999,142.0,5.929259101266602,76.53739965999999,165.539993
2013-09-16,162.90599825,144.24259862,160.699997,165.539993,24.580002000000007,170.619995,77.20414966999999,10415585.0,10826488.0,144.24259862,144.899994,5.972792338752296,77.20414966999999,166.580002
2013-09-17,163.97249835,145.13499851999998,166.369995,166.580002,21.330002000000007,170.619995,77.866849655,10288545.0,10780142.0,145.13499851999998,147.860001,5.958141605614968,77.866849655,166.229996
2013-09-18,164.8044983,145.99039860000002,163.520004,166.229996,16.63999899999999,170.619995,78.52884965999999,10239620.0,10716870.0,145.99039860000002,147.860001,5.9577232297079625,78.52884965999999,166.220001
2013-09-19,166.30749815000001,147.10339861999998,164.929993,166.220001,30.05999699999998,177.919998,79.245349655,10706035.0,10916760.0,147.10339861999998,157.100006,6.447467787671317,79.245349655,177.919998
2013-09-20,167.6219978,148.25899858,165.539993,177.919998,26.28999299999998,183.389999,79.99279964,10846500.0,11035122.0,148.25899858,160.699997,6.676433933714271,79.99279964,183.389999
2013-09-23,168.58549805,149.28319872,166.580002,183.389999,19.270004999999998,183.389999,80.72979965,10608575.0,10971710.0,149.28319872,160.699997,6.580996591921164,80.72979965,181.110001
2013-09-24,169.4909981,150.38459872,166.229996,181.110001,18.11000100000001,183.389999,81.47194965,9713690.0,10898730.0,150.38459872,160.699997,6.632064028131605,81.47194965,182.330002
2013-09-25,170.4024986,151.90839876,166.220001,182.330002,18.230009999999993,185.240005,82.22729968499999,9247980.0,10416346.0,151.90839876,160.699997,6.753872446792483,82.22729968499999,185.240005
2013-09-26,171.5119987,153.27619874,177.919998,185.240005,22.190001999999993,188.639999,82.99764968,8841695.0,10028054.0,153.27619874,160.699997,6.896191163507373,82.99764968,188.639999
2013-09-27,172.7539985,154.71359864,183.389999,188.639999,24.839995999999985,190.899994,83.775749655,8665715.0,9918420.0,154.71359864,160.699997,6.990791209325709,83.775749655,190.899994
2013-09-30,173.97249825,156.18739854,181.110001,190.899994,24.36999499999999,193.369995,84.56629964,8560530.0,9979108.0,156.18739854,160.699997,7.0941817954868895,84.56629964,193.369995
2013-10-02,175.69199825,158.76299852,185.240005,193.0,10.330002000000007,193.369995,86.09894961499998,8810255.0,10199050.0,158.76299852,160.699997,6.57429906129339,86.09894961499998,180.949997
2013-10-03,175.8609985,159.79519854,188.639999,180.949997,3.3800050000000113,193.369995,86.793499595,9666815.0,10538000.0,159.79519854,160.699997,6.254500010652995,86.793499595,173.309998
2013-10-04,176.56149825,160.93339845999998,190.899994,173.309998,14.009995000000004,193.369995,87.525449575,9956530.0,10720594.0,160.93339845999998,160.699997,6.575554775033688,87.525449575,180.979996
2013-10-07,177.67999875,162.00699862,193.369995,180.979996,22.370010000000008,193.369995,88.26774960499999,9813585.0,10757644.0,162.00699862,163.520004,6.663039542195044,88.26774960499999,183.070007
2013-10-08,178.0979988,162.80919864,193.0,183.070007,8.360001000000011,193.369995,88.969249585,10053055.0,10839210.0,162.80919864,163.520004,6.3139390252799945,88.969249585,174.729996
2013-10-09,178.36099855,163.54999852,180.949997,174.729996,5.2599950000000035,193.369995,89.64314957999999,10527255.0,10883000.0,163.54999852,164.929993,6.064880957090038,89.64314957999999,168.779999
2013-10-10,178.76099855,164.3229984,173.309998,168.779999,8.0,193.369995,90.33639955000001,10663450.0,10933644.0,164.3229984,165.539993,6.238593563775371,90.33639955000001,172.929993
2013-10-11,179.41899875,165.18599827999998,180.979996,172.929993,13.160003999999986,193.369995,91.061949535,10808945.0,10993394.0,165.18599827999998,166.220001,6.480117391382061,91.061949535,178.699997
2013-10-14,180.07599869999999,166.02039829999998,183.070007,178.699997,13.139998999999989,193.369995,91.792099545,10818680.0,11023388.0,166.02039829999998,166.220001,6.522813249175943,91.792099545,179.720001
2013-10-15,180.96149899999998,166.80559848000001,174.729996,179.720001,17.710005999999993,193.369995,92.54569955,11092760.0,11038944.0,166.80559848000001,166.220001,6.699456245268157,92.54569955,183.940002
2013-10-16,181.82849885000002,167.63379856,168.779999,183.940002,17.33999700000001,193.369995,93.294149545,11231045.0,11017962.0,167.63379856,168.779999,6.683549840249054,93.294149545,183.559998
2013-10-17,182.0724991,168.6051987,172.929993,183.559998,4.880005000000011,193.369995,94.03134955499999,10786565.0,10787818.0,168.6051987,168.779999,6.651737574371604,94.03134955499999,182.800003
2013-10-18,182.07299885,169.20359865999998,178.699997,182.800003,0.009995000000003529,193.369995,94.774499525,10413020.0,10361498.0,169.20359865999998,168.779999,6.676852309621279,94.774499525,183.399994
2013-10-21,181.64749909999998,169.59559878,179.720001,183.399994,-8.509995000000004,193.369995,95.465499545,10580955.0,10413586.0,169.59559878,168.779999,6.224780796349136,95.465499545,172.600006
2013-10-22,181.10799865,170.07879853999998,183.940002,172.600006,-10.790008999999998,193.369995,96.15149951000001,10836620.0,10343076.0,170.07879853999998,168.779999,6.18041022103015,96.15149951000001,171.539993
2013-10-23,180.0709984,170.46019868,183.559998,171.539993,-20.740004999999996,193.369995,96.80559951000001,11090005.0,10434506.0,170.46019868,164.5,5.885726533517229,96.80559951000001,164.5
2013-10-24,179.29649815,171.13599854,182.800003,164.5,-15.490004999999996,193.369995,97.503149485,11300570.0,10417144.0,171.13599854,164.5,6.2478024800252205,97.503149485,173.149994
2013-10-25,178.23449865,171.73579866,183.399994,173.149994,-21.239990000000006,193.369995,98.18379950999999,11384525.0,10365470.0,171.73579866,164.5,6.101716663947957,98.18379950999999,169.660004
2013-10-28,176.70899895,172.15299868,172.600006,169.660004,-30.509993999999978,193.0,98.833549515,11330375.0,10380142.0,172.15299868,162.860001,5.817078602640379,98.833549515,162.860001
2013-10-29,175.282499,172.54439882,171.539993,162.860001,-28.529999000000004,183.940002,99.48959952999999,11648165.0,10501622.0,172.54439882,162.860001,5.88447081977693,99.48959952999999,164.470001
2013-10-30,174.19599920000002,172.73719879999996,164.5,164.470001,-21.729996,183.940002,100.116199525,11029485.0,10541294.0,172.73719879999996,159.220001,5.664713589983828,100.116199525,159.220001
2013-10-31,173.5274994,172.97879882,173.149994,159.220001,-13.369996000000015,183.940002,100.745399545,10305350.0,10602644.0,172.97879882,159.220001,5.694851766213973,100.745399545,159.940002
2013-11-04,172.193499,173.34739867999997,162.860001,162.169998,-7.870010000000008,183.940002,102.087749515,10025420.0,10538178.0,173.34739867999997,159.220001,6.333612571519994,102.087749515,175.199997
2013-11-05,172.2974991,173.59919861999998,164.470001,175.199997,2.0800020000000075,183.940002,102.79584950999998,10460915.0,10504098.0,173.59919861999998,159.220001,6.401004830515066,102.79584950999998,176.809998
2013-11-06,171.41649935,173.2821988,159.220001,176.809998,-17.619995000000017,183.940002,103.37164953,11248675.0,10774194.0,173.2821988,151.160004,5.327334044677024,103.37164953,151.160004
2013-11-07,169.7584999,172.74859893999997,159.940002,151.160004,-33.159988999999996,183.940002,103.88554954,11918715.0,10925086.0,172.74859893999997,139.770004,4.8505655023258925,103.88554954,139.770004
2013-11-08,167.7209999,172.18639892,162.169998,139.770004,-40.75,183.940002,104.39039952499999,12627055.0,11185924.0,172.18639892,137.949997,4.774382702987976,104.39039952499999,137.949997
2013-11-11,165.9699997,171.70039886000004,175.199997,137.949997,-35.020004,183.940002,104.923749515,12938455.0,11245308.0,171.70039886000004,137.949997,5.056927712721966,104.923749515,144.699997
2013-11-12,163.66299975,171.07759887999998,176.809998,144.699997,-46.13999899999999,183.559998,105.422999525,13138790.0,11303790.0,171.07759887999998,137.800003,4.768104176145007,105.422999525,137.800003
2013-11-13,161.4199997,170.43919892000002,151.160004,137.800003,-44.86000100000001,183.399994,105.92889951,13361435.0,11327442.0,170.43919892000002,137.800003,4.805776592958419,105.92889951,138.699997
2013-11-14,159.15999985000002,169.79259918,139.770004,138.699997,-45.199996999999996,183.399994,106.42934954999998,13636370.0,11437810.0,169.79259918,137.600006,4.7597325977284495,106.42934954999998,137.600006
2013-11-15,156.7625,169.1621991,137.949997,137.600006,-47.949996999999996,176.809998,106.91509953999999,13834840.0,11463420.0,169.1621991,135.449997,4.669736403086499,106.91509953999999,135.449997
2013-11-18,154.2114998,168.37979919999998,144.699997,135.449997,-51.020004000000014,176.809998,107.33429954000002,14415145.0,11639294.0,168.37979919999998,121.580002,4.0891589405257,107.33429954000002,121.580002
2013-11-19,151.93899994999998,167.57419922,137.800003,121.580002,-45.44999700000001,176.809998,107.774099515,14836620.0,11856262.0,167.57419922,121.580002,4.277940614396846,107.774099515,126.089996
2013-11-20,149.7695,166.72599916,138.699997,126.089996,-43.389999,176.809998,108.18379953,14863080.0,12016604.0,166.72599916,121.110001,4.069485394285703,108.18379953,121.110001
2013-11-21,147.2170002,165.86939926,137.600006,121.110001,-51.04999599999999,176.809998,108.59689952,14916985.0,12131480.0,165.86939926,121.110001,4.110925203471129,108.59689952,122.099998
2013-11-22,144.80299985000002,164.98619933999998,135.449997,122.099998,-48.28000699999998,176.809998,109.007599495,15092045.0,12245390.0,164.98619933999998,121.110001,4.080787027240984,109.007599495,121.379997
2013-11-25,142.7019996,164.07139922000002,121.580002,121.379997,-42.02000500000001,176.809998,109.419699485,15213325.0,12299238.0,164.07139922000002,120.839996,4.058183384603744,109.419699485,120.839996
2013-11-26,140.50349955,163.1567993,126.089996,120.839996,-43.970000999999996,176.809998,109.83274949000001,15202015.0,12467010.0,163.1567993,120.5,4.043951655251223,109.83274949000001,120.5
2013-11-27,138.8894996,162.37119932,121.110001,120.5,-32.27999899999999,176.809998,110.275199495,15400305.0,12605568.0,162.37119932,120.5,4.313520607514469,110.275199495,126.940002
2013-11-29,137.25649945,161.35839934,122.099998,126.940002,-32.66000299999999,176.809998,110.72024948999999,15419425.0,12488000.0,161.35839934,120.5,4.327752378725511,110.72024948999999,127.279999
2013-12-03,133.83149945,159.44579924,120.839996,124.169998,-30.5,176.809998,111.682999465,16076055.0,12725170.0,159.44579924,120.5,5.056927712721968,111.682999465,144.699997
2013-12-04,131.9384994,158.57819914,120.5,144.699997,-37.86000100000001,151.160004,112.185049445,15610085.0,12862656.0,158.57819914,120.5,4.816241222948569,112.185049445,138.949997
2013-12-05,131.404499,157.68299896,126.940002,138.949997,-10.680007999999987,144.699997,112.71164942500002,14520920.0,12883370.0,157.68299896,120.5,4.880284716629753,112.71164942500002,140.479996
2013-12-06,131.28399885,156.657399,127.279999,140.479996,-2.410002999999989,144.699997,113.217899425,13802165.0,12909274.0,156.657399,120.5,4.749686343645309,113.217899425,137.360001
2013-12-09,131.46649929999998,155.67139924,124.169998,137.360001,3.6500090000000114,144.699997,113.75399945,13131345.0,12972176.0,155.67139924,120.5,4.927166677570815,113.75399945,141.600006
2013-12-10,131.34099955000002,154.64779938,144.699997,141.600006,-2.5099950000000035,144.699997,114.29279945999998,12968875.0,13008646.0,154.64779938,120.5,4.951863036913484,114.29279945999998,142.190002
2013-12-11,131.4334991,153.58079926,138.949997,142.190002,1.8499909999999886,144.699997,114.81554944000001,12576505.0,12996284.0,153.58079926,120.5,4.845542061345423,114.81554944000001,139.649994
2013-12-12,131.87199930000003,152.91119934,140.479996,139.649994,8.770004,147.470001,115.37874943499999,12481980.0,12796132.0,152.91119934,120.5,5.172875980446885,115.37874943499999,147.470001
2013-12-13,132.3744987,152.39799926,137.360001,147.470001,10.049987999999985,147.649994,115.943749395,12401390.0,12531640.0,152.39799926,120.5,5.180410221030151,115.943749395,147.649994
2013-12-16,132.99899895,151.73719938,141.600006,147.649994,12.490004999999996,147.940002,116.505549395,12240145.0,12376866.0,151.73719938,120.5,5.192549526686881,116.505549395,147.940002
2013-12-17,134.5429992,151.12499938000002,142.190002,147.940002,30.880004999999997,152.460007,117.08459941999999,11607985.0,12357054.0,151.12499938000002,120.5,5.381750246201353,117.08459941999999,152.460007
2013-12-18,135.6374992,150.58999938,139.649994,152.460007,21.89,152.460007,117.63604940500001,11196270.0,12313548.0,150.58999938,120.5,5.1942236163341855,117.63604940500001,147.979996
2013-12-19,136.61799919999999,150.02879941999998,147.470001,147.979996,19.61,152.460007,118.14849941,11140790.0,12262018.0,150.02879941999998,120.5,4.890330970712894,118.14849941,140.720001
2013-12-20,137.67499955,149.43499966,147.649994,140.720001,21.140006999999997,152.460007,118.67234943,10916230.0,12232592.0,149.43499966,120.5,4.995814608447662,118.67234943,143.240005
2013-12-23,138.78349985,148.73199978,147.940002,143.240005,22.170006,152.460007,119.19459945499999,10630670.0,12174080.0,148.73199978,120.5,5.008790665918405,119.19459945499999,143.550003
2013-12-24,140.31200025,148.16579984,152.460007,143.550003,30.570007999999987,152.460007,119.75604948,10614380.0,12217518.0,148.16579984,120.5,5.33779867466717,119.75604948,151.410004
2013-12-26,142.06200025,147.59699980000002,147.979996,151.410004,35.0,155.5,120.33864948,10276580.0,12140538.0,147.59699980000002,124.169998,5.508999853871909,120.33864948,155.5
2013-12-27,143.2709999,146.94819974,140.720001,155.5,24.179992999999982,155.5,120.909999465,9931210.0,12085634.0,146.94819974,124.169998,5.325659327151921,120.909999465,151.119995
2013-12-30,144.52900004999998,146.34099972,143.240005,151.119995,25.16000299999999,155.5,121.49574947,9668775.0,12040884.0,146.34099972,124.169998,5.38091286650954,121.49574947,152.440002
2013-12-31,145.8419998,145.6815997,143.550003,152.440002,26.25999499999999,155.5,122.07214942499999,9494335.0,12007516.0,145.6815997,137.360001,5.296776864662073,122.07214942499999,150.429993
2014-01-03,146.6425003,144.79199979999999,155.5,150.100006,10.610001000000011,155.5,123.21529943,8097000.0,11766808.0,144.79199979999999,137.360001,5.2603601615889595,123.21529943,149.559998
2014-01-06,146.9685005,144.4419998,151.119995,149.559998,6.520004,155.5,123.77024944,7900635.0,11607622.0,144.4419998,137.360001,5.153202434206886,123.77024944,147.0
2014-01-07,147.5685005,143.96619994,152.440002,147.0,12.0,155.5,124.33394945,7756860.0,11491790.0,143.96619994,139.649994,5.251988583172401,124.33394945,149.360001
2014-01-08,148.05250015,143.59859984000002,150.429993,149.360001,9.679992999999996,155.5,124.90269945,7611945.0,11463144.0,143.59859984000002,139.649994,5.332356857779696,124.90269945,151.279999
2014-01-09,148.3195,143.2919998,150.100006,151.279999,5.339997000000011,155.5,125.45104944,7343635.0,11413950.0,143.2919998,139.649994,5.175387407927479,125.45104944,147.529999
2014-01-10,148.62300034999998,142.91699979999999,149.559998,147.529999,6.070007000000004,155.5,125.988849445,7359050.0,11280638.0,142.91699979999999,140.720001,5.099623570515849,125.988849445,145.720001
2014-01-13,148.21650010000002,142.5193997,147.0,145.720001,-8.130004999999983,155.5,126.49609943,7136465.0,11238924.0,142.5193997,139.339996,4.832566003874679,126.49609943,139.339996
2014-01-14,148.8975006,142.54599973999998,149.360001,139.339996,13.620010000000008,161.270004,127.08279945,7987220.0,11604388.0,142.54599973999998,139.339996,5.7505236814786,127.08279945,161.270004
2014-01-15,149.70700075,142.58519988,151.279999,161.270004,16.19000300000002,164.130005,127.681749475,8676735.0,11870088.0,142.58519988,139.339996,5.870239090424412,127.681749475,164.130005
2014-01-16,150.63250045,142.50059996,147.529999,164.130005,18.509994000000006,170.970001,128.33109948999999,8749955.0,11846868.0,142.50059996,139.339996,6.1565511995207745,128.33109948999999,170.970001
2014-01-17,151.73400039999999,142.3645999,145.720001,170.970001,22.029999000000004,170.970001,128.97109947500002,8631170.0,11581650.0,142.3645999,139.339996,6.116366769207487,128.97109947500002,170.009995
2014-01-21,153.532,142.87499968,139.339996,170.009995,35.959992,176.679993,129.64764944499998,8480905.0,11154910.0,142.87499968,139.339996,6.39556301362759,129.64764944499998,176.679993
2014-01-22,155.29799965,143.65079956,161.270004,176.679993,35.31999300000001,178.559998,130.331299425,8461405.0,10849668.0,143.65079956,139.339996,6.474257240446101,130.331299425,178.559998
2014-01-23,157.19549949999998,144.52179962,164.130005,178.559998,37.949996999999996,181.5,131.036299425,8585500.0,10557458.0,144.52179962,139.339996,6.597321372847278,131.036299425,181.5
2014-01-24,158.35499959999999,145.1197998,170.970001,181.5,23.19000200000002,181.5,131.69999945,8471640.0,10430792.0,145.1197998,139.339996,6.30849783627032,131.69999945,174.600006
2014-01-27,159.06099935,145.75619964,170.009995,174.600006,14.119994999999989,181.5,132.330149425,8550985.0,10305416.0,145.75619964,139.339996,6.100041946422856,132.330149425,169.619995
2014-01-28,160.42399985,146.5497998,176.679993,169.619995,27.260010000000023,181.5,133.00329945,8582645.0,10174118.0,146.5497998,139.339996,6.466722999862834,133.00329945,178.380005
2014-01-29,161.56349955000002,147.3023996,178.559998,178.380005,22.789994000000007,181.5,133.662949435,8656045.0,10048754.0,147.3023996,139.339996,6.334868285260292,133.662949435,175.229996
2014-01-30,163.18399970000002,148.25019958000001,181.5,175.229996,32.41000300000002,182.839996,134.34919941500002,8871175.0,10022050.0,148.25019958000001,139.339996,6.653411622160391,134.34919941500002,182.839996
2014-01-31,164.7494996,149.44679962,174.600006,182.839996,31.30999799999998,182.839996,135.02899943,8887195.0,9689462.0,149.44679962,139.339996,6.593554273484904,135.02899943,181.410004
2014-02-04,167.71349955,151.61959962,178.380005,177.110001,31.729996,182.839996,136.3341994,8956950.0,9245170.0,151.61959962,139.339996,6.481373105122359,136.3341994,178.729996
2014-02-05,168.9664994,152.66599962,175.229996,178.729996,25.05999699999998,182.839996,136.95534939499998,9068645.0,9152454.0,152.66599962,139.339996,6.300962967809252,136.95534939499998,174.419998
2014-02-06,170.3214997,153.80599978,182.839996,174.419998,27.100006000000008,182.839996,137.59219943,9052565.0,9047352.0,153.80599978,139.339996,6.466722999862833,137.59219943,178.380005
2014-02-07,172.2714997,155.11979983999998,181.410004,178.380005,39.0,186.529999,138.27269942499998,9229890.0,9020576.0,155.11979983999998,139.339996,6.8078696863905295,138.27269942499998,186.529999
2014-02-10,174.81349955000002,156.6409998,177.110001,186.529999,50.83999700000001,196.559998,138.99549941499998,9506120.0,9002280.0,156.6409998,139.339996,7.227710599736739,138.99549941499998,196.559998
2014-02-11,177.6774995,158.03459966,178.729996,196.559998,57.279998999999975,196.619995,139.72259938500002,9725810.0,8969126.0,158.03459966,161.270004,7.230221985358813,139.72259938500002,196.619995
2014-02-12,179.37999965,159.39539982,174.419998,196.619995,34.050003000000004,196.619995,140.424499425,8604145.0,8878276.0,159.39539982,164.130005,7.175806411712285,140.424499425,195.320007
2014-02-13,181.15499965,160.90459996,178.380005,195.320007,35.5,199.630005,141.15269944,7982330.0,8883838.0,160.90459996,169.619995,7.356216549025392,141.15269944,199.630005
2014-02-14,182.5179994,161.97519993999998,186.529999,199.630005,27.259995000000004,199.630005,141.877449425,7692260.0,8493350.0,161.97519993999998,169.619995,7.297614244353884,141.877449425,198.229996
2014-02-18,184.2024995,163.27019994,196.559998,198.229996,33.69000199999999,203.699997,142.625399405,7698590.0,8417052.0,163.27019994,169.619995,7.526580390396838,142.625399405,203.699997
2014-02-19,185.05049979999998,164.3334,196.619995,203.699997,16.960005999999993,203.699997,143.320849405,8020305.0,8554664.0,164.3334,169.619995,7.10548376331033,143.320849405,193.639999
2014-02-20,186.62099995,165.78560000000002,195.320007,193.639999,31.41000299999999,209.970001,144.07319941,8569290.0,8756518.0,165.78560000000002,169.619995,7.789033477983821,144.07319941,209.970001
2014-02-21,188.02600025,167.1456,199.630005,209.970001,28.100006000000008,209.970001,144.84364945000002,8566860.0,8731664.0,167.1456,169.619995,7.7735460348910035,144.84364945000002,209.600006
2014-02-24,190.17849965,168.65479984,198.229996,209.600006,43.049987999999985,217.649994,145.652949415,8597565.0,8682268.0,168.65479984,169.619995,8.110506618271522,145.652949415,217.649994
2014-02-25,194.0974999,170.82179996,203.699997,217.649994,78.38000500000001,248.0,146.54594940500002,9795830.0,9193146.0,170.82179996,174.419998,9.38091295022658,146.54594940500002,248.0
2014-02-26,197.82849965,172.93239993999998,193.639999,248.0,74.61999499999999,253.0,147.427149395,10721390.0,9469882.0,172.93239993999998,174.419998,9.590205550029536,147.427149395,253.0
2014-02-27,201.6939995,175.03019992,209.970001,253.0,77.30999700000001,253.0,148.250849345,11321905.0,9616960.0,175.03019992,174.419998,9.570950337838024,148.250849345,252.539993
2014-02-28,204.79249959999999,176.96759984,209.600006,252.539993,61.970001999999994,253.0,149.058699345,11623145.0,9775250.0,176.96759984,174.419998,9.247384187835255,149.058699345,244.809998
2014-03-04,212.13649905000003,181.06679966,248.0,250.559998,77.729995,254.839996,150.700249335,12051205.0,9770410.0,181.06679966,174.419998,9.667225059322941,150.700249335,254.839996
2014-03-05,215.83299945,183.30559972,253.0,254.839996,73.93000799999999,254.839996,151.506049355,12113675.0,9634324.0,183.30559972,174.419998,9.575973820677012,151.506049355,252.660004
2014-03-06,219.75899965,185.49959966000003,252.539993,252.660004,78.520004,254.839996,152.32104935499999,12118330.0,9633294.0,185.49959966000003,178.380005,9.587694122548937,152.32104935499999,252.940002
2014-03-07,223.15049974999997,187.55279974,244.809998,252.940002,67.83000199999998,254.839996,153.11414941,12216865.0,9681830.0,187.55279974,186.529999,9.30598649250676,153.11414941,246.210007
2014-03-10,225.76599960000004,189.30139958,250.559998,246.210007,52.30999700000001,254.839996,153.8721494,12156845.0,9637562.0,189.30139958,193.639999,8.997488739953486,153.8721494,238.839996
2014-03-11,227.65849989999998,190.87959966000003,254.839996,238.839996,37.85000599999998,254.839996,154.580549405,11948815.0,9671174.0,190.87959966000003,193.639999,8.812055831396226,154.580549405,234.410004
2014-03-12,229.9020004,192.68699986,252.660004,234.410004,44.87001000000001,254.839996,155.30259942,11901040.0,9757058.0,192.68699986,193.639999,9.108414194575731,155.30259942,241.490005
2014-03-13,232.0254997,194.39399968,252.940002,241.490005,42.469986000000006,254.839996,155.939899375,11954170.0,9792434.0,194.39399968,193.639999,8.953537168419304,155.939899375,237.789993
2014-03-14,233.59249950000003,196.00479984,246.210007,237.789993,31.339995999999985,254.839996,156.57159939500002,11967190.0,9872980.0,196.00479984,193.639999,8.668062397156232,156.57159939500002,230.970001
2014-03-17,235.37999950000003,197.68239964,238.839996,230.970001,35.75,254.839996,157.21674939000002,11954920.0,9867464.0,197.68239964,193.639999,8.794056332945011,157.21674939000002,233.979996
2014-03-18,237.19699929999996,199.49199954,234.410004,233.979996,36.33999600000001,254.839996,157.928149345,11800395.0,9898410.0,199.49199954,193.639999,9.047718838330633,157.928149345,240.039993
2014-03-19,239.30699915,201.26879945999997,241.490005,240.039993,42.199997000000025,254.839996,158.644399345,11245510.0,9892614.0,201.26879945999997,209.600006,8.871913180071711,158.644399345,235.839996
2014-03-20,240.5539993,202.97979952000003,237.789993,235.839996,24.94000299999999,254.839996,159.344749385,10536290.0,9868290.0,202.97979952000003,209.600006,8.832985091376521,159.344749385,234.910004
2014-03-21,241.51849895,204.53199952,230.970001,234.910004,19.28999299999998,254.839996,160.012349365,10556195.0,9909364.0,204.53199952,217.649994,8.580996591921163,160.012349365,228.889999
2014-03-24,241.64449915,205.9847995,233.979996,228.889999,2.520004,254.839996,160.62644936499998,10708715.0,10028300.0,205.9847995,220.169998,8.21599025600629,160.62644936499998,220.169998
2014-03-25,240.26649925,207.47919952,240.039993,220.169998,-27.559998000000007,254.839996,161.21844937,9467900.0,10036686.0,207.47919952,220.169998,8.22729222382973,161.21844937,220.440002
2014-03-26,238.2644996,208.95159973999998,235.839996,220.440002,-40.03999300000001,254.839996,161.78299939000001,8583035.0,10048510.0,208.95159973999998,212.960007,7.914190703817109,161.78299939000001,212.960007
2014-03-27,236.00350029999998,209.8725998,234.910004,212.960007,-45.219986000000006,254.839996,162.34724942,8160530.0,9686284.0,209.8725998,207.320007,7.678108651239375,162.34724942,207.320007
2014-03-28,234.38150015000002,210.8373996,228.889999,207.320007,-32.44000300000002,254.839996,162.92044937999998,7915280.0,9470668.0,210.8373996,207.320007,7.889493674738121,162.92044937999998,212.369995
2014-03-31,232.2760001,211.58699952000003,220.169998,212.369995,-42.11000100000001,254.839996,163.47179936499998,7679815.0,9399080.0,211.58699952000003,207.320007,7.725408360209645,163.47179936499998,208.449997
2014-04-02,229.26399980000002,213.59839964000003,212.960007,216.970001,-22.370010999999977,252.940002,164.695599335,7853435.0,9383336.0,213.59839964000003,207.320007,8.639598268714876,164.695599335,230.289993
2014-04-03,227.8869994,214.53519956,207.320007,230.289993,-27.540008,246.210007,165.30564931,8031565.0,9461358.0,214.53519956,207.320007,8.434910147966104,165.30564931,225.399994
2014-04-04,226.18799885000004,215.14979948,212.369995,225.399994,-33.98001099999999,241.490005,165.84339929,8208230.0,9530922.0,215.14979948,207.320007,7.88363352380216,165.84339929,212.229996
2014-04-07,224.62199925,215.80819943999998,208.449997,212.229996,-31.319992000000013,241.490005,166.3777493,8314600.0,9574746.0,215.80819943999998,207.320007,7.6864802296559365,166.3777493,207.520004
2014-04-08,223.6744994,216.72499968,216.970001,207.520004,-18.949996999999996,241.490005,166.95729932000003,8218560.0,9538204.0,216.72499968,207.320007,8.01883700371859,166.95729932000003,215.460007
2014-04-09,222.44649879999997,217.49599944,230.289993,215.460007,-24.560012,240.039993,167.534499295,7988735.0,9519494.0,217.49599944,207.320007,8.080368442041378,167.534499295,216.929993
2014-04-10,220.76649925,218.07519956,225.399994,216.929993,-33.59999100000002,240.039993,168.043449295,8037495.0,9545014.0,218.07519956,204.190002,7.547091274470127,168.043449295,204.190002
2014-04-11,219.40699915,218.49399961999998,212.229996,204.190002,-27.190001999999993,240.039993,168.533749285,8076370.0,9555058.0,218.49399961999998,203.779999,7.529929155710725,168.533749285,203.779999
2014-04-14,217.61249915,218.82759946,207.520004,203.779999,-35.889999999999986,240.039993,168.97794926499998,8165890.0,9578942.0,218.82759946,198.089996,7.291754051559403,168.97794926499998,198.089996
2014-04-15,215.30599970000003,219.16359952,215.460007,198.089996,-46.12998900000002,235.839996,169.41069928000002,8536740.0,9716830.0,219.16359952,193.910004,7.116785772992291,169.41069928000002,193.910004
2014-04-16,213.46949995,219.57119962000002,216.929993,193.910004,-36.729995,234.910004,169.82034928500002,8643285.0,9767148.0,219.57119962000002,193.910004,7.3344499512118055,169.82034928500002,199.110001
2014-04-17,211.6299995,220.04519956000001,204.190002,199.110001,-36.790009,230.289993,170.22184925999997,8748730.0,9740324.0,220.04519956000001,193.910004,7.293009765299699,170.22184925999997,198.119995
2014-04-21,210.4044998,220.56519956,203.779999,198.119995,-24.509993999999978,230.289993,170.66754929500001,8600795.0,9728656.0,220.56519956,193.910004,7.5550445188382,170.66754929500001,204.380005
2014-04-22,210.32799985000003,221.20739955999997,198.089996,204.380005,-1.5299990000000037,230.289993,171.16029931,8524590.0,9746180.0,221.20739955999997,193.910004,8.151946762325109,171.16029931,218.639999
2014-04-23,209.70549999999997,221.43599970000002,193.910004,218.639999,-12.449996999999996,230.289993,171.59219933,8496100.0,9632678.0,221.43599970000002,193.910004,7.706153775895933,171.59219933,207.990005
2014-04-24,209.4504997,221.66079982,199.110001,207.990005,-5.100005999999979,230.289993,172.01424935000003,8425495.0,9528384.0,221.66079982,193.910004,7.700712000866977,172.01424935000003,207.860001
2014-04-25,209.07699965,221.7513998,198.119995,207.860001,-7.470000999999996,230.289993,172.402149395,8300545.0,9564844.0,221.7513998,193.910004,7.3654254652752424,172.402149395,199.850006
2014-04-28,208.38399965,221.72899960000004,204.380005,199.850006,-13.859999999999985,230.289993,172.76664936499998,8168405.0,9545098.0,221.72899960000004,193.910004,7.309334588084331,172.76664936499998,198.509995
2014-04-29,208.30749970000002,221.90279964,218.639999,198.509995,-1.5299990000000037,230.289993,173.15174938500002,8038360.0,9537520.0,221.90279964,193.910004,7.66136486652846,173.15174938500002,206.919998
2014-04-30,207.8534996,221.98659968,207.990005,206.919998,-9.080002000000007,230.289993,173.55489937,7891820.0,9439676.0,221.98659968,193.910004,7.7019676727487525,173.55489937,207.889999
2014-05-02,206.00100025,222.28719968000001,199.850006,207.729996,-14.489990000000006,218.639999,174.501599355,7282855.0,8946784.0,222.28719968000001,193.910004,7.828380612322336,174.501599355,210.910004
2014-05-05,206.22000050000003,222.42739957999999,198.509995,210.910004,4.380005000000011,218.639999,174.989499365,6972925.0,8893348.0,222.42739957999999,193.910004,8.066974050522147,174.989499365,216.610001
2014-05-06,206.20800025,222.21999968,206.919998,216.610001,-0.24000499999999647,218.639999,175.42749936,6761985.0,8840514.0,222.21999968,193.910004,7.676433975572792,175.42749936,207.279999
2014-05-07,205.5025002,221.28699980000002,207.889999,207.279999,-14.110000999999983,218.639999,175.82209939,6926485.0,8390466.0,221.28699980000002,193.910004,7.428213245216126,175.82209939,201.350006
2014-05-08,203.58550035000002,219.79879971999998,207.729996,201.350006,-38.33999699999998,218.639999,176.10134938000002,7671420.0,8299506.0,219.79879971999998,178.589996,6.475512912327874,176.10134938000002,178.589996
2014-05-09,202.48899999999998,218.39319976,210.910004,178.589996,-21.93000699999999,218.639999,176.40414937000003,7735605.0,8110494.0,218.39319976,178.589996,6.629133638724723,176.40414937000003,182.259995
2014-05-12,201.53349995000002,217.19039976,216.610001,182.259995,-19.11000100000001,218.639999,176.70714936000002,7632360.0,7958744.0,217.19039976,178.589996,6.7300127974053074,176.70714936000002,184.669998
2014-05-13,201.13700035,215.98239988,207.279999,184.669998,-7.929992000000027,218.639999,177.010999385,7602070.0,7838902.0,215.98239988,178.589996,6.959816323140072,177.010999385,190.160004
2014-05-14,200.9724999,214.69799985999998,201.350006,190.160004,-3.2900089999999977,218.639999,177.290999385,7189440.0,7772124.0,214.69799985999998,178.589996,6.979070865595264,177.290999385,190.619995
2014-05-15,200.44649965000002,213.4165997,178.589996,190.619995,-10.520004999999998,218.639999,177.57524934,7131350.0,7774218.0,213.4165997,178.589996,6.894098111933785,177.57524934,188.589996
2014-05-16,200.1184998,212.18899962,182.259995,188.589996,-6.559996999999981,218.639999,177.861649335,7059395.0,7716750.0,212.18899962,178.589996,7.0184179999337815,177.861649335,191.559998
2014-05-19,199.70399935,211.18659939999998,184.669998,191.559998,-8.290008999999998,218.639999,178.1643493,7025070.0,7651938.0,211.18659939999998,178.589996,7.20803701163822,178.1643493,196.089996
2014-05-20,198.53699955,210.31579954,190.160004,196.089996,-23.339995999999985,216.610001,178.45084931499997,6812140.0,7608298.0,210.31579954,178.589996,7.174969073878993,178.45084931499997,195.300003
2014-05-21,198.10999915,209.61659939999998,190.619995,195.300003,-8.540008,216.610001,178.724699335,6711630.0,7537804.0,209.61659939999998,178.589996,7.348681680564326,178.724699335,199.449997
2014-05-22,197.96099935,208.8843994,188.589996,199.449997,-2.979996,216.610001,179.03834939,6747595.0,7467006.0,208.8843994,178.589996,7.575973778818497,179.03834939,204.880005
2014-05-23,198.3334992,208.2745996,191.559998,204.880005,7.449996999999996,216.610001,179.403699425,6598100.0,7422416.0,208.2745996,178.589996,7.677271313406086,179.403699425,207.300003
2014-05-27,198.98599935,207.88639953999999,196.089996,207.300003,13.050003000000004,216.610001,179.694099435,6513055.0,7363444.0,207.88639953999999,178.589996,7.855588399145605,179.694099435,211.559998
2014-05-28,199.1519997,207.41159972000003,195.300003,211.559998,3.320007000000004,216.610001,179.98029946,6498855.0,7355094.0,207.41159972000003,178.589996,7.800335445807264,179.98029946,210.240005
2014-05-29,199.26950000000002,206.81559996,199.449997,210.240005,2.3500060000000076,216.610001,180.29459946,6461450.0,7304098.0,206.81559996,178.589996,7.800335445807264,180.29459946,210.240005
2014-05-30,199.2715004,206.25420012000004,204.880005,210.240005,0.040008000000000266,216.610001,180.606299515,6468510.0,7314294.0,206.25420012000004,178.589996,7.696944859646084,180.606299515,207.770004
2014-06-03,198.3775001,205.17100004,211.559998,204.699997,-11.669999000000018,211.559998,181.259349515,6433265.0,7244176.0,205.17100004,178.589996,7.57848516444057,181.259349515,204.940002
2014-06-04,198.2130004,204.84740017999997,210.240005,204.940002,-3.289994000000007,211.559998,181.56929954,6322800.0,7086148.0,204.84740017999997,178.589996,7.538719696053569,181.56929954,203.990005
2014-06-05,198.4904998,204.57660002,210.240005,203.990005,5.549987999999985,211.559998,181.87929954000003,6016565.0,7009932.0,204.57660002,178.589996,7.6605275286951695,181.87929954000003,206.899994
2014-06-06,199.96949990000002,204.48079984,207.770004,206.899994,29.58000199999998,211.559998,182.17224952,5167425.0,6933262.0,204.48079984,182.259995,7.713688016479201,182.17224952,208.169998
2014-06-09,201.12200005000003,204.44059966,204.699997,208.169998,23.050003000000004,211.559998,182.459499505,4882950.0,6799462.0,204.44059966,184.669998,7.593972649391912,182.459499505,205.309998
2014-06-10,202.00350029999998,204.23919982000004,204.940002,205.309998,17.63000500000001,211.559998,182.68549949,4708570.0,6676060.0,204.23919982000004,188.589996,7.467978713603133,182.68549949,202.300003
2014-06-11,202.71900015,204.1595999,203.990005,202.300003,14.30999700000001,211.559998,182.89864951500005,4552585.0,6588010.0,204.1595999,188.589996,7.558811618200576,182.89864951500005,204.470001
2014-06-12,203.3640006,203.89059996,206.899994,204.470001,12.900009000000011,211.559998,183.09514953000001,4581935.0,6560456.0,203.89059996,188.589996,7.519046149813574,183.09514953000001,203.520004
2014-06-13,204.2555007,203.41320005999998,208.169998,203.520004,17.83000199999998,211.559998,183.29219954500002,4457130.0,6415696.0,203.41320005999998,191.559998,7.640435606548168,183.29219954500002,206.419998
2014-06-16,205.90800085,203.39740020000002,205.309998,206.419998,33.050003000000004,224.610001,183.582999565,4895065.0,6462150.0,203.39740020000002,195.300003,8.40184221020688,183.582999565,224.610001
2014-06-17,207.68700095,203.78620024,202.300003,224.610001,35.58000199999998,231.669998,183.91104956499998,5331725.0,6501336.0,203.78620024,195.300003,8.697363235553091,183.91104956499998,231.669998
2014-06-18,209.27800055000003,204.17820006,204.470001,231.669998,31.819991999999985,231.669998,184.20164954,5401430.0,6443030.0,204.17820006,199.449997,8.506906844156841,184.20164954,227.119995
2014-06-19,210.69500035000002,204.42479978,203.520004,227.119995,28.339996000000014,231.669998,184.49589949499997,5576815.0,6481106.0,204.42479978,202.300003,8.534951968813399,184.49589949499997,227.789993
2014-06-20,211.9304999,204.67799984,206.419998,227.789993,24.709991000000002,231.669998,184.79074949999998,5511285.0,6476026.0,204.67799984,202.300003,8.610297430318022,184.79074949999998,229.589996
2014-06-23,213.42649979999996,205.33859981999998,224.610001,229.589996,29.919997999999993,237.220001,185.12719954,5700500.0,6487618.0,205.33859981999998,202.300003,8.92967814690993,185.12719954,237.220001
2014-06-24,214.47349990000004,205.91299984,231.669998,237.220001,20.940001999999993,237.220001,185.454849535,5837240.0,6467792.0,205.91299984,202.300003,8.73210589083742,185.454849535,232.5
2014-06-25,215.8059996,206.68899990000003,227.119995,232.5,26.649993999999992,237.220001,185.83579954500001,5852565.0,6429764.0,206.68899990000003,202.300003,8.915864751605895,185.83579954500001,236.889999
2014-06-26,217.07399965,207.52279994,227.789993,236.889999,25.36000100000001,237.220001,186.1819496,5924010.0,6259006.0,207.52279994,202.300003,8.861867553866373,186.1819496,235.600006
2014-06-27,218.63849935000002,208.32179988,229.589996,235.600006,31.289994000000007,239.059998,186.55964957,5926705.0,6227662.0,208.32179988,202.300003,9.006697698061858,186.55964957,239.059998
2014-06-30,220.40649939999997,209.16059994000003,237.220001,239.059998,35.36000100000001,240.059998,186.935299595,5934730.0,6205698.0,209.16059994000003,202.300003,9.04855621802245,186.935299595,240.059998
2014-07-02,223.41749875,210.08319974000003,236.889999,239.720001,25.439988,240.059998,187.62044959,6188495.0,6151710.0,210.08319974000003,202.300003,8.603599941548765,187.62044959,229.429993
2014-07-03,224.53499905000004,210.50839964,235.600006,229.429993,22.350006000000008,240.059998,187.93554961,6244100.0,6109132.0,210.50839964,202.300003,8.596065700965498,187.93554961,229.25
2014-07-07,225.25949935,210.8043997,239.059998,229.25,14.490005999999994,240.059998,188.217749625,6385095.0,6117102.0,210.8043997,202.300003,8.320218221859284,188.217749625,222.660004
2014-07-08,225.9474998,211.18879972,240.059998,222.660004,13.760008999999997,240.059998,188.42349967,6636620.0,6133892.0,211.18879972,202.300003,8.169946260776323,188.42349967,219.070007
2014-07-09,226.98549955,211.67979978,239.720001,219.070007,20.759995000000004,240.059998,188.62184966499998,6666655.0,6075360.0,211.67979978,203.520004,8.336961378692402,188.62184966499998,223.059998
2014-07-10,227.73499985000004,211.93059996,229.429993,223.059998,14.990005999999994,240.059998,188.81359969500002,6710975.0,6057056.0,211.93059996,203.520004,8.186271083560953,188.81359969500002,219.460007
2014-07-11,228.46549990000003,212.13540008,229.25,219.460007,14.610001000000011,240.059998,188.99259971,6576405.0,6034290.0,212.13540008,206.419998,8.130599168296328,188.99259971,218.130005
2014-07-14,229.47949985,212.51480010000003,222.660004,218.130005,20.279999000000004,240.059998,189.19989967,6759350.0,6069556.0,212.51480010000003,218.130005,8.489326349490433,189.19989967,226.699997
2014-07-15,229.2279999,212.68820005999999,219.070007,226.699997,-5.029999000000004,240.059998,189.35459968499998,6382955.0,6102190.0,212.68820005999999,218.130005,8.191293896663625,189.35459968499998,219.580002
2014-07-16,228.5025002,212.69920012000003,223.059998,219.580002,-14.509994000000006,240.059998,189.48589973500003,5919935.0,6080140.0,212.69920012000003,217.160004,8.089996362076034,189.48589973500003,217.160004
2014-07-17,227.91650015,212.86160002,219.460007,217.160004,-11.720000999999996,240.059998,189.59604973,5805395.0,6060394.0,212.86160002,215.399994,8.016324948360195,189.59604973,215.399994
2014-07-18,227.52800070000004,213.23499998,218.130005,215.399994,-7.76998900000001,240.059998,189.73114975000001,5578425.0,5941882.0,213.23499998,215.399994,8.209711729163326,189.73114975000001,220.020004
2014-07-21,227.07550054999996,214.07399992000003,226.699997,220.020004,-9.050003000000004,240.059998,189.92909973,5524340.0,5617194.0,214.07399992000003,215.399994,8.231477699099115,189.92909973,220.539993
2014-07-22,226.19350060000002,214.82040006,219.580002,220.539993,-17.63999899999999,240.059998,190.16044975,5271285.0,5501890.0,214.82040006,215.399994,8.191293896663627,190.16044975,219.580002
2014-07-23,225.69300085,215.5768002,217.160004,219.580002,-10.009995000000004,240.059998,190.367999795,5021655.0,5423510.0,215.5768002,215.399994,8.313102315324507,190.367999795,222.490005
2014-07-24,225.02550055,216.24439997999997,215.399994,222.490005,-13.35000599999998,240.059998,190.57034972499997,4893850.0,5346476.0,216.24439997999997,215.399994,8.357053258980889,190.57034972499997,223.539993
2014-07-25,224.4240006,216.90340022,220.020004,223.539993,-12.029999000000004,240.059998,190.81454978000002,4792135.0,5300084.0,216.90340022,215.399994,8.358309600598986,190.81454978000002,223.570007
2014-07-28,223.71200104999997,217.62800044,220.539993,223.570007,-14.239991000000003,240.059998,191.09474982,4836100.0,5309562.0,217.62800044,215.399994,8.410632750549725,191.09474982,224.820007
2014-07-29,222.95950090000002,218.29700038,219.580002,224.820007,-15.050003000000004,239.720001,191.35514983000002,4763790.0,5287456.0,218.29700038,215.399994,8.418585367039999,191.35514983000002,225.009995
2014-07-30,222.41950075,218.95360042000001,222.490005,225.009995,-10.800003000000004,229.429993,191.60624983500003,4793375.0,5294578.0,218.95360042000001,215.399994,8.58225230566147,191.60624983500003,228.919998
2014-07-31,222.11300124999997,219.51360042,223.539993,228.919998,-6.129989999999992,229.25,191.824149845,4779460.0,5338638.0,219.51360042,215.399994,8.347007632775549,191.824149845,223.300003
2014-08-04,223.10700145,220.86280054,224.820007,233.270004,15.860000000000014,238.520004,192.345599885,5119215.0,5465750.0,220.86280054,215.399994,8.984094348434265,192.345599885,238.520004
2014-08-05,224.07800135000002,221.48660058,225.009995,238.520004,19.419997999999993,238.520004,192.62404989499998,4996835.0,5493386.0,221.48660058,215.399994,8.982838634693968,192.62404989499998,238.490005
2014-08-06,225.37150110000002,222.23400048,228.919998,238.490005,25.86999499999999,248.929993,192.95169989,5253530.0,5571550.0,222.23400048,215.399994,9.419841080780298,192.95169989,248.929993
2014-08-07,227.0180007,223.07700035999997,223.300003,248.929993,32.929992,252.389999,193.35064985499997,5384280.0,5611226.0,223.07700035999997,215.399994,9.564671810995062,193.35064985499997,252.389999
2014-08-08,228.5180007,223.83480035999997,233.270004,252.389999,30.0,252.389999,193.73359991499999,5473670.0,5639178.0,223.83480035999997,215.399994,9.386354767114064,193.73359991499999,248.130005
2014-08-11,230.14900120000001,224.86580041999997,238.520004,248.130005,32.62000999999998,259.320007,194.20769994999998,5518575.0,5689582.0,224.86580041999997,215.399994,9.854751689190117,194.20769994999998,259.320007
2014-08-12,232.16800065,225.9710003,238.490005,259.320007,40.379988999999995,259.959991,194.641749935,5551765.0,5723866.0,225.9710003,215.399994,9.881540472228577,194.641749935,259.959991
2014-08-13,234.32550035,227.07840022,248.929993,259.959991,43.14999400000002,260.309998,195.094999905,5696170.0,5785302.0,227.07840022,215.399994,9.896191247224426,195.094999905,260.309998
2014-08-14,236.6245009,228.22620022000004,252.389999,260.309998,45.98001099999999,261.380005,195.587599925,5670030.0,5799286.0,228.22620022000004,219.580002,9.940980156591896,195.587599925,261.380005
2014-08-15,238.72400119999998,229.32840054,248.130005,261.380005,41.99000600000002,262.01001,196.07529996999997,5650740.0,5795552.0,229.32840054,219.580002,9.96735123345967,196.07529996999997,262.01001
2014-08-18,240.69400165000002,230.36380062,259.320007,262.01001,39.40000899999998,262.01001,196.57889997499998,5752090.0,5851060.0,230.36380062,219.580002,9.880703762273086,196.57889997499998,259.940002
2014-08-19,242.55300204999998,231.39280086,259.959991,259.940002,37.180008000000015,262.01001,197.063000015,5882330.0,5901642.0,231.39280086,222.490005,9.747594003666567,197.063000015,256.76001
2014-08-20,244.21400215,232.46100093999996,260.309998,256.76001,33.220001999999994,262.01001,197.53070006,5879560.0,5891906.0,232.46100093999996,223.300003,9.703642432132385,197.53070006,255.710007
2014-08-21,245.7540023,233.45840084,261.380005,255.710007,30.800003000000004,262.01001,197.92640005500002,5863065.0,5870668.0,233.45840084,223.300003,9.646295799342656,197.92640005500002,254.339996
2014-08-22,247.4145019,234.52360074,262.01001,254.339996,33.20999199999997,262.01001,198.32625005999998,5850380.0,5807462.0,234.52360074,223.300003,9.748430713622056,198.32625005999998,256.779999
2014-08-25,249.30100094999997,235.64620054,259.940002,256.779999,37.72998099999998,262.549988,198.88319998,5740570.0,5822938.0,235.64620054,223.300003,9.989953913350947,198.88319998,262.549988
2014-08-26,251.13750069999998,236.38880031999997,256.76001,262.549988,36.729994999999974,262.549988,199.49304991,5762350.0,5634370.0,236.38880031999997,223.300003,9.956048595899908,199.49304991,261.73999
2014-08-27,252.8540008,237.02040036,255.710007,261.73999,34.33000200000001,263.25,200.119549925,5665215.0,5427974.0,237.02040036,223.300003,10.019255379625601,200.119549925,263.25
2014-08-28,254.88199989999998,237.75520016000002,254.339996,263.25,40.55998199999999,263.859985,200.71534986500004,5420005.0,5346068.0,237.75520016000002,233.270004,10.044788448923763,200.71534986500004,263.859985
2014-08-29,256.7035003,238.59340054,256.779999,263.859985,36.430008000000015,269.700012,201.37484990999997,5147570.0,5299148.0,238.59340054,238.490005,10.289243335673655,201.37484990999997,269.700012
2014-09-03,261.1184997,240.56340054,261.73999,284.119995,42.699996999999996,284.119995,202.81989988,5411390.0,5377742.0,240.56340054,248.130005,10.770197311435647,202.81989988,281.190002
2014-09-04,262.9740005,241.63420072,263.25,281.190002,37.110016,286.040009,203.57284993999997,5366010.0,5383058.0,241.63420072,248.130005,10.973211426254153,203.57284993999997,286.040009
2014-09-05,264.2240013,242.44420103999997,263.859985,286.040009,25.000016000000016,286.040009,204.35190000500003,5550560.0,5490424.0,242.44420103999997,248.130005,10.61113547974616,204.35190000500003,277.390015
2014-09-08,265.92300029999996,243.37440062000002,269.700012,277.390015,33.97997999999998,286.040009,205.13199995,5571135.0,5498028.0,243.37440062000002,254.339996,10.80870643820455,205.13199995,282.109985
2014-09-09,266.88100049999997,244.16280088,284.119995,282.109985,19.160004000000015,286.040009,205.91885,5394010.0,5476504.0,244.16280088,254.339996,10.656761099069124,205.91885,278.480011
2014-09-10,267.93800124999996,244.98360104,281.190002,278.480011,21.140015000000005,286.040009,206.71385004,5263960.0,5455558.0,244.98360104,254.339996,10.766430212073274,206.71385004,281.100006
2014-09-11,268.93800125,245.79540097999998,286.040009,281.100006,20.0,286.040009,207.508500045,5105635.0,5444158.0,245.79540097999998,254.339996,10.733361646436247,207.508500045,280.309998
2014-09-12,269.82900159999997,246.79080136000002,277.390015,280.309998,17.820007000000032,286.040009,208.30030012500004,5065535.0,5350102.0,246.79080136000002,254.339996,10.68689927529927,208.30030012500004,279.200012
2014-09-15,269.42150115,247.28300137999997,282.109985,279.200012,-8.150009000000011,286.040009,208.96710013,5694910.0,5575876.0,247.28300137999997,253.860001,9.626203919054172,208.96710013,253.860001
2014-09-16,269.46150055,248.0446011,278.480011,253.860001,0.7999879999999848,286.040009,209.63610007,5817455.0,5624004.0,248.0446011,253.860001,9.914190075939318,209.63610007,260.73999
2014-09-17,269.6925003,248.89080106,281.100006,260.73999,4.61999499999996,286.040009,210.3066001,5809600.0,5570834.0,248.89080106,253.860001,9.940980156591895,210.3066001,261.380005
2014-09-18,270.0980003,249.70600124,280.309998,261.380005,8.109999999999985,286.040009,211.004850145,5842835.0,5562378.0,249.70600124,253.860001,10.043115029012776,211.004850145,263.820007
2014-09-19,270.34700085,250.50320123999998,279.200012,263.820007,4.980010999999962,286.040009,211.577950195,6037600.0,5601318.0,250.50320123999998,253.860001,9.854751689190117,211.577950195,259.320007
2014-09-22,270.00950085,251.14120112,253.860001,259.320007,-6.749999999999972,286.040009,212.133350205,6306635.0,5699554.0,251.14120112,250.029999,9.465885703888066,212.133350205,250.029999
2014-09-23,269.40250165000003,251.61540126,260.73999,250.029999,-12.139983999999998,286.040009,212.68300024500002,6373665.0,5668664.0,251.61540126,250.029999,9.48179215076569,212.68300024500002,250.410004
2014-09-24,268.92250210000003,252.2666012,261.380005,250.410004,-9.599990999999989,286.040009,213.256900235,6370240.0,5629284.0,252.2666012,250.029999,9.554207181004914,213.256900235,252.139999
2014-09-25,268.10750195,252.86240105999997,263.820007,252.139999,-16.300003000000004,286.040009,213.78365019,6462695.0,5645078.0,252.86240105999997,246.949997,9.336961378692406,213.78365019,246.949997
2014-09-26,267.244503,253.4864013,259.320007,246.949997,-17.259978999999987,286.040009,214.30570021,6510220.0,5627998.0,253.4864013,246.600006,9.322311273432879,214.30570021,246.600006
2014-09-29,266.02250215,253.99120112,250.029999,246.600006,-24.44001700000001,286.040009,214.833750215,6430500.0,5639978.0,253.99120112,245.259995,9.266220396241966,214.833750215,245.259995
2014-09-30,263.95050205,254.43400112,250.410004,245.259995,-41.44000200000002,286.040009,215.309800175,6149795.0,5648300.0,254.43400112,242.679993,9.158225331026602,215.309800175,242.679993
2014-10-02,260.17200164999997,255.42580103999998,246.949997,240.240005,-34.620011000000005,282.109985,216.29015020999998,6141090.0,5830832.0,255.42580103999998,240.240005,9.524069004774766,216.29015020999998,251.419998
2014-10-03,259.06300124999996,256.05920132000006,246.600006,251.419998,-22.180008000000015,282.109985,216.80390021,5852910.0,5874048.0,256.05920132000006,240.240005,9.682713172152086,216.80390021,255.210007
2014-10-06,257.98850175,256.80020108,245.259995,255.210007,-21.489989999999977,281.100006,217.36710020499999,5963495.0,5966572.0,256.80020108,240.240005,9.909167262836645,217.36710020499999,260.619995
2014-10-07,257.04300155,257.49520108,242.679993,260.619995,-18.910004000000015,281.100006,217.961350235,5959830.0,5925996.0,257.49520108,240.240005,9.865216319180261,217.961350235,259.570007
2014-10-08,255.95200119999998,258.18060116,240.240005,259.570007,-21.820007000000032,280.309998,218.541550205,6023520.0,5959450.0,258.18060116,240.240005,9.85307701352353,218.541550205,259.279999
2014-10-09,254.78700179999996,258.7424014,251.419998,259.279999,-23.299987999999985,279.200012,219.10885023999998,6203280.0,6008120.0,258.7424014,240.240005,9.75805863365671,219.10885023999998,257.01001
2014-10-10,252.67250140000002,259.01460142,255.210007,257.01001,-42.29000800000003,263.820007,219.53635024000002,6681465.0,6110904.0,259.01460142,236.910004,8.916702131297708,219.53635024000002,236.910004
2014-10-13,251.20900115,258.84100126,260.619995,236.910004,-29.270004999999998,263.820007,219.88180022,6422130.0,6098362.0,258.84100126,224.589996,8.401004830515067,219.88180022,224.589996
2014-10-14,249.52500155,258.61180114,259.570007,224.589996,-33.67999199999997,263.820007,220.26150023500003,6362390.0,6121274.0,258.61180114,224.589996,8.504395458534766,220.26150023500003,227.059998
2014-10-15,247.94100115,258.43600098,259.279999,227.059998,-31.680007999999987,263.820007,220.64780020999999,6560870.0,6196448.0,258.43600098,224.589996,8.614901909372206,220.64780020999999,229.699997
2014-10-16,246.0675011,257.98440124,257.01001,229.699997,-37.47000099999997,260.619995,221.027400275,6646205.0,6119448.0,257.98440124,224.589996,8.474676244230906,221.027400275,226.350006
2014-10-17,244.47550054999996,257.48620117999997,236.910004,226.350006,-31.840010999999976,260.619995,221.414300225,6833130.0,6180858.0,257.48620117999997,224.589996,8.521975953201174,221.414300225,227.479996
2014-10-20,243.49750065000003,257.1330011,224.589996,227.479996,-19.559998000000007,260.619995,221.81885024000002,6597145.0,6148944.0,257.1330011,224.589996,8.647133137175942,221.81885024000002,230.470001
2014-10-21,242.74400025,256.65340088,227.059998,230.470001,-15.070007999999973,260.619995,222.26055022,6520725.0,6069524.0,256.65340088,224.589996,8.850983920091421,222.26055022,235.339996
2014-10-22,241.69200059999997,256.07620118,229.699997,235.339996,-21.03999299999998,260.619995,222.669250245,6539080.0,6024210.0,256.07620118,224.589996,8.673504214043716,222.669250245,231.100006
2014-10-23,241.1090004,255.57580108000002,226.350006,231.100006,-11.660003999999986,260.619995,223.08930021499998,6471990.0,5955406.0,255.57580108000002,224.589996,8.848890868517833,223.08930021499998,235.289993
2014-10-24,240.54100034999996,255.05300108,227.479996,235.289993,-11.360001000000011,260.619995,223.527850245,6455385.0,5942140.0,255.05300108,224.589996,8.846798444822042,223.527850245,235.240005
2014-10-27,239.3615005,254.24620083999997,230.470001,235.240005,-23.58999700000001,260.619995,223.90760022999999,6690415.0,6055848.0,254.24620083999997,221.669998,8.27877803594718,223.90760022999999,221.669998
2014-10-28,239.36600104999997,253.90280088,235.339996,221.669998,0.09001100000000406,260.619995,224.42475027,7004315.0,6149190.0,253.90280088,221.669998,9.161993058266772,224.42475027,242.770004
2014-10-29,239.25900109999998,253.5296008,231.100006,242.770004,-2.139998999999989,260.619995,224.80890028000002,6955355.0,6141744.0,253.5296008,221.669998,8.966513853767852,224.80890028000002,238.100006
2014-10-30,238.62100139999998,253.18860074,235.289993,238.100006,-12.759994000000006,260.619995,225.18155027499998,6666865.0,6145754.0,253.18860074,221.669998,8.989954541228743,225.18155027499998,238.660004
2014-10-31,237.94550089999998,252.93580075999998,235.240005,238.660004,-13.510009999999994,260.619995,225.535200255,6585315.0,6162948.0,252.93580075999998,221.669998,9.117204148899301,225.535200255,241.699997
2014-11-04,236.01200024999997,252.1796008,242.770004,242.589996,-20.64001399999998,259.279999,226.20935025999998,6369695.0,6177646.0,252.1796008,221.669998,9.001255881174384,226.20935025999998,238.929993
2014-11-05,234.59650034999999,251.56420102,238.100006,238.929993,-28.30999799999998,257.01001,226.471400275,6569235.0,6282204.0,251.56420102,221.669998,8.66806239715624,226.471400275,230.970001
2014-11-06,233.80699990000002,251.12360103999998,238.660004,230.970001,-15.790009000000026,242.770004,226.77000027999998,6968905.0,6529596.0,251.12360103999998,221.669998,9.0971122267523,226.77000027999998,241.220001
2014-11-07,233.97149955,250.65040128,241.699997,241.220001,3.2899930000000097,242.770004,227.098000235,6582540.0,6575918.0,250.65040128,221.669998,9.054416368958417,227.098000235,240.199997
2014-11-10,234.8384994,250.0950009,242.589996,240.199997,17.339996999999983,242.770004,227.459550225,6247965.0,6538520.0,250.0950009,221.669998,9.12683144105616,227.459550225,241.929993
2014-11-11,236.0394996,249.43420103999998,238.929993,241.929993,24.020004,251.080002,227.82305021,6290140.0,6500448.0,249.43420103999998,221.669998,9.50983727542225,227.82305021,251.080002
2014-11-12,237.00950004999999,248.79240112,230.970001,251.080002,19.40000900000001,251.080002,228.19240026,6126315.0,6482418.0,248.79240112,221.669998,9.42695757333436,228.19240026,249.100006
2014-11-13,238.2769996,248.10560088,241.220001,249.100006,25.34999099999999,251.699997,228.536700265,6168150.0,6440304.0,248.10560088,221.669998,9.535789348505217,228.536700265,251.699997
2014-11-14,239.83699945000004,247.73140044,240.199997,251.699997,31.199997000000025,258.679993,228.92305021,5945735.0,6338928.0,247.73140044,221.669998,9.827961650396064,228.92305021,258.679993
2014-11-17,241.0124992,247.16880066,241.929993,258.679993,23.509995000000004,258.679993,229.30740018499998,5972300.0,6309410.0,247.16880066,221.669998,9.631226732156845,229.30740018499998,253.979996
2014-11-18,242.13049999999998,246.75320068000002,251.080002,253.979996,22.360016,258.679993,229.702250265,5989435.0,6307694.0,246.75320068000002,221.669998,9.786941096146565,229.702250265,257.700012
2014-11-19,242.96249995000002,246.08600066,249.100006,257.700012,16.63999899999999,258.679993,230.06885029999998,6179530.0,6390438.0,246.08600066,221.669998,9.370029944329437,230.06885029999998,247.740005
2014-11-20,243.63350065,245.45400084000002,251.699997,247.740005,13.42001399999998,258.679993,230.42050031,6184270.0,6386860.0,245.45400084000002,221.669998,9.410632792408249,230.42050031,248.710007
2014-11-21,244.01050035000003,244.72560058,258.679993,248.710007,7.539994000000007,258.679993,230.70175031,6385360.0,6470070.0,244.72560058,221.669998,9.162411434173784,230.70175031,242.779999
2014-11-24,245.2630005,244.58280058,253.979996,242.779999,25.050003000000004,258.679993,230.952550325,6147180.0,6236756.0,244.58280058,230.970001,9.32733408653555,230.952550325,246.720001
2014-11-25,245.5290001,244.32980070000002,257.700012,246.720001,5.319992000000013,258.679993,231.20990033,5779355.0,6133950.0,244.32980070000002,230.970001,9.38468004958896,231.20990033,248.089996
2014-11-26,246.04599990000003,244.07100064,247.740005,248.089996,10.339995999999985,258.679993,231.475500305,5630290.0,6070020.0,244.07100064,230.970001,9.399330782726286,231.475500305,248.440002
2014-11-28,246.3389999,243.68500057999998,248.710007,248.440002,5.860000000000014,258.679993,231.6999503,5574855.0,6038562.0,243.68500057999998,230.970001,9.23524546819781,231.6999503,244.520004
2014-12-02,245.27799984999996,242.7594003,246.720001,231.639999,-11.160003000000017,258.679993,232.005650295,5901220.0,6028190.0,242.7594003,230.970001,8.687316981469953,232.005650295,231.429993
2014-12-03,244.79650035,242.33720028,248.089996,231.429993,-9.629989999999992,258.679993,232.18395031499998,5982475.0,6021170.0,242.33720028,229.300003,8.598158752539094,232.18395031499998,229.300003
2014-12-04,244.66200025000003,241.86000027999998,248.440002,229.300003,-2.6900019999999927,258.679993,232.27550030500004,5722960.0,6023292.0,241.86000027999998,228.279999,8.555462894745212,232.27550030500004,228.279999
2014-12-05,243.78650054999997,241.39520048000003,244.520004,228.279999,-17.509994000000006,258.679993,232.34605030999998,5258405.0,6047880.0,241.39520048000003,223.710007,8.36416979339347,232.34605030999998,223.710007
2014-12-08,242.49450075,240.75040038,231.639999,223.710007,-25.839995999999985,258.679993,232.329600345,5461635.0,6156484.0,240.75040038,214.360001,7.972792380610825,232.329600345,214.360001
2014-12-09,241.24250105000002,240.18300046000002,231.429993,214.360001,-25.039994000000007,258.679993,232.17405034,5704350.0,6248060.0,240.18300046000002,214.360001,8.07869435239408,232.17405034,216.889999
2014-12-10,239.18050074999996,239.52620051999997,229.300003,216.889999,-41.240005999999994,258.679993,231.95825032000002,5672615.0,6309576.0,239.52620051999997,209.839996,7.783591661096354,231.95825032000002,209.839996
2014-12-11,237.16950070000001,238.89900052000002,228.279999,209.839996,-40.220000999999996,258.679993,231.73995037999998,5713795.0,6324630.0,238.89900052000002,208.880005,7.743407858660866,231.73995037999998,208.880005
2014-12-12,234.93450085000003,238.01060056000003,223.710007,208.880005,-44.699996999999996,258.679993,231.55090038999998,5760685.0,6288142.0,238.01060056000003,207.0,7.664713631842355,231.55090038999998,207.0
2014-12-15,232.20250084999998,236.98720028,214.360001,207.0,-54.640000000000015,257.700012,231.318300365,5716545.0,6284382.0,236.98720028,204.039993,7.540812119749367,231.318300365,204.039993
2014-12-16,229.39400094999996,235.73100033999998,216.889999,204.039993,-56.16999799999999,257.700012,231.033150375,5936565.0,6298638.0,235.73100033999998,197.809998,7.280033749687485,231.033150375,197.809998
2014-12-17,226.8000007,234.65600034,209.839996,197.809998,-51.88000500000001,248.710007,230.79895039000002,6081305.0,6356284.0,234.65600034,197.809998,7.615320871298499,230.79895039000002,205.820007
2014-12-18,225.3260002,233.83560025999998,208.880005,205.820007,-29.480009999999993,248.710007,230.625550355,6059545.0,6404848.0,233.83560025999998,197.809998,8.136040357306014,230.625550355,218.259995
2014-12-19,223.8549995,233.08119992,207.0,218.259995,-29.42001399999998,248.440002,230.490950285,6225710.0,6395832.0,233.08119992,197.809998,8.179154549148382,230.490950285,219.289993
2014-12-22,222.84599985,232.79499995999998,204.039993,219.289993,-20.179992999999996,248.440002,230.409750335,6091425.0,6234054.0,232.79499995999998,197.809998,8.317706794378697,230.409750335,222.600006
2014-12-23,221.55849985,232.72260006,197.809998,222.600006,-25.75,248.440002,230.34255032,6077225.0,6098794.0,232.72260006,197.809998,8.249477197550334,230.34255032,220.970001
2014-12-24,220.26699980000004,232.6266,205.820007,220.970001,-25.83000100000001,248.440002,230.24640026999998,5985845.0,5983332.0,232.6266,197.809998,8.303474437148378,230.24640026999998,222.259995
2014-12-26,219.23600005000003,232.5890002,218.259995,222.259995,-20.61999499999999,244.520004,230.19655034,6053135.0,5866926.0,232.5890002,197.809998,8.536208310431503,230.19655034,227.820007
2014-12-29,218.29550020000002,232.57620022000003,219.289993,227.820007,-18.80999700000001,231.639999,230.17025037,6087275.0,5814990.0,232.57620022000003,197.809998,8.447886833314655,230.17025037,225.710007
2014-12-30,217.82500005000003,232.47120022,222.600006,225.710007,-9.410002999999989,231.429993,230.11150037,5801465.0,5662066.0,232.47120022,197.809998,8.302218723408078,230.11150037,222.229996
2014-12-31,217.3740006,232.31000028000003,220.970001,222.229996,-9.01998900000001,229.300003,230.023350425,5621990.0,5638128.0,232.31000028000003,197.809998,8.309753591869145,230.023350425,222.410004
2015-01-05,215.9650002,231.56920011999998,227.820007,219.309998,-18.19000299999999,227.820007,229.816600395,5670470.0,5675848.0,231.56920011999998,197.809998,7.794056291086504,229.816600395,210.089996
2015-01-06,215.34349980000002,231.08900024,225.710007,210.089996,-12.430007999999987,227.820007,229.72855039499998,5680385.0,5731238.0,231.08900024,197.809998,7.843868055415166,229.72855039499998,211.279999
2015-01-07,215.1729996,230.60320008,222.229996,211.279999,-3.410004000000015,227.820007,229.68245039,5367525.0,5721340.0,230.60320008,197.809998,7.830054660111131,229.68245039,210.949997
2015-01-08,214.8594994,230.38220002000003,222.410004,210.949997,-6.270004,227.820007,229.633350355,5068075.0,5599124.0,230.38220002000003,197.809998,7.816241264807095,229.633350355,210.619995
2015-01-09,214.7004998,229.66000002,219.309998,210.619995,-3.179992000000027,227.820007,229.60185033999997,4935785.0,5482164.0,229.66000002,197.809998,7.650481902489833,229.60185033999997,206.660004
2015-01-12,214.36699990000002,228.94220004,210.089996,206.660004,-6.669998000000021,227.820007,229.57630034000002,4898580.0,5501920.0,228.94220004,197.809998,7.464211614240764,229.57630034000002,202.210007
2015-01-13,214.2294999,228.25399996,211.279999,202.210007,-2.75,227.820007,229.53570036500003,4763755.0,5526898.0,228.25399996,197.809998,7.549602701950731,229.53570036500003,204.25
2015-01-14,213.66200035000003,227.27380005999999,210.949997,204.25,-11.349991000000017,227.820007,229.45690039,5080435.0,5682430.0,227.27380005999999,192.690002,7.065718294923338,229.45690039,192.690002
2015-01-15,213.3650002,226.25940004,210.619995,192.690002,-5.940003000000019,227.820007,229.33140035999998,4919955.0,5702684.0,226.25940004,191.869995,7.031394015546013,229.33140035999998,191.869995
2015-01-16,212.72750019999998,225.34220032000002,206.660004,191.869995,-12.75,227.820007,229.14530043,4731725.0,5701096.0,225.34220032000002,191.869995,7.081624741800962,229.14530043,193.070007
2015-01-20,211.4110001,224.56140016,202.210007,193.070007,-26.330002000000007,227.820007,228.977950425,4582720.0,5610242.0,224.56140016,191.869995,7.033905443026608,228.977950425,191.929993
2015-01-21,210.2750008,223.66840028000001,204.25,191.929993,-22.719986000000006,227.820007,228.89965048,4444845.0,5386208.0,223.66840028000001,191.869995,7.22812956166303,228.89965048,196.570007
2015-01-22,209.22600024999997,222.89680023999998,192.690002,196.570007,-20.98001100000002,227.820007,228.870150435,4410720.0,5365326.0,222.89680023999998,191.869995,7.439514585161776,228.870150435,201.619995
2015-01-23,208.24199985,222.08400024,191.869995,201.619995,-19.680007999999987,227.820007,228.799300365,4357365.0,5342554.0,222.08400024,191.869995,7.425701189857742,228.799300365,201.289993
2015-01-26,207.45650025,221.19340026,193.070007,201.289993,-15.709992,227.820007,228.74740041500002,4452480.0,5248268.0,221.19340026,191.869995,7.6458774234356515,228.74740041500002,206.550003
2015-01-27,206.36449969999998,220.33100006,191.929993,206.550003,-21.840011000000004,225.710007,228.75635038500002,4425180.0,5186472.0,220.33100006,191.869995,7.622017774048475,228.75635038500002,205.979996
2015-01-28,205.0474991,219.28440002,196.570007,205.979996,-26.340012,222.410004,228.73430036499997,4442535.0,5124744.0,219.28440002,191.869995,7.345332915250447,228.73430036499997,199.369995
2015-01-29,204.19599914999998,218.21480010000002,201.619995,199.369995,-17.029999000000004,222.410004,228.76985037000003,4474780.0,5073684.0,218.21480010000002,191.869995,7.589368170337734,228.76985037000003,205.199997
2015-01-30,203.25549925,217.2072003,201.289993,205.199997,-18.80999799999998,219.309998,228.81830038,4510255.0,5053310.0,217.2072003,191.869995,7.522394915127467,228.81830038,203.600006
2015-02-03,203.2504997,215.68440002,205.979996,210.940002,8.270004999999998,218.360001,228.978650415,4452380.0,4984988.0,215.68440002,191.869995,8.140226460453192,228.978650415,218.360001
2015-02-04,203.6139999,215.08119994,199.369995,218.360001,7.270004,218.550003,229.049500405,4304555.0,4979352.0,215.08119994,191.869995,8.148179662962745,229.049500405,218.550003
2015-02-05,204.1160003,214.64540006,205.199997,218.550003,10.040008,220.990005,229.061250435,4332280.0,4900108.0,214.64540006,191.869995,8.250314535383628,229.061250435,220.990005
2015-02-06,204.4530006,214.05820006000002,203.600006,220.990005,6.740006000000022,220.990005,229.10810041499997,4322350.0,4869192.0,214.05820006000002,191.869995,8.098367940492604,229.10810041499997,217.360001
2015-02-09,204.9940002,213.44600006000002,210.940002,217.360001,10.819992000000013,220.990005,229.15620038999998,4262555.0,4875444.0,213.44600006000002,191.869995,8.103390753595274,229.15620038999998,217.479996
2015-02-10,205.6979995,212.80299988,218.360001,217.479996,14.07998600000002,220.990005,229.23840032499996,4234565.0,4943630.0,212.80299988,191.869995,8.053578989266612,229.23840032499996,216.289993
2015-02-11,206.12549965,212.16859986,218.550003,216.289993,8.550003000000004,220.990005,229.30985036500002,4499155.0,5096618.0,212.16859986,191.869995,7.907493173189348,229.30985036500002,212.800003
2015-02-12,206.63499979999997,211.59339998,220.990005,212.800003,10.190003000000019,220.990005,229.2896504,4704040.0,5237222.0,211.59339998,191.869995,7.492256738897325,229.2896504,202.880005
2015-02-13,207.23000025000002,211.0402002,217.360001,202.880005,11.900009000000011,220.990005,229.269050425,4752765.0,5243302.0,211.0402002,191.929993,7.529510779803731,229.269050425,203.770004
2015-02-17,207.79400019999997,210.54120026,217.479996,203.770004,11.279999000000004,220.990005,229.25215047499998,4771585.0,5216740.0,210.54120026,191.929993,7.5537888050979145,229.25215047499998,204.350006
2015-02-18,208.42050090000004,210.06480042000004,216.289993,204.350006,12.530013999999994,220.990005,229.21990049,4682105.0,5193900.0,210.06480042000004,196.570007,7.558393284152098,229.21990049,204.460007
2015-02-19,209.17750089999998,209.82480042,212.800003,204.460007,15.139999999999986,220.990005,229.19540052,4732160.0,5175710.0,209.82480042,199.369995,7.861867553866384,229.19540052,211.710007
2015-02-20,209.95200119999998,209.87980041999998,202.880005,211.710007,15.490006000000022,220.990005,229.24455053000003,4825420.0,5110840.0,209.87980041999998,199.369995,8.087903310502458,229.24455053000003,217.110001
2015-02-23,210.25450135,209.68880036,203.770004,217.110001,6.050003000000004,220.990005,229.27450048,5078480.0,5092206.0,209.68880036,199.369995,7.678945361194883,229.27450048,207.339996
2015-02-24,210.13250125,209.57420046000004,204.350006,207.339996,-2.4400019999999927,220.990005,229.402100505,5246935.0,5077996.0,209.57420046000004,199.369995,7.543742551014773,229.402100505,204.110001
2015-02-25,210.02150120000002,209.47180025999998,204.460007,204.110001,-2.2200009999999963,220.990005,229.50960050499998,5303360.0,5022298.0,209.47180025999998,199.369995,7.529091817877447,229.50960050499998,203.759995
2015-02-26,210.41250155000003,209.4756003,211.710007,203.759995,7.820007000000004,220.990005,229.622200525,5469525.0,5008280.0,209.4756003,202.880005,7.672666834351913,229.622200525,207.190002
2015-02-27,210.31950150000003,209.46160035999998,217.110001,207.190002,-1.8600009999999827,220.990005,229.688100485,5486225.0,4981556.0,209.46160035999998,202.880005,7.511511281352519,229.688100485,203.339996
2015-03-03,209.4370011,209.32680026000003,204.110001,197.330002,-11.380003999999985,220.990005,229.77650052999996,5746135.0,4912766.0,209.32680026000003,197.330002,7.3532861596185235,229.77650052999996,199.559998
2015-03-04,208.64100115000002,209.0104004,203.759995,199.559998,-15.919999000000018,220.990005,229.83090055,5715925.0,4847540.0,209.0104004,197.330002,7.473838864539104,229.83090055,202.440002
2015-03-05,207.74500125,208.63720064,207.190002,202.440002,-17.919997999999993,220.990005,229.853600595,5794505.0,4806870.0,208.63720064,197.330002,7.398075068985996,229.853600595,200.630005
2015-03-06,206.38950125000002,208.06280062000002,203.339996,200.630005,-27.109999999999985,217.479996,229.846500605,5953980.0,4845130.0,208.06280062000002,193.880005,7.115530059252006,229.846500605,193.880005
2015-03-09,205.06550145,207.4610007,197.330002,193.880005,-26.479996,217.479996,229.80365064499998,6128620.0,4889750.0,207.4610007,190.880005,6.989954499370232,229.80365064499998,190.880005
2015-03-10,203.70750200000003,206.82220094000002,199.559998,190.880005,-27.159988999999996,217.110001,229.73085065499998,6233985.0,4974700.0,206.82220094000002,190.320007,6.966513811909341,229.73085065499998,190.320007
2015-03-11,202.5800026,206.14060090000004,202.440002,190.320007,-22.549988000000013,217.110001,229.663050665,6213205.0,5007658.0,206.14060090000004,190.320007,7.109669866457521,229.663050665,193.740005
2015-03-12,201.49350280000002,205.4478009,200.630005,193.740005,-21.729996,217.110001,229.56060071,5932215.0,5034594.0,205.4478009,190.320007,6.997907701879782,229.56060071,191.070007
2015-03-13,200.7835022,204.77680084000002,193.880005,191.070007,-14.200012000000015,217.110001,229.45280065,5421450.0,5085216.0,204.77680084000002,188.679993,6.8978652531546905,229.45280065,188.679993
2015-03-16,200.38000185,204.2426007,190.880005,188.679993,-8.070007000000004,217.110001,229.38010061,5393340.0,5151842.0,204.2426007,188.679993,7.191712230712119,229.38010061,195.699997
2015-03-17,199.89900135,203.75100066000002,190.320007,195.699997,-9.620010000000008,217.110001,229.31490057000002,5439065.0,5154436.0,203.75100066000002,188.679993,7.151109424491825,229.31490057000002,194.729996
2015-03-18,199.71150135,203.56340088000002,193.740005,194.729996,-3.75,217.110001,229.29495061999998,5544430.0,5143484.0,203.56340088000002,188.679993,7.40142383429988,229.29495061999998,200.710007
2015-03-19,198.90850070000002,203.25080078,191.070007,200.710007,-16.060012999999998,217.110001,229.24850058,5710485.0,5187750.0,203.25080078,188.679993,7.18961917913853,229.24850058,195.649994
2015-03-20,197.95700075,202.99340088,188.679993,195.649994,-19.029999000000004,207.339996,229.218950565,5624855.0,5213772.0,202.99340088,188.679993,7.291335717510927,229.218950565,198.080002
2015-03-23,197.5715012,202.77360107999996,195.699997,198.080002,-7.709991000000002,207.190002,229.18260062,5331445.0,5197554.0,202.77360107999996,188.679993,7.356216549025403,229.18260062,199.630005
2015-03-24,197.45200119999998,202.67480102000002,194.729996,199.630005,-2.390000000000015,207.190002,229.150350635,5183760.0,5177186.0,202.67480102000002,188.679993,7.443700688308958,229.150350635,201.720001
2015-03-25,196.9790016,202.51660094,200.710007,201.720001,-9.459992,207.190002,229.09530066,5274805.0,5172788.0,202.51660094,188.679993,7.133110553918412,229.09530066,194.300003
2015-03-26,196.14000170000003,202.23980102000002,195.649994,194.300003,-16.779998000000006,203.339996,229.035850665,5157560.0,5165802.0,202.23980102000002,188.679993,6.970280953130231,229.035850665,190.410004
2015-03-27,195.2230019,202.08600098000002,198.080002,190.410004,-18.339996000000014,202.440002,228.93850066,5393700.0,5106862.0,202.08600098000002,185.0,6.743826192709355,228.93850066,185.0
2015-03-30,194.88500215,202.06000122,199.630005,185.0,-6.7599950000000035,202.440002,228.87375067499997,5502070.0,5204322.0,202.06000122,185.0,6.976978441899488,228.87375067499997,190.570007
2015-03-31,194.34550245,201.97400116,201.720001,190.570007,-10.789994000000007,202.440002,228.785500705,5531785.0,5232790.0,201.97400116,185.0,6.901632980394863,228.785500705,188.770004
2015-04-02,193.1215019,201.77580107999998,190.410004,187.589996,-9.630005000000011,201.720001,228.39705069,5517085.0,5235766.0,201.77580107999998,185.0,6.994977312472902,228.39705069,191.0
2015-04-06,193.58250195,201.8054013,185.0,191.0,9.220000999999996,203.100006,228.276950745,5804255.0,5402544.0,201.8054013,185.0,7.501465655147175,228.276950745,203.100006
2015-04-07,194.2010017,201.84460144000002,190.570007,203.100006,12.369994999999989,203.25,228.15425078,5684815.0,5420730.0,201.84460144000002,185.0,7.5077441819901445,228.15425078,203.25
2015-04-08,195.06850125,201.86700134,188.770004,203.25,17.34999099999999,207.669998,228.04465079000002,5720985.0,5482102.0,201.86700134,185.0,7.692758756498916,228.04465079000002,207.669998
2015-04-09,195.8860008,201.94920134,187.589996,207.669998,16.349991000000017,210.089996,227.90900076499997,5662250.0,5502486.0,201.94920134,185.0,7.794056291086507,227.90900076499997,210.089996
2015-04-10,196.87750015,202.17980132,191.0,210.089996,19.82998699999999,210.899994,227.80100073499997,5658170.0,5520848.0,202.17980132,185.0,7.827961608537546,227.80100073499997,210.899994
2015-04-13,197.93250045,202.27140135999997,203.100006,210.899994,21.100006000000008,210.899994,227.665450735,5574365.0,5525050.0,202.27140135999997,185.0,7.7810802754742845,227.665450735,209.779999
2015-04-14,198.52050094999998,202.34860138,203.25,209.779999,11.760009999999994,210.899994,227.52475073999997,5444225.0,5525430.0,202.34860138,185.0,7.683968844033872,227.52475073999997,207.460007
2015-04-15,199.17550125,202.28640138,207.669998,207.460007,13.100006000000008,210.899994,227.36860076000002,5297140.0,5481494.0,202.28640138,185.0,7.699456287126692,227.36860076000002,207.830002
2015-04-16,199.47500075,202.0532013,210.089996,207.830002,5.989990000000006,210.899994,227.201800755,5139050.0,5418152.0,202.0532013,185.0,7.6521559502786225,227.201800755,206.699997
2015-04-17,200.0320007,201.8180011,210.899994,206.699997,11.139999000000017,210.899994,227.037150715,4838785.0,5401442.0,201.8180011,185.0,7.655923049640997,227.037150715,206.789993
2015-04-20,200.39150080000002,201.50360108,209.779999,206.789993,7.190001999999993,210.899994,226.91635076999998,4753275.0,5382170.0,201.50360108,185.0,7.592298559744618,226.91635076999998,205.270004
2015-04-21,200.88050074999998,201.34460113999998,207.460007,205.270004,9.779998999999975,210.899994,226.81715078999997,4793320.0,5385942.0,201.34460113999998,185.0,7.765592832381465,226.81715078999997,209.410004
2015-04-22,201.7665008,201.38380126,207.830002,209.410004,17.720000999999996,219.440002,226.80105078,5003975.0,5473754.0,201.38380126,185.0,8.185433703869153,226.80105078,219.440002
2015-04-23,202.98150095,201.43000152000002,206.699997,219.440002,24.300003000000004,219.440002,226.798700775,4938015.0,5454168.0,201.43000152000002,185.0,8.150272714536337,226.798700775,218.600006
2015-04-24,204.3825004,201.54260132000002,206.789993,218.600006,28.01998900000001,219.440002,226.77555075,4853005.0,5307342.0,201.54260132000002,185.0,8.143156221982277,226.77555075,218.429993
2015-04-27,206.71000055,202.11600127999998,205.270004,218.429993,46.550003000000004,231.550003,226.83600073000002,5006390.0,5227802.0,202.11600127999998,187.589996,8.692340422450433,226.83600073000002,231.550003
2015-04-28,208.70550000000003,202.65020112,209.410004,231.550003,39.909988999999996,231.550003,226.897750685,4806185.0,5225690.0,202.65020112,187.589996,8.647551513082961,226.897750685,230.479996
2015-04-29,210.88949965,203.21220093999997,219.440002,230.479996,43.679992999999996,232.449997,226.92650068499998,4751660.0,5224820.0,203.21220093999997,187.589996,8.730012839263846,226.92650068499998,232.449997
2015-04-30,212.8125,203.64400085999998,218.600006,232.449997,38.46000699999999,232.449997,226.95885069,4757525.0,5248786.0,203.64400085999998,191.0,8.462118562667182,226.95885069,226.050003
2015-05-04,215.9344994,204.19840058000003,231.550003,226.029999,27.409988999999996,232.449997,227.07875067,4370030.0,5220388.0,204.19840058000003,203.25,8.648807226823259,227.07875067,230.509995
2015-05-05,217.41949925,204.7106006,230.479996,230.509995,29.699996999999996,232.949997,227.143400635,4442480.0,5166330.0,204.7106006,205.270004,8.75094209924414,227.143400635,232.949997
2015-05-06,218.55749899999995,205.23700043999997,232.449997,232.949997,22.759995000000004,232.949997,227.19285063499999,4390870.0,5139676.0,205.23700043999997,205.270004,8.64545846150937,227.19285063499999,230.429993
2015-05-07,219.89299935,205.8978006,226.050003,230.429993,26.71000699999999,236.800003,227.27895064,4673655.0,5250604.0,205.8978006,205.270004,8.912097652243537,227.27895064,236.800003
2015-05-08,221.17849969999997,206.48620058,226.029999,236.800003,25.71000700000002,236.800003,227.34955062,4703680.0,5214510.0,206.48620058,205.270004,8.904144449733984,227.34955062,236.610001
2015-05-11,222.664,207.20920076000002,230.509995,236.610001,29.710005999999993,239.490005,227.42930068,4799385.0,5250314.0,207.20920076000002,205.270004,9.024697154654566,227.42930068,239.490005
2015-05-12,224.5279999,208.15740082,232.949997,239.490005,37.279998000000006,244.740005,227.53515067,4966255.0,5219140.0,208.15740082,205.270004,9.24445438444767,227.53515067,244.740005
2015-05-13,226.29549945,209.02980072,230.429993,244.740005,35.34999099999999,244.740005,227.6269506,5140645.0,5239298.0,209.02980072,205.270004,9.179154591006908,227.6269506,243.179993
2015-05-14,228.16549990000004,209.8630008,236.800003,243.179993,37.40000900000001,244.740005,227.72240065499997,5202485.0,5212776.0,209.8630008,205.270004,9.217664973531411,227.72240065499997,244.100006
2015-05-15,230.26800005,210.82720061999996,236.610001,244.100006,42.050003000000004,248.839996,227.822000645,5305370.0,5205788.0,210.82720061999996,205.270004,9.416073939559414,227.822000645,248.839996
2015-05-18,232.44199985,211.92460051999998,239.490005,248.839996,43.479996,248.839996,227.94925063000002,5345065.0,5138604.0,211.92460051999998,209.410004,9.41230684019704,227.94925063000002,248.75
2015-05-19,234.3284996,213.04980039999998,244.740005,248.75,37.729995,248.839996,228.018600605,5357150.0,5077354.0,213.04980039999998,218.429993,9.344914581201968,228.018600605,247.139999
2015-05-20,235.5739998,214.13040038000003,243.179993,247.139999,24.910004000000015,248.839996,228.047750615,5151780.0,5040872.0,214.13040038000003,218.429993,9.228129603521559,228.047750615,244.350006
2015-05-21,236.92499924999998,215.16800017999998,244.100006,244.350006,27.01998899999998,248.839996,228.083400565,5029750.0,4980786.0,215.16800017999998,218.429993,9.28128946342779,228.083400565,245.619995
2015-05-22,238.3899994,216.30119996000002,248.839996,245.619995,29.300003000000004,248.839996,228.07740058,5019515.0,4942262.0,216.30119996000002,226.029999,9.369610982403158,228.07740058,247.729996
2015-05-26,239.1854996,217.47680024,248.75,247.729996,15.910003999999986,248.839996,228.05275062,4610820.0,4903550.0,217.47680024,226.029999,9.358309642457519,228.05275062,247.460007
2015-05-27,240.03299944999998,218.51140015999997,247.139999,247.460007,16.949996999999996,248.839996,228.04925056,4476960.0,4859138.0,218.51140015999997,226.029999,9.357053300839421,228.04925056,247.429993
2015-05-28,240.98299945,219.64580018,244.350006,247.429993,19.0,251.449997,228.00990051,4462520.0,4834202.0,219.64580018,226.029999,9.525324718515078,228.00990051,251.449997
2015-05-29,242.22049944999998,220.64760009999998,245.619995,251.449997,24.75,251.449997,227.96410056999997,4456390.0,4813570.0,220.64760009999998,226.029999,9.498116931691813,227.96410056999997,250.800003
2015-06-02,244.28349989999998,222.72900023999998,247.460007,249.449997,17.840011000000004,251.449997,227.84465057,4202570.0,4651474.0,222.72900023999998,230.429993,9.395563683363925,227.84465057,248.350006
2015-06-03,245.0855003,223.71620024,247.429993,248.350006,16.040008,251.449997,227.779550545,4001800.0,4634472.0,223.71620024,230.429993,9.422353094280183,227.779550545,248.990005
2015-06-04,245.86000055000005,224.60020018,251.449997,248.990005,15.490004999999996,251.449997,227.709450525,3860935.0,4610546.0,224.60020018,236.610001,9.293847144991528,227.709450525,245.919998
2015-06-05,246.47700034999997,225.6970001,250.800003,245.919998,12.339995999999985,251.449997,227.67135047,3539240.0,4556378.0,225.6970001,236.610001,9.428631621123152,227.67135047,249.139999
2015-06-08,247.46100074999998,227.0146002,249.449997,249.139999,19.680007999999987,256.290009,227.67425048,3556680.0,4574158.0,227.0146002,239.490005,9.72792045742658,227.67425048,256.290009
2015-06-09,248.28650050000002,228.43460019999998,248.350006,256.290009,16.509995000000004,256.290009,227.6825505,3403620.0,4454282.0,228.43460019999998,243.179993,9.715781109911328,227.6825505,256.0
2015-06-10,248.58450009999996,229.63719999999998,248.990005,256.0,5.959992,256.290009,227.65215049,3258175.0,4321582.0,229.63719999999998,243.179993,9.493930828544634,227.65215049,250.699997
2015-06-11,248.99600064999998,230.89,245.919998,250.699997,8.23001099999999,256.290009,227.59645057,3088370.0,4261932.0,230.89,244.100006,9.523650670726294,227.59645057,251.410004
2015-06-12,249.32550045000002,232.15200012000003,249.139999,251.410004,6.589995999999985,256.290009,227.54120063,3014690.0,4214486.0,232.15200012000003,244.350006,9.493512452637628,227.54120063,250.690002
2015-06-15,249.4025009,233.33960022,256.290009,250.690002,1.5400089999999977,256.290009,227.476850655,2897620.0,4158002.0,233.33960022,244.350006,9.480536437025405,227.476850655,250.380005
2015-06-16,249.62100064999998,234.34,256.0,250.380005,4.369994999999989,256.290009,227.42315070499998,2829195.0,3948580.0,234.34,244.350006,9.595228363132225,227.42315070499998,253.119995
2015-06-17,250.28450089999995,235.48320008,250.699997,253.119995,13.270005000000026,260.410004,227.37670066500002,2921130.0,3971880.0,235.48320008,244.350006,9.900377350371615,227.37670066500002,260.410004
2015-06-18,251.16150135000004,236.56760042000002,251.410004,260.410004,17.540008999999998,261.890015,227.265550765,2872485.0,3901472.0,236.56760042000002,245.619995,9.962328420357009,227.265550765,261.890015
2015-06-19,252.00600210000002,237.6160007,250.690002,261.890015,16.890015000000034,262.51001,227.17215080499997,2897105.0,3874728.0,237.6160007,245.919998,9.988280493439976,227.17215080499997,262.51001
2015-06-22,252.60900275,238.593801,250.380005,262.51001,12.060012999999998,262.51001,227.040900805,3014005.0,3884596.0,238.593801,245.919998,9.874425277288648,227.040900805,259.790009
2015-06-23,253.61950304999996,239.75160128,253.119995,259.790009,20.210005999999993,267.670013,226.99230079499998,3032610.0,3886848.0,239.75160128,245.919998,10.204270582012184,226.99230079499998,267.670013
2015-06-24,254.50650404999996,240.90580140000003,260.410004,267.670013,17.740019999999987,267.670013,226.907600935,2982815.0,3874574.0,240.90580140000003,245.919998,10.099624282110705,226.907600935,265.170013
2015-06-25,255.37350465,242.12500154,261.890015,265.170013,17.340012,268.790009,226.859150925,2942910.0,3892510.0,242.12500154,245.919998,10.251151956933967,226.859150925,268.790009
2015-06-26,256.1880043,243.33280152,262.51001,268.790009,16.28999299999998,268.790009,226.789100875,2945365.0,3936096.0,243.33280152,245.919998,10.179991928840202,226.789100875,267.089996
2015-06-29,256.8165039,244.43740144,259.790009,267.089996,12.569992000000013,268.790009,226.69765083,2994055.0,3956276.0,244.43740144,245.919998,9.967768939630368,226.69765083,262.019989
2015-06-30,257.8120041,245.69720156,267.670013,262.019989,19.910004000000015,268.790009,226.64295081999998,3041660.0,3966828.0,245.69720156,245.919998,10.228966983213375,226.64295081999998,268.26001
2015-07-02,260.5250031,248.1036011,268.790009,269.149994,34.09999100000002,280.019989,226.81580078,3293160.0,3926220.0,248.1036011,249.139999,10.721222298921008,226.81580078,280.019989
2015-07-06,262.0540032,249.326001,267.089996,280.019989,30.580002000000036,280.019989,226.90750076,3348155.0,3920434.0,249.326001,250.380005,10.708665245235071,226.90750076,279.720001
2015-07-07,262.633503,250.31500124000002,262.019989,279.720001,11.589995999999985,280.019989,226.92780075,3402560.0,3993980.0,250.31500124000002,250.380005,10.213060536335751,226.92780075,267.880005
2015-07-08,262.58150335,250.78320132000002,268.26001,267.880005,-1.0399930000000097,280.019989,226.90600074999998,3583060.0,3884950.0,250.78320132000002,250.380005,9.672248542161954,226.90600074999998,254.960007
2015-07-09,262.94250415,251.33200166000003,269.149994,254.960007,7.220015999999987,280.019989,226.94545082000002,3577040.0,3829924.0,251.33200166000003,250.380005,9.796150012396422,226.94545082000002,257.920013
2015-07-10,263.32950365,251.8660016,280.019989,257.920013,7.739990000000006,280.019989,226.98915077,3605380.0,3803420.0,251.8660016,250.380005,9.84763519663607,226.98915077,259.149994
2015-07-13,263.90300375,252.58820162,279.720001,259.149994,11.470002000000022,280.019989,227.03925079500002,3682280.0,3784388.0,252.58820162,250.380005,9.97362976030265,227.03925079500002,262.160004
2015-07-14,264.66650319999997,253.38060152000003,267.880005,262.160004,15.269988999999981,280.019989,227.13275077999998,3668350.0,3716906.0,253.38060152000003,253.119995,10.119715576379912,227.13275077999998,265.649994
2015-07-15,265.1675042,254.03320191999998,254.960007,265.649994,10.020020000000017,280.019989,227.215450825,3670195.0,3668646.0,254.03320191999998,254.960007,10.014651570307748,227.215450825,263.140015
2015-07-16,265.48100365,254.70780184,257.920013,263.140015,6.26998900000001,280.019989,227.322550815,3475350.0,3585028.0,254.70780184,254.960007,10.162829810080801,227.322550815,266.679993
2015-07-17,266.1195031,255.59240206,259.149994,266.679993,12.76998900000001,280.019989,227.48245086999998,3586420.0,3579692.0,255.59240206,254.960007,10.496861259810037,227.48245086999998,274.660004
2015-07-20,267.1070031,256.50160220000004,262.160004,274.660004,19.75,282.26001,227.69255089499998,3712195.0,3490144.0,256.50160220000004,254.960007,10.81498626266165,227.69255089499998,282.26001
2015-07-21,267.45600210000003,257.10480196,265.649994,282.26001,6.979980000000012,282.26001,227.76930085,3789575.0,3518954.0,257.10480196,254.960007,10.166596909443173,227.76930085,266.769989
2015-07-22,267.46600120000005,257.67240176,263.140015,266.769989,0.19998200000003408,282.26001,227.83260079,3751285.0,3467608.0,257.67240176,254.960007,10.212641532550943,227.83260079,267.869995
2015-07-23,267.56750115000006,258.1216019,266.679993,267.869995,2.029999000000032,282.26001,227.865500875,3742030.0,3384884.0,258.1216019,254.960007,10.184597035772187,227.865500875,267.200012
2015-07-24,267.3985009,258.56620212,274.660004,267.200012,-3.380004999999983,282.26001,227.89470086,3741395.0,3332810.0,258.56620212,254.960007,10.109669950174569,227.89470086,265.410004
2015-07-27,266.69450085000005,258.7444019,282.26001,265.410004,-14.080000999999982,282.26001,227.86335083999998,3784185.0,3368776.0,258.7444019,253.009995,9.590623925936558,227.86335083999998,253.009995
2015-07-28,266.83450175,259.06400212,266.769989,253.009995,2.800017999999966,282.26001,227.902400825,3805030.0,3356140.0,259.06400212,253.009995,10.084973548973378,227.902400825,264.820007
2015-07-29,266.6125016,259.36540226,267.869995,264.820007,-4.440003000000047,282.26001,228.03695084,3790190.0,3344878.0,259.36540226,253.009995,10.043115029012787,228.03695084,263.820007
2015-07-30,266.49450235,259.75840246,267.200012,263.820007,-2.3599849999999947,282.26001,228.247950905,3786860.0,3312086.0,259.75840246,253.009995,10.167434917012784,228.247950905,266.790009
2015-07-31,265.80100260000006,260.19440222,265.410004,266.790009,-13.869995000000017,282.26001,228.44340088499996,3539795.0,3281426.0,260.19440222,253.009995,10.140644836360206,228.44340088499996,266.149994
2015-08-04,264.73450175,260.85280218,264.820007,259.98999,-1.6000060000000076,282.26001,228.794500815,3273745.0,3295672.0,260.85280218,253.009995,10.146086653247682,228.794500815,266.279999
2015-08-05,265.49300165,261.30620214000004,263.820007,266.279999,15.169997999999993,282.26001,229.00775086,3273405.0,3349984.0,261.30620214000004,253.009995,10.307242206247077,229.00775086,270.130005
2015-08-06,264.90350125,261.28020238,266.790009,270.130005,-11.790007999999972,282.26001,229.08605088000002,3837890.0,3574296.0,261.28020238,246.130005,9.302637727192892,229.08605088000002,246.130005
2015-08-07,264.0715013,261.10140234,266.149994,246.130005,-16.63999899999999,282.26001,229.12190087500002,3961015.0,3602818.0,261.10140234,242.509995,9.151109466350352,229.12190087500002,242.509995
2015-08-10,263.02050105,260.90820226,259.98999,242.509995,-21.020005000000026,282.26001,229.17210084,4022295.0,3610750.0,260.90820226,241.139999,9.09376346143842,229.17210084,241.139999
2015-08-11,261.6065011,260.66660221999996,266.279999,241.139999,-28.279999000000004,282.26001,229.18250085000003,4140160.0,3645946.0,260.66660221999996,237.369995,8.935956673752912,229.18250085000003,237.369995
2015-08-12,260.35800025,260.46300206,270.130005,237.369995,-24.970017000000013,282.26001,229.197150815,4225480.0,3677810.0,260.46300206,237.369995,8.969443615296944,229.197150815,238.169998
2015-08-13,259.14950035000004,260.33340186000004,246.130005,238.169998,-24.16999800000002,282.26001,229.3013508,4379140.0,3735964.0,260.33340186000004,237.369995,9.15110946635035,229.3013508,242.509995
2015-08-14,257.57399985,260.27800177999995,242.509995,242.509995,-31.510010000000023,282.26001,229.30325075000002,4347175.0,3774188.0,260.27800177999995,237.369995,9.177898877266609,229.30325075000002,243.149994
2015-08-17,256.2104996,260.3950019,241.139999,243.149994,-27.270005000000026,270.130005,229.387700745,4457085.0,3857282.0,260.3950019,237.369995,9.673504214043726,229.387700745,254.990005
2015-08-18,255.90800019999998,260.48360174000004,237.369995,254.990005,-6.049987999999985,270.130005,229.49800073000003,4361400.0,3840842.0,260.48360174000004,237.369995,9.913353365983834,229.49800073000003,260.720001
2015-08-19,255.27700044999997,260.46860174,238.169998,260.720001,-12.619995000000017,270.130005,229.565750745,4386365.0,3860706.0,260.46860174,237.369995,9.684387219940879,229.565750745,255.25
2015-08-20,254.02599949999998,260.29820166,242.509995,255.25,-25.02001900000002,270.130005,229.56370073,4520295.0,3889732.0,260.29820166,237.369995,9.137296071046313,229.56370073,242.179993
2015-08-21,252.2939995,259.88540166,243.149994,242.179993,-34.640000000000015,270.130005,229.522900785,4707980.0,3980654.0,259.88540166,230.770004,8.659690818739689,229.522900785,230.770004
2015-08-24,250.5869995,259.24900152,254.990005,230.770004,-34.140000000000015,270.130005,229.46240075499998,4952350.0,4143840.0,259.24900152,218.869995,8.161574054481974,229.46240075499998,218.869995
2015-08-25,248.34749909999996,258.64200139999997,260.720001,218.869995,-44.79000799999997,270.130005,229.356450745,4973925.0,4186662.0,258.64200139999997,218.869995,8.210130105070341,229.356450745,220.029999
2015-08-26,246.39849855000003,258.07640142,255.25,220.029999,-38.98001099999996,270.130005,229.27965074,5082570.0,4246228.0,258.07640142,218.869995,8.411469460505225,229.27965074,224.839996
2015-08-27,245.20849834999999,257.72800144,242.179993,224.839996,-23.800004,270.130005,229.28495080000002,5363640.0,4289090.0,257.72800144,218.869995,9.171201974516634,229.28495080000002,242.990005
2015-08-28,244.32499844999998,257.45980106,230.770004,242.990005,-17.669997999999993,270.130005,229.27195077,5528195.0,4343710.0,257.45980106,218.869995,9.4010048723736,229.27195077,248.479996
2015-08-31,243.77849885,257.19080082,218.869995,248.479996,-10.92999199999997,270.130005,229.27175072999998,5635530.0,4388454.0,257.19080082,218.869995,9.425282897667783,229.27175072999998,249.059998
2015-09-02,241.273999,256.36800052,224.839996,238.630005,-22.44000299999999,260.720001,229.15145081499998,5711390.0,4421496.0,256.36800052,218.869995,9.367936892755852,229.15145081499998,247.690002
2015-09-03,241.2459991,255.97600039999998,242.990005,247.690002,-0.5599980000000073,260.720001,229.10940087000003,5189940.0,4457146.0,255.97600039999998,218.869995,9.279197039731999,229.10940087000003,245.570007
2015-09-04,241.216999,255.43880008,248.479996,245.570007,-0.5800020000000075,260.720001,229.03055077500002,5120730.0,4473946.0,255.43880008,218.869995,9.126831441056167,229.03055077500002,241.929993
2015-09-08,241.56849895,255.06040012000003,249.059998,241.929993,7.029999000000004,260.720001,229.03270074,5068345.0,4459942.0,255.06040012000003,218.869995,9.388028814902855,229.03270074,248.169998
2015-09-09,242.14549939999998,254.79820042,238.630005,248.169998,11.540008999999998,260.720001,229.03370072500002,5024640.0,4458180.0,254.79820042,218.869995,9.419004370824812,229.03370072500002,248.910004
2015-09-10,242.66099930000001,254.40260014,247.690002,248.910004,10.309998000000007,260.720001,229.06220070999998,4973690.0,4450622.0,254.40260014,218.869995,9.4010048723736,229.06220070999998,248.479996
2015-09-11,243.04749980000003,254.02440036,245.570007,248.479996,7.730009999999993,260.720001,229.07980073,4856770.0,4455614.0,254.02440036,218.869995,9.474676244230919,229.07980073,250.240005
2015-09-14,243.54950019999995,253.48780062000003,241.929993,250.240005,10.040008,260.720001,229.10530075999998,4783075.0,4370154.0,253.48780062000003,218.869995,9.598158752539103,229.10530075999998,253.190002
2015-09-15,243.4785003,252.96480074000002,248.169998,253.190002,-1.4199979999999925,260.720001,229.130950785,4570915.0,4346386.0,252.96480074000002,218.869995,9.614065199416729,229.130950785,253.570007
2015-09-16,243.55500025,252.85220064,248.910004,253.570007,1.5299989999999752,262.25,229.219600765,4582020.0,4312626.0,252.85220064,218.869995,9.977396859665019,229.219600765,262.25
2015-09-17,243.89600060000004,252.99440063999998,248.479996,262.25,6.8200069999999755,262.25,229.37175080499998,4581095.0,4259920.0,252.99440063999998,218.869995,9.96986261908175,229.37175080499998,262.070007
2015-09-18,244.8180007,253.04840027999998,250.240005,262.070007,18.44000200000002,262.25,229.51770081499998,4523960.0,4268500.0,253.04840027999998,218.869995,9.909167262836656,229.51770081499998,260.619995
2015-09-21,246.4895011,253.14940063999998,253.190002,260.619995,33.430008000000015,264.200012,229.69220086,4500460.0,4338686.0,253.14940063999998,218.869995,10.059021475890413,229.69220086,264.200012
2015-09-22,248.59300144999997,253.12500060000002,253.570007,264.200012,42.070007000000004,264.200012,229.855500875,4204600.0,4352768.0,253.12500060000002,220.029999,9.922562282233685,229.855500875,260.940002
2015-09-23,250.64450140000002,253.03320067999996,262.25,260.940002,41.029999000000004,264.200012,230.04225083,4118275.0,4366632.0,253.03320067999996,224.839996,9.927585137194876,230.04225083,261.059998
2015-09-24,252.55850135,253.03280028,262.070007,261.059998,38.279999000000004,264.200012,230.2860508,4042535.0,4395164.0,253.03280028,238.630005,10.013813562738134,230.2860508,263.119995
2015-09-25,253.2545013,252.8374005,260.619995,263.119995,13.919999000000018,264.200012,230.486150825,3848405.0,4438312.0,252.8374005,238.630005,9.753872530509542,230.486150825,256.910004
2015-09-28,253.25200115,252.31280027999998,264.200012,256.910004,-0.050003000000003794,264.200012,230.67910081000002,3817775.0,4436252.0,252.31280027999998,238.630005,9.398911820800008,230.67910081000002,248.429993
2015-09-29,253.13150095,251.60059996,260.940002,248.429993,-2.410004000000015,264.200012,230.867950755,3767925.0,4410746.0,251.60059996,238.630005,9.324403697128675,230.867950755,246.649994
2015-09-30,253.62000040000004,251.23320006000003,261.059998,246.649994,9.769988999999981,264.200012,231.074950725,3741665.0,4387164.0,251.23320006000003,241.929993,9.39765610705971,231.074950725,248.399994
2015-10-02,253.32950055,250.28080016,256.910004,239.880005,2.0,264.200012,231.50295083,3750315.0,4460460.0,250.28080016,239.880005,9.36291407965318,231.50295083,247.570007
2015-10-05,253.5405006,249.89559996,248.429993,247.570007,4.220000999999996,264.200012,231.704600765,3750350.0,4477528.0,249.89559996,239.880005,9.303474437148381,231.704600765,246.149994
2015-10-06,253.20500105000002,249.66460020000002,246.649994,246.149994,-6.709991000000002,264.200012,231.820600825,3854700.0,4488148.0,249.66460020000002,239.880005,9.107158522693968,231.820600825,241.460007
2015-10-07,252.35750120000003,249.0074002,248.399994,241.460007,-16.949996999999996,264.200012,231.88395089499997,4025860.0,4546512.0,249.0074002,231.960007,8.709502583068353,231.88395089499997,231.960007
2015-10-08,251.26950145,248.26540008,239.880005,231.960007,-21.759995000000004,264.200012,231.90455086999998,4197070.0,4613374.0,248.26540008,226.720001,8.490163687323736,231.90455086999998,226.720001
2015-10-09,249.79200129999998,247.34339994,247.570007,226.720001,-29.550003000000004,264.200012,231.90315087500002,4387450.0,4695850.0,247.34339994,220.690002,8.237756853819892,231.90315087500002,220.690002
2015-10-12,247.9115013,246.33200010000002,246.149994,220.690002,-37.609999999999985,264.200012,231.86975091,4434720.0,4728124.0,246.33200010000002,215.580002,8.023859816821272,231.86975091,215.580002
2015-10-13,246.19550095,245.5172003,241.460007,215.580002,-34.320007000000004,264.200012,231.82690087499998,4546620.0,4780484.0,245.5172003,215.580002,8.177480501359602,231.82690087499998,219.25
2015-10-14,243.9270012,244.52920042000002,231.960007,219.25,-45.36999499999999,264.200012,231.78275086499997,4480985.0,4795522.0,244.52920042000002,215.580002,8.078276018345601,231.78275086499997,216.880005
2015-10-15,241.88900075,243.55280027999999,226.720001,216.880005,-40.76000899999997,264.200012,231.778150875,4443905.0,4728120.0,243.55280027999999,215.580002,8.26370896876138,231.778150875,221.309998
2015-10-16,240.20850074999998,243.17040008,220.690002,221.309998,-33.610000000000014,264.200012,231.80115083,4472475.0,4522334.0,243.17040008,215.580002,8.502302406961189,231.80115083,227.009995
2015-10-19,238.40350045,242.8822003,215.580002,227.009995,-36.10000600000001,263.119995,231.84510087,4291860.0,4471024.0,242.8822003,215.580002,8.547928654161954,231.84510087,228.100006
2015-10-20,236.0080003,242.32000030000003,219.25,228.100006,-47.91000299999999,263.119995,231.859800885,4853640.0,4685306.0,242.32000030000003,213.029999,7.917120465346205,231.859800885,213.029999
2015-10-21,233.4595002,241.77440031999998,216.880005,213.029999,-50.970001999999994,263.119995,231.85385087000003,4931175.0,4683038.0,241.77440031999998,210.089996,7.794056291086507,231.85385087000003,210.089996
2015-10-22,230.8895005,241.24540038000004,221.309998,210.089996,-51.39999400000002,256.910004,231.85770089,4900025.0,4664982.0,241.24540038000004,210.089996,7.8622858879148705,231.85770089,211.720001
2015-10-23,228.4985001,240.5770004,227.009995,211.720001,-47.820008,248.429993,231.85005089499998,4923130.0,4655908.0,240.5770004,209.089996,7.752197771125918,231.85005089499998,209.089996
2015-10-26,226.8400002,240.01920042,228.100006,209.089996,-33.16999799999999,248.399994,231.89305085,4847645.0,4636440.0,240.01920042,209.089996,8.010464797424245,231.89305085,215.259995
2015-10-27,225.0250008,239.12640044,213.029999,215.259995,-36.299987999999985,248.399994,231.933750845,4838455.0,4563294.0,239.12640044,209.089996,7.804939924861463,231.933750845,210.350006
2015-10-28,223.25300145,238.17120056,210.089996,210.350006,-35.439987,247.570007,231.97730088,4728405.0,4533966.0,238.17120056,209.089996,7.914190703817125,231.97730088,212.960007
2015-10-29,221.84050145,237.29880065999998,211.720001,212.960007,-28.25,247.570007,232.07200089500003,4590005.0,4497980.0,237.29880065999998,209.089996,7.8585187885525,232.07200089500003,211.630005
2015-10-30,219.80850074999998,236.59380066000003,209.089996,211.630005,-40.64001400000001,246.149994,232.147300885,4590750.0,4488642.0,236.59380066000003,206.929993,7.661783242435481,232.147300885,206.929993
2015-11-03,216.53500065000003,236.04380066000002,210.350006,213.789993,-33.11000099999998,231.960007,232.33300088,4758015.0,4410414.0,236.04380066000002,206.929993,7.72122288494028,232.33300088,208.350006
2015-11-04,216.51850055,236.27580078000003,212.960007,208.350006,-0.33000199999997903,231.630005,232.50830086999997,5053635.0,4578396.0,236.27580078000003,206.929993,8.695689187764323,232.50830086999997,231.630005
2015-11-05,216.7710007,236.41440094,211.630005,231.630005,5.050003000000004,231.770004,232.659050915,4971815.0,4569072.0,236.41440094,206.929993,8.701549338700286,232.659050915,231.770004
2015-11-06,217.35450065,236.20180086,206.929993,231.770004,11.669999000000018,232.360001,232.81440095500002,4786160.0,4464858.0,236.20180086,206.929993,8.726245739901476,232.81440095500002,232.360001
2015-11-09,217.84200065,235.73880098,213.789993,232.360001,9.75,232.360001,232.90830094999998,4786890.0,4431602.0,235.73880098,206.929993,8.43198038643704,232.90830094999998,225.330002
2015-11-10,217.70450065,235.08760102,208.350006,225.330002,-2.75,232.360001,232.96090097,4759165.0,4429938.0,235.08760102,206.929993,8.06236957146798,232.96090097,216.5
2015-11-11,217.81450050000004,234.69660095999998,231.630005,216.5,2.199996999999996,232.360001,233.059451005,4771335.0,4387798.0,234.69660095999998,206.929993,8.170364636683347,233.059451005,219.080002
2015-11-12,217.39600069999997,234.00160096,231.770004,219.080002,-8.369996000000015,232.360001,233.09815103,4774920.0,4353532.0,234.00160096,206.929993,7.913353324125318,233.09815103,212.940002
2015-11-13,216.40500105,233.23400086,232.360001,212.940002,-19.81999300000001,232.360001,233.11610101,4729710.0,4338242.0,233.23400086,206.929993,7.672666834351919,233.11610101,207.190002
2015-11-16,215.71550064999997,232.68160096,225.330002,207.190002,-13.790008,232.360001,233.13295099000004,4750585.0,4322966.0,232.68160096,206.929993,7.970699329037249,233.13295099000004,214.309998
2015-11-17,215.7640007,231.998201,216.5,214.309998,0.9700009999999963,232.360001,233.11115098500002,4113020.0,4303176.0,231.998201,206.929993,7.957723271566506,233.11115098500002,214.0
2015-11-18,216.31300124999999,231.44140106000003,219.080002,214.0,10.98001099999999,232.360001,233.12375100499997,4046040.0,4291598.0,231.44140106000003,206.929993,8.253663300697527,233.12375100499997,221.070007
2015-11-19,216.81700135,230.9078012,212.940002,221.070007,10.080002000000007,232.360001,233.127800995,4030000.0,4287506.0,230.9078012,206.929993,8.284219852834678,233.127800995,221.800003
2015-11-20,217.3630013,230.303201,207.190002,221.800003,10.91999899999999,232.360001,233.14105096500003,4038260.0,4328504.0,230.303201,206.929993,8.20929276723706,233.14105096500003,220.009995
2015-11-23,217.48750155,229.59440095999997,214.309998,220.009995,2.4900049999999965,232.360001,233.14240098500002,3995000.0,4321210.0,229.59440095999997,206.929993,8.114692721418722,233.14240098500002,217.75
2015-11-24,217.88250125,228.88800081999997,214.0,217.75,7.899993999999992,232.360001,233.15220102000004,3943045.0,4312146.0,228.88800081999997,206.929993,8.135621981399018,233.15220102000004,218.25
2015-11-25,218.71650084999996,228.2358008,221.070007,218.25,16.679992,232.360001,233.236401,4006155.0,4303620.0,228.2358008,206.929993,8.61239048189163,233.236401,229.639999
2015-11-27,219.71550064999997,227.62660068000002,221.800003,229.639999,19.979996,232.360001,233.38005098000002,4013375.0,4270892.0,227.62660068000002,206.929993,8.694851849931037,233.38005098000002,231.610001
2015-11-30,220.88200075,227.01940068,220.009995,231.610001,23.330002000000007,232.360001,233.51250093500002,3924420.0,4248826.0,227.01940068,207.190002,8.63834259683312,233.51250093500002,230.259995
2015-12-02,223.23400114999998,225.90020054000001,218.25,237.190002,23.63999899999999,237.190002,233.814350905,3647175.0,4187444.0,225.90020054000001,207.190002,8.71075825495014,233.814350905,231.990005
2015-12-03,223.28800124999998,225.33320072000004,229.639999,231.990005,1.080001999999979,237.190002,233.919350905,3157835.0,4194220.0,225.33320072000004,207.190002,8.740896473038806,233.919350905,232.710007
2015-12-04,223.21850129999999,224.67840091999997,231.610001,232.710007,-1.3899989999999889,237.190002,233.98570092499997,3061675.0,4176728.0,224.67840091999997,207.190002,8.643366037813589,233.98570092499997,230.380005
2015-12-07,223.15700150000004,224.16280094,230.259995,230.380005,-1.2299959999999999,237.190002,234.10465097,3096620.0,4164144.0,224.16280094,207.190002,8.674759927784033,234.10465097,231.130005
2015-12-08,223.22650145000003,223.72860110000002,237.190002,231.130005,1.3899989999999889,237.190002,234.21770097,3038455.0,4119874.0,223.72860110000002,207.190002,8.490163687323745,234.21770097,226.720001
2015-12-09,223.62750165000003,223.28600129999998,231.990005,226.720001,8.020004,237.190002,234.321501015,2960495.0,4106966.0,223.28600129999998,207.190002,8.398075068986005,234.321501015,224.520004
2015-12-10,224.02700190000002,222.85940156,232.710007,224.520004,7.9900049999999965,237.190002,234.42090104,2896690.0,4049808.0,222.85940156,207.190002,8.504814420461072,234.42090104,227.070007
2015-12-11,224.23100200000005,222.40220154000002,230.380005,227.070007,4.0800020000000075,237.190002,234.48930108000002,2914330.0,4023722.0,222.40220154000002,207.190002,8.084136169281571,234.48930108000002,217.020004
2015-12-14,224.800502,221.82240144000002,231.130005,217.020004,11.390000000000015,237.190002,234.59555108,2884170.0,3991784.0,221.82240144000002,214.0,8.149435376703053,234.59555108,218.580002
2015-12-15,225.1395019,221.32120147999998,226.720001,218.580002,6.779998000000006,237.190002,234.70320107000003,2850120.0,3962874.0,221.32120147999998,214.0,8.254500010653018,234.70320107000003,221.089996
2015-12-16,226.16500165000002,221.18220123999998,224.520004,221.089996,20.509995000000004,237.190002,234.86355103500003,2997900.0,3960456.0,221.18220123999998,217.020004,8.816241306665631,234.86355103500003,234.509995
2015-12-17,226.78100125,221.21080108,227.070007,234.509995,12.319991999999985,237.190002,235.027351005,3022235.0,3890148.0,221.21080108,217.020004,8.76935993174385,235.027351005,233.389999
2015-12-18,227.21400144999998,221.28560120000003,217.020004,233.389999,8.660003999999986,237.190002,235.21025101500004,3047725.0,3827768.0,221.28560120000003,217.020004,8.646714803127477,235.21025101500004,230.460007
2015-12-21,227.84150160000004,221.52300112,218.580002,230.460007,12.550003000000004,237.190002,235.41865098000002,2925350.0,3743664.0,221.52300112,217.020004,8.734617318318039,235.41865098000002,232.559998
2015-12-22,228.45150145000002,221.81040102000003,221.089996,232.559998,12.199996999999996,237.190002,235.61680092999998,2897115.0,3706168.0,221.81040102000003,217.020004,8.625366539362375,235.61680092999998,229.949997
2015-12-23,229.0240013,222.01940096,234.509995,229.949997,11.449996999999996,237.190002,235.79660089,2850850.0,3633838.0,222.01940096,217.020004,8.614901909372227,235.79660089,229.699997
2015-12-24,229.07050170000002,222.293201,233.389999,229.699997,0.930008000000015,237.190002,235.99410089,2686710.0,3585910.0,222.293201,217.020004,8.651319240323142,235.99410089,230.570007
2015-12-28,228.9375015,222.44600098000004,230.460007,230.570007,-2.660004000000015,237.190002,236.19545091,2684305.0,3567052.0,222.44600098000004,217.020004,8.583508019401785,236.19545091,228.949997
2015-12-29,229.28400185,222.64960112,232.559998,228.949997,6.930006999999989,237.190002,236.402900935,2671630.0,3528488.0,222.64960112,217.020004,8.928422433169654,236.402900935,237.190002
2015-12-30,229.32900155,222.84940092,229.949997,237.190002,0.8999940000000208,238.089996,236.619700935,2669825.0,3552288.0,222.84940092,217.020004,8.966094849983067,236.619700935,238.089996
2015-12-31,229.73000105,223.38900084,229.699997,238.089996,8.019990000000007,240.009995,236.816200875,2656500.0,3308588.0,223.38900084,217.020004,9.046463166448882,236.816200875,240.009995
2016-01-05,228.91750030000003,223.88960083999999,228.949997,223.410004,-6.950012000000015,240.009995,237.08175088,2881535.0,3369332.0,223.88960083999999,217.020004,8.352448821785242,237.08175088,223.429993
2016-01-06,228.3129997,224.08860078,237.190002,223.429993,-12.090012000000002,240.009995,237.17880082,2913280.0,3360204.0,224.08860078,217.020004,8.168689919158247,237.17880082,219.039993
2016-01-07,227.75949935,224.09640076,238.089996,219.039993,-11.070007000000004,240.009995,237.248450785,2956615.0,3363462.0,224.09640076,215.649994,8.026789578350362,237.248450785,215.649994
2016-01-08,227.08349915,224.10940064,240.009995,215.649994,-13.520004,240.009995,237.33195077,2985130.0,3365636.0,224.10940064,211.0,7.832147711684733,237.33195077,211.0
2016-01-11,226.1224991,224.00720062,223.410004,211.0,-19.220000999999996,240.009995,237.41915078,3086115.0,3392892.0,224.00720062,207.850006,7.700293624959992,237.41915078,207.850006
2016-01-12,225.76999895,223.97400054000002,223.429993,207.850006,-7.050003000000004,240.009995,237.54400078499998,3077275.0,3418630.0,223.97400054000002,207.850006,7.789033477983844,237.54400078499998,209.970001
2016-01-13,224.85649875,223.84160064,219.039993,209.970001,-18.270004,240.009995,237.59270074,3142240.0,3412380.0,223.84160064,200.309998,7.384680049588974,237.59270074,200.309998
2016-01-14,224.1109986,223.68940064000003,215.649994,200.309998,-14.910003000000017,240.009995,237.679750685,3354555.0,3463636.0,223.68940064000003,200.309998,7.630389352465045,237.679750685,206.179993
2016-01-15,222.63499910000002,223.62220062,211.0,206.179993,-29.519990000000007,240.009995,237.76675073,3378270.0,3408558.0,223.62220062,200.309998,7.580578216014182,237.76675073,204.990005
2016-01-19,221.2014992,223.08400053999998,207.850006,204.990005,-28.669997999999993,240.009995,237.83535073500002,3415275.0,3234804.0,223.08400053999998,200.309998,7.569276248190743,237.83535073500002,204.720001
2016-01-20,219.61349869999998,222.42260039999996,209.970001,204.720001,-31.760009999999994,240.009995,237.81335069,3556495.0,3261640.0,222.42260039999996,198.699997,7.3172877905939036,237.81335069,198.699997
2016-01-21,217.98399884999998,221.77480039999998,200.309998,198.699997,-32.58999700000001,240.009995,237.79695069500002,3617145.0,3276058.0,221.77480039999998,198.699997,7.3704482783779355,237.79695069500002,199.970001
2016-01-22,216.61399915,221.31920042,206.179993,199.970001,-27.399993999999992,240.009995,237.77135072,3675275.0,3261522.0,221.31920042,198.699997,7.478443343593302,237.77135072,202.550003
2016-01-25,214.94799955000002,220.91680052,204.990005,202.550003,-33.319991999999985,240.009995,237.70280076500003,3732460.0,3223156.0,220.91680052,196.380005,7.220176359153495,237.70280076500003,196.380005
2016-01-26,213.0974991,220.40640044,204.720001,196.380005,-37.010009,240.009995,237.61610078500001,3945270.0,3255484.0,220.40640044,193.559998,7.102135039854987,237.61610078500001,193.559998
2016-01-27,211.05349960000004,219.90900053999997,198.699997,193.559998,-40.87998999999999,240.009995,237.507550825,4031065.0,3269510.0,219.90900053999997,188.070007,6.8723321419980214,237.507550825,188.070007
2016-01-28,208.67899935,219.55920043999998,199.970001,188.070007,-47.490005,240.009995,237.418750775,4140390.0,3292760.0,219.55920043999998,188.070007,6.940561110948585,237.418750775,189.699997
2016-01-29,206.3344994,219.09700042,202.550003,189.699997,-46.88999900000002,240.009995,237.33560075000003,4098110.0,3291298.0,219.09700042,188.070007,7.003348890889473,237.33560075000003,191.199997
2016-02-02,202.1494995,217.9900003,193.559998,196.940002,-40.63000499999998,223.429993,237.16675080500002,4174565.0,3413510.0,217.9900003,182.779999,6.650900236538335,237.16675080500002,182.779999
2016-02-03,199.65199965,217.02360016000003,188.070007,182.779999,-49.949996999999996,219.039993,237.00780076499998,4411795.0,3522050.0,217.02360016000003,173.479996,6.2616158753292765,237.00780076499998,173.479996
2016-02-04,197.46650010000002,216.1300003,189.699997,173.479996,-43.709991,215.649994,236.837400755,4442110.0,3521744.0,216.1300003,173.479996,6.33905438840749,236.837400755,175.330002
2016-02-05,194.8140007,215.02700042,191.199997,175.330002,-53.049987999999985,211.0,236.553200775,4736275.0,3659972.0,215.02700042,162.600006,5.806195596743244,236.553200775,162.600006
2016-02-08,191.66350095,213.62180052,196.940002,162.600006,-63.009995,209.970001,236.20015077,5020520.0,3796626.0,213.62180052,147.990005,5.194642578260487,236.20015077,147.990005
2016-02-09,188.68350064999998,211.99400053999997,182.779999,147.990005,-59.60000600000001,209.970001,235.849250805,5248530.0,3889842.0,211.99400053999997,147.990005,5.205525584157641,235.849250805,148.25
2016-02-10,185.36850049999998,210.23520048000003,173.479996,148.25,-66.300003,206.179993,235.40985077999997,5614260.0,4058984.0,210.23520048000003,143.669998,5.013813479021093,235.40985077999997,143.669998
2016-02-11,182.87650065,208.63940060000002,175.330002,143.669998,-49.83999700000001,206.179993,235.00980080500003,6120560.0,4290836.0,208.63940060000002,143.669998,5.298451540328673,235.00980080500003,150.470001
2016-02-12,180.11950065000002,206.91640042000003,162.600006,150.470001,-55.139999999999986,204.990005,234.60275078499998,6157815.0,4360872.0,206.91640042000003,143.669998,5.3223105618380515,234.60275078499998,151.039993
2016-02-16,177.62850029999998,205.38000028,147.990005,151.039993,-49.820007000000004,204.720001,234.24835076000002,6158575.0,4413118.0,205.38000028,143.669998,5.4951864585678925,234.24835076000002,155.169998
2016-02-17,175.8264999,204.09939999999997,148.25,155.169998,-36.040008,202.550003,233.96160073,6247900.0,4470830.0,204.09939999999997,143.669998,6.06069485394288,233.96160073,168.679993
2016-02-18,174.23000025,202.82719998000002,143.669998,168.679993,-31.929992999999996,202.550003,233.642900775,6150350.0,4497110.0,202.82719998000002,143.669998,5.98074554126187,233.642900775,166.770004
2016-02-19,172.5605003,201.53619992,150.470001,166.770004,-33.38999899999999,202.550003,233.3110508,6140010.0,4493414.0,201.53619992,143.669998,5.972792338752318,233.3110508,166.580002
2016-02-22,171.3200004,200.5566,151.039993,166.580002,-24.809998000000007,196.940002,233.04760086000002,6236810.0,4540864.0,200.5566,143.669998,6.439933547088074,233.04760086000002,177.740005
2016-02-23,170.3615005,199.61040006,155.169998,177.740005,-19.16999800000002,196.940002,232.74965088000002,6401095.0,4599396.0,199.61040006,143.669998,6.417748615226,232.74965088000002,177.210007
2016-02-24,169.6335006,198.64899992,168.679993,177.210007,-14.559998000000007,196.940002,232.46160087500002,6422665.0,4665874.0,198.64899992,143.669998,6.49267507294582,232.46160087500002,179.0
2016-02-25,169.6014999,198.05719969999998,166.770004,179.0,-0.6400140000000079,196.940002,232.201300815,6529340.0,4715514.0,198.05719969999998,143.669998,6.845542103203964,232.201300815,187.429993
2016-02-26,169.63349985,197.49239957999998,166.580002,187.429993,0.6399990000000173,196.940002,231.92930077,6602955.0,4780274.0,197.49239957999998,143.669998,6.967350521864845,231.92930077,190.339996
2016-02-29,169.66999965,196.90919952000002,177.740005,190.339996,0.7299959999999999,196.940002,231.67305077,6685290.0,4825366.0,196.90919952000002,143.669998,7.033905443026624,231.67305077,191.929993
2016-03-02,169.4184997,195.04499968,179.0,186.350006,5.55999700000001,191.929993,231.08180076999997,6710460.0,4888800.0,195.04499968,143.669998,6.883633481943662,231.08180076999997,188.339996
2016-03-03,170.53150015,194.35059964,187.429993,188.339996,22.260008999999997,195.740005,230.81675079500002,6555340.0,4925096.0,194.35059964,143.669998,7.193386906378716,230.81675079500002,195.740005
2016-03-04,171.8169997,193.72019954000004,190.339996,195.740005,25.709991000000002,201.039993,230.58625076500002,6660525.0,5015814.0,193.72019954000004,143.669998,7.41523655986761,230.58625076500002,201.039993
2016-03-07,173.95149905,193.22699945999997,191.929993,201.039993,42.689987,205.289993,230.3909507,6455115.0,5083172.0,193.22699945999997,143.669998,7.593135269700122,230.3909507,205.289993
2016-03-08,176.6819991,192.68499964,186.350006,205.289993,54.61000100000001,205.289993,230.175850755,6198400.0,5135646.0,192.68499964,143.669998,7.480536395166892,230.175850755,202.600006
2016-03-09,179.70549915,192.24799951999998,188.339996,202.600006,60.470000999999996,208.720001,229.98080078000004,5926250.0,5185658.0,192.24799951999998,143.669998,7.73671032803311,229.98080078000004,208.720001
2016-03-10,182.7809989,191.77259943999996,195.740005,208.720001,61.509995,208.720001,229.76940071,5665550.0,5251482.0,191.77259943999996,150.470001,7.588530832504459,229.76940071,205.179993
2016-03-11,185.63249885,191.1787994,201.039993,205.179993,57.029999000000004,208.720001,229.56975074500002,5120085.0,5270218.0,191.1787994,151.039993,7.6856428918226705,229.56975074500002,207.5
2016-03-14,188.83799889999997,190.71999936,205.289993,207.5,64.11000099999998,215.149994,229.38825073,4961580.0,5277574.0,190.71999936,155.169998,8.005860318370074,229.38825073,215.149994
2016-03-15,191.99649879999998,190.28659937999998,202.600006,215.149994,63.16999800000002,218.339996,229.22595069500002,4840915.0,5286884.0,190.28659937999998,166.580002,8.1393890807614,229.22595069500002,218.339996
2016-03-16,194.6589988,190.25699915999996,208.720001,218.339996,53.25,221.929993,229.08835067500002,4725490.0,5220676.0,190.25699915999996,166.580002,8.289661041844361,229.08835067500002,221.929993
2016-03-17,197.63949885000002,190.3159994,205.179993,221.929993,59.61000100000001,226.380005,228.97850067,4720255.0,5232598.0,190.3159994,166.580002,8.475931957971232,228.97850067,226.380005
2016-03-18,200.94749900000002,190.58999963999997,207.5,226.380005,66.16000299999999,232.740005,228.89725067,4807875.0,5251252.0,190.58999963999997,177.210007,8.742152144920592,228.89725067,232.740005
2016-03-21,203.9764991,191.0433999,215.149994,232.740005,60.58000200000001,238.320007,228.85925071500003,4820260.0,5286322.0,191.0433999,177.210007,8.97572277001773,228.85925071500003,238.320007
2016-03-22,206.827999,191.5082,218.339996,238.320007,57.029998000000006,238.320007,228.78475074500003,4736840.0,5300080.0,191.5082,179.0,8.804939924861479,228.78475074500003,234.240005
2016-03-23,209.00699909999997,191.80279991999998,221.929993,234.240005,43.58000200000001,238.320007,228.61620071000002,4714500.0,5317228.0,191.80279991999998,186.350006,8.316869456545426,228.61620071000002,222.580002
2016-03-24,211.02299945,192.1583999,226.380005,222.580002,40.320007000000004,238.320007,228.47495071,4675010.0,5354608.0,192.1583999,186.350006,8.533277921024641,228.47495071,227.75
2016-03-28,213.01899939999998,192.75739984,232.740005,227.75,39.91999899999999,238.320007,228.37275070000004,4568040.0,5350594.0,192.75739984,186.350006,8.638342596833127,228.37275070000004,230.259995
2016-03-29,214.929,193.23640007999998,238.320007,230.259995,38.200012000000015,238.320007,228.266350705,4543805.0,5301066.0,193.23640007999998,186.350006,8.63290140782345,228.266350705,230.130005
2016-03-30,216.95599964999997,193.67439996000002,234.240005,230.130005,40.53999299999998,238.320007,228.14735069000002,4409845.0,5270154.0,193.67439996000002,188.339996,8.497279552000014,228.14735069000002,226.889999
2016-03-31,219.02750005,194.17540002,222.580002,226.889999,41.43000799999999,238.320007,228.04430068500002,4567370.0,5349638.0,194.17540002,195.740005,8.617832298779117,228.04430068500002,229.770004
2016-04-04,223.4175002,195.89360008000003,230.259995,237.589996,45.95001199999999,246.990005,227.899550695,5475105.0,5758998.0,195.89360008000003,202.600006,9.338636054359018,227.899550695,246.990005
2016-04-05,225.92650059999997,196.95200004000003,230.130005,246.990005,50.18000799999999,255.470001,227.86745062500003,5706070.0,5895490.0,196.95200004000003,202.600006,9.693596136190752,227.86745062500003,255.470001
2016-04-06,229.06750094999998,198.33280019999998,226.889999,255.470001,62.820006999999976,265.420013,227.88200064,6082410.0,6075626.0,198.33280019999998,205.179993,10.110088912100874,227.88200064,265.420013
2016-04-07,231.4915015,199.60560048000002,229.770004,265.420013,48.48001100000002,265.420013,227.869050655,6364790.0,6153466.0,199.60560048000002,205.179993,9.766011836166296,227.869050655,257.200012
2016-04-08,233.73600219999997,200.84560048000003,237.589996,257.200012,44.89001400000001,265.420013,227.78105062500003,6473360.0,6228400.0,200.84560048000003,207.5,9.467560379554682,227.78105062500003,250.070007
2016-04-11,235.8570021,202.05000049999998,246.990005,250.070007,42.41999799999999,265.420013,227.70480055,6764290.0,6319778.0,202.05000049999998,215.149994,9.461281224833913,227.70480055,249.919998
2016-04-12,237.49050275,203.1824007,255.470001,249.919998,32.67001300000001,265.420013,227.59995054000004,6849165.0,6377996.0,203.1824007,218.339996,9.373378709643351,227.59995054000004,247.820007
2016-04-13,239.30000289999998,204.33420064,265.420013,247.820007,36.19000299999999,265.420013,227.537150555,6936420.0,6370556.0,204.33420064,221.929993,9.654249043710758,227.537150555,254.529999
2016-04-14,240.79650329999998,205.71580068,257.200012,254.529999,29.930008000000015,265.420013,227.48635061500002,6967195.0,6337728.0,205.71580068,222.580002,9.542486879133019,227.48635061500002,251.860001
2016-04-15,242.2030028,207.33640066,250.070007,251.860001,28.129989999999992,265.420013,227.41760054000002,6965670.0,6254148.0,207.33640066,222.580002,9.653411705877465,227.41760054000002,254.509995
2016-04-18,243.26000280000002,208.90740072,249.919998,254.509995,21.140000000000015,265.420013,227.34125059500002,6943650.0,6251868.0,208.90740072,222.580002,9.627041256887493,227.34125059500002,253.880005
2016-04-19,243.71250220000002,210.6028005,247.820007,253.880005,9.049987999999985,265.420013,227.178000625,6996135.0,6190266.0,210.6028005,222.580002,9.354541873358844,227.178000625,247.369995
2016-04-20,244.49900200000002,212.64240042,254.529999,247.369995,15.729996,265.420013,227.02925062500003,7040040.0,6107888.0,212.64240042,222.580002,9.463374276407501,227.02925062500003,249.970001
2016-04-21,245.78450155000002,214.64320028000003,251.860001,249.970001,25.709991000000002,265.420013,226.93130056500002,6931755.0,5990518.0,214.64320028000003,226.889999,9.39305162800555,226.93130056500002,248.289993
2016-04-22,247.08450155,216.84480032,254.509995,248.289993,26.0,265.420013,226.92525053,6873025.0,5858114.0,216.84480032,226.889999,9.621599440000017,226.92525053,253.75
2016-04-25,248.16250215,218.87180044000002,253.880005,253.75,21.560012,265.420013,226.89475050000001,6860255.0,5646472.0,218.87180044000002,226.889999,9.540812789485717,226.89475050000001,251.820007
2016-04-26,249.34300215000002,220.92580067999998,247.369995,251.820007,23.609999999999985,265.420013,226.867700555,6820730.0,5566232.0,220.92580067999998,226.889999,9.621181064093012,226.867700555,253.740005
2016-04-27,250.57200225000003,222.85180074,249.970001,253.740005,24.580002000000007,265.420013,226.81425054,6779370.0,5518472.0,222.85180074,229.770004,9.52616205634839,226.81425054,251.470001
2016-04-28,251.4690024,224.43240102,248.289993,251.470001,17.94000299999999,265.420013,226.724550605,6504675.0,5452348.0,224.43240102,237.589996,9.368774272447688,226.724550605,247.710007
2016-04-29,251.62750235,225.91220084,253.75,247.710007,3.16999899999999,265.420013,226.61265050499998,5975490.0,5482872.0,225.91220084,240.759995,9.07785705641934,226.61265050499998,240.759995
2016-05-03,250.21050255,228.50820090000002,253.740005,241.800003,-23.149993999999992,265.420013,226.27655057,5211595.0,5485404.0,228.50820090000002,232.320007,8.724571650254187,226.27655057,232.320007
2016-05-04,248.0675018,229.41520072,251.470001,232.320007,-42.860014999999976,257.200012,225.97805051000003,5061345.0,5539726.0,229.41520072,222.559998,8.316032118712137,225.97805051000003,222.559998
2016-05-05,245.78400115,230.0658007,247.710007,222.559998,-45.67001300000001,254.529999,225.70185056000003,5181275.0,5656910.0,230.0658007,211.529999,7.8543326854053355,225.70185056000003,211.529999
2016-05-06,244.02700045,230.6158007,240.759995,211.529999,-35.14001400000001,254.529999,225.43715055,5097340.0,5655600.0,230.6158007,211.529999,7.996651402120225,225.43715055,214.929993
2016-05-09,241.97700044999996,230.98740074,241.800003,214.929993,-41.0,254.529999,225.14575048000003,4878075.0,5629826.0,230.98740074,208.919998,7.745081906449672,225.14575048000003,208.919998
2016-05-10,240.02050020000001,231.32260092,232.320007,208.919998,-39.13000500000001,254.529999,224.86215047000002,4793445.0,5621258.0,231.32260092,208.690002,7.735454614292815,224.86215047000002,208.690002
2016-05-11,237.74200059999998,231.77480093999998,222.559998,208.690002,-45.56999200000001,254.509995,224.64190053000002,4805260.0,5590252.0,231.77480093999998,208.690002,7.746756623974774,224.64190053000002,208.960007
2016-05-12,235.5130005,232.15360099999998,211.529999,208.960007,-44.58000200000001,254.509995,224.35420049,4781175.0,5566014.0,232.15360099999998,207.279999,7.676433975572822,224.35420049,207.279999
2016-05-13,233.1680008,232.39100092,214.929993,207.279999,-46.89999399999999,253.880005,224.07315046,4734695.0,5525890.0,232.39100092,207.279999,7.6902473708768575,224.07315046,207.610001
2016-05-16,230.8885002,232.53600091999996,208.919998,207.610001,-45.590012,253.75,223.78065038,4668595.0,5455096.0,232.53600091999996,207.279999,7.7187108295819,223.78065038,208.289993
2016-05-17,228.75300064999996,232.52340114000003,208.690002,208.289993,-42.709991,253.75,223.47320043000002,4492900.0,5405380.0,232.52340114000003,204.660004,7.566764862568672,223.47320043000002,204.660004
2016-05-18,226.8130005,232.69480098,208.960007,204.660004,-38.800003000000004,253.75,223.22910047000002,4514070.0,5434156.0,232.69480098,204.660004,7.839263576361001,223.22910047000002,211.169998
2016-05-19,225.15900119999998,232.8246011,207.279999,211.169998,-33.07998600000002,253.75,222.97375051000003,4718230.0,5507310.0,232.8246011,204.660004,8.008372373728468,222.97375051000003,215.210007
2016-05-20,223.48550114999998,233.12660122,207.610001,215.210007,-33.470000999999996,253.740005,222.72450048000002,4979270.0,5583602.0,233.12660122,204.660004,8.220594735060507,222.72450048000002,220.279999
2016-05-23,221.70550085,233.30100124,208.289993,220.279999,-35.60000600000001,253.740005,222.57495046,5050880.0,5618790.0,233.30100124,204.660004,8.050649227737546,222.57495046,216.220001
2016-05-24,219.9140008,233.35620144,204.660004,216.220001,-35.83000100000001,251.470001,222.45195050499999,5040380.0,5597752.0,233.35620144,204.660004,8.121390252046504,222.45195050499999,217.910004
2016-05-25,218.31950085,233.38100156000002,211.169998,217.910004,-31.88999899999999,247.710007,222.34415052,5036430.0,5596678.0,233.38100156000002,204.660004,8.191293896663653,222.34415052,219.580002
2016-05-26,217.19000025,233.44480160000003,215.210007,219.580002,-22.590012,241.800003,222.28290052,5114100.0,5607792.0,233.44480160000003,204.660004,8.423189804235687,222.28290052,225.119995
2016-05-27,216.30400015,233.37800136,220.279999,225.119995,-17.720001999999994,241.800003,222.207250495,5025925.0,5605140.0,233.37800136,204.660004,8.336123999000618,222.207250495,223.039993
2016-05-31,215.3754998,233.18780118000004,216.220001,223.039993,-18.570007000000004,232.320007,222.11085049999997,4973180.0,5566684.0,233.18780118000004,204.660004,8.34407724336869,222.11085049999997,223.229996
2016-06-02,214.55749980000002,232.50700104,219.580002,219.559998,-3.599991000000017,225.119995,221.81275053000002,4573820.0,5474518.0,232.50700104,204.660004,8.165341823580684,221.81275053000002,218.960007
2016-06-03,214.93050009999996,232.4352011,225.119995,218.960007,7.460005999999993,225.119995,221.60410055,4122530.0,5420122.0,232.4352011,204.660004,8.166597495462462,221.60410055,218.990005
2016-06-06,215.2180001,232.29380096,223.039993,218.990005,5.75,225.119995,221.431250515,3950745.0,5365894.0,232.29380096,204.660004,8.23733789189362,221.431250515,220.679993
2016-06-07,216.38899999999998,232.33540097999997,223.229996,220.679993,23.41999800000002,232.339996,221.38205053000001,4022605.0,5411652.0,232.33540097999997,204.660004,8.725408360209673,221.38205053000001,232.339996
2016-06-08,217.73050009999997,232.44320095999998,219.559998,232.339996,26.830002000000007,235.520004,221.40580053000002,4117675.0,5450806.0,232.44320095999998,204.660004,8.858518788552514,221.40580053000002,235.520004
2016-06-09,218.7504998,232.492601,218.960007,235.520004,20.39999400000002,235.520004,221.45825056,4084185.0,5459988.0,232.492601,204.660004,8.600670180019712,221.45825056,229.360001
2016-06-10,219.3259995,232.27300078,218.990005,229.360001,11.509994000000006,235.520004,221.45205053,4202990.0,5420262.0,232.27300078,204.660004,8.158225289168104,221.45205053,218.789993
2016-06-13,219.8389992,231.87860076,220.679993,218.789993,10.259993999999978,235.520004,221.417200525,4271500.0,5184172.0,231.87860076,204.660004,8.119715534521399,221.417200525,217.869995
2016-06-14,220.1724999,231.23800079999998,232.339996,217.869995,6.670013999999981,235.520004,221.27705053500003,4303040.0,4986270.0,231.23800079999998,204.660004,7.997907743738319,221.27705053500003,214.960007
2016-06-15,220.82449954999998,230.48260072000002,235.520004,214.960007,13.03999300000001,235.520004,221.12315053999998,4306285.0,4845466.0,230.48260072000002,211.169998,8.112599669845139,221.12315053999998,217.699997
2016-06-16,221.16249929999998,229.53280032000004,229.360001,217.699997,6.7599950000000035,235.520004,220.96750051499998,4147425.0,4660162.0,229.53280032000004,214.960007,8.122226962001996,220.96750051499998,217.929993
2016-06-17,221.175499,228.6982001,218.789993,217.929993,0.25999400000000605,235.520004,220.85170049500002,3959740.0,4545290.0,228.6982001,214.960007,8.0192553377671,220.85170049500002,215.470001
2016-06-20,221.1464989,228.09079989999998,217.869995,215.470001,-0.5800020000000075,235.520004,220.71175047,3687160.0,4469122.0,228.09079989999998,214.960007,8.196316709766322,220.71175047,219.699997
2016-06-21,221.31599889999998,227.48459995999997,214.960007,219.699997,3.390000000000015,235.520004,220.58195044,3658485.0,4376468.0,227.48459995999997,214.960007,8.19254961040395,220.58195044,219.610001
2016-06-22,220.2534989,226.4613999,217.699997,219.610001,-21.25,235.520004,220.355600495,4694915.0,4736052.0,226.4613999,196.660004,7.23189670288394,220.355600495,196.660004
2016-06-23,219.09449850000001,225.29879979999998,217.929993,196.660004,-23.180008000000015,235.520004,220.09675047500002,5045110.0,4840154.0,225.29879979999998,196.399994,7.221013069108988,220.09675047500002,196.399994
2016-06-24,217.49599844999997,224.12459965999997,215.470001,196.399994,-31.970000999999996,235.520004,219.817950425,5192815.0,4898040.0,224.12459965999997,193.149994,7.084972879237068,219.817950425,193.149994
2016-06-27,216.27149895000002,223.00539981999998,219.699997,193.149994,-24.489990000000006,235.520004,219.56830046000002,5370570.0,4967100.0,223.00539981999998,193.149994,7.311009263750941,219.56830046000002,198.550003
2016-06-28,215.19949880000004,221.96359958000002,219.610001,198.550003,-21.44000299999999,235.520004,219.3260504,5541740.0,5005920.0,221.96359958000002,193.149994,7.446630449838057,219.3260504,201.789993
2016-06-29,214.73099899999997,221.21999971999998,196.660004,201.789993,-9.369996000000015,235.520004,219.11105039999998,5692350.0,4998668.0,221.21999971999998,193.149994,7.798242394233702,219.11105039999998,210.190002
2016-06-30,214.39699860000002,220.46619968,196.399994,210.190002,-6.680007999999987,235.520004,218.90460036000002,5832865.0,4991648.0,220.46619968,193.149994,7.885726575375777,218.90460036000002,212.279999
2016-07-05,213.9374985,219.03499974,198.550003,216.5,-6.699996999999996,235.520004,218.435400305,6137705.0,5071766.0,219.03499974,193.149994,7.956885933733222,218.435400305,213.979996
2016-07-06,213.04249880000003,218.28739964,201.789993,213.979996,-17.89999400000002,235.520004,218.20450034,6073020.0,5096758.0,218.28739964,193.149994,7.976141104066214,218.20450034,214.440002
2016-07-07,212.0634987,217.53139958,210.190002,214.440002,-19.580002000000007,229.360001,217.96320029000003,5955020.0,5104522.0,217.53139958,193.149994,8.0389288840071,217.96320029000003,215.940002
2016-07-08,211.4344986,216.83759954,212.279999,215.940002,-12.580002000000007,219.699997,217.742400275,5934155.0,5121902.0,216.83759954,193.149994,8.074089915198437,217.742400275,216.779999
2016-07-11,211.73399890000002,216.37899938,216.5,216.779999,5.990005999999994,224.779999,217.56100028,5904315.0,5180118.0,216.37899938,193.149994,8.408958074883166,217.56100028,224.779999
2016-07-12,212.07299884999998,216.05679936,213.979996,224.779999,6.779999000000004,224.779999,217.368650275,5923230.0,5163268.0,216.05679936,193.149994,8.40351625799569,217.368650275,224.649994
2016-07-13,212.45149845,215.67139928,214.440002,224.649994,7.569992000000013,224.779999,217.19675025,5922575.0,5157732.0,215.67139928,193.149994,8.314776404971838,217.19675025,222.529999
2016-07-14,212.64299855,215.45559912000002,215.940002,222.529999,3.8300020000000075,224.779999,217.06225027999997,5910940.0,5125204.0,215.45559912000002,193.149994,8.272917885011246,217.06225027999997,221.529999
2016-07-15,212.76649860000003,215.41239904000003,216.779999,221.529999,2.4700009999999963,224.779999,216.93100028,5900635.0,4995878.0,215.41239904000003,193.149994,8.225617548163179,216.93100028,220.399994
2016-07-18,213.30549854999998,215.70679906,224.779999,220.399994,10.779999000000004,226.25,216.82025031,5915610.0,4839024.0,215.70679906,193.149994,8.470490141083756,216.82025031,226.25
2016-07-19,213.58349844999998,215.91339910000002,224.649994,226.25,5.559998000000007,226.25,216.74715026,5893590.0,4787622.0,215.91339910000002,193.149994,8.429049997030171,216.74715026,225.259995
2016-07-20,214.02099844999998,216.30219916,222.529999,225.259995,8.75,228.360001,216.65110022999997,5795565.0,4743464.0,216.30219916,193.149994,8.558811660059124,216.65110022999997,228.360001
2016-07-21,215.21299825,216.53839912,221.529999,228.360001,23.839996000000014,228.360001,216.52285025999998,4829880.0,4750626.0,216.53839912,193.149994,8.229803651310357,216.52285025999998,220.5
2016-07-22,216.50649875,216.80459906,220.399994,220.5,25.870010000000008,228.360001,216.42690024499998,4452330.0,4698982.0,216.80459906,193.149994,8.303893399074683,216.42690024499998,222.270004
2016-07-25,218.3494988,217.25919898,226.25,222.270004,36.86000100000001,230.009995,216.41715018500003,4325540.0,4715786.0,217.25919898,198.550003,8.627877966842979,216.41715018500003,230.009995
2016-07-26,219.8974984,217.69719886,225.259995,230.009995,30.959992,230.009995,216.43110015500002,4136770.0,4727930.0,217.69719886,201.789993,8.606948706862683,216.43110015500002,229.509995
2016-07-27,221.23249899999996,218.1011991,228.360001,229.509995,26.700011999999987,230.009995,216.47010017,3970600.0,4726722.0,218.1011991,210.190002,8.56425343508808,216.47010017,228.490005
2016-07-28,222.25349895,218.62019904000002,220.5,228.490005,20.41999900000002,230.610001,216.545250165,3791810.0,4718232.0,218.62019904000002,212.279999,8.652993329970455,216.545250165,230.610001
2016-07-29,223.37899865,219.09259894,222.270004,230.610001,22.509994000000006,234.789993,216.62295013000002,3703195.0,4667298.0,219.09259894,213.979996,8.827961608537567,216.62295013000002,234.789993
2016-08-02,224.71549844999998,219.52699866,229.509995,230.009995,13.220000999999996,234.789993,216.71805007499998,3571965.0,4508844.0,219.52699866,214.440002,8.510255609470759,216.71805007499998,227.199997
2016-08-03,225.282998,219.7183985,228.490005,227.199997,11.349991000000017,234.789993,216.711950065,3520360.0,4484550.0,219.7183985,215.940002,8.451234928892246,216.711950065,225.789993
2016-08-04,226.01649795000003,219.97239844,230.610001,225.789993,14.669999000000018,234.789993,216.72450003999998,3547110.0,4507214.0,219.97239844,216.779999,8.652993329970455,216.72450003999998,230.610001
2016-08-05,226.67899795,220.18139838,234.789993,230.610001,13.25,234.789993,216.80950004,3503630.0,4508782.0,220.18139838,220.399994,8.628715304676271,216.80950004,230.029999
2016-08-08,226.74799819999998,220.20219856,230.009995,230.029999,1.3800049999999828,234.789993,216.88985008,3345320.0,4472606.0,220.20219856,220.399994,8.466723041721382,216.88985008,226.160004
2016-08-09,226.9694986,220.32299873999997,227.199997,226.160004,4.430008000000015,234.789993,216.976650085,3227145.0,4443756.0,220.32299873999997,220.399994,8.58894983628927,216.976650085,229.080002
2016-08-10,227.12549835,220.3713987,225.789993,229.080002,3.1199949999999887,234.789993,217.05945007500003,3165705.0,4434742.0,220.3713987,220.399994,8.445374777956282,217.05945007500003,225.649994
2016-08-11,227.2944986,220.47839882,230.610001,225.649994,3.380004999999983,234.789993,217.10770012,3125960.0,4412706.0,220.47839882,220.399994,8.414399891770643,217.10770012,224.910004
2016-08-12,227.55499895000003,220.61139870000002,230.029999,224.910004,5.210007000000019,234.789993,217.18400009500002,3104925.0,4408320.0,220.61139870000002,220.5,8.443700730167498,217.18400009500002,225.610001
2016-08-15,227.52199875000002,220.74339851999997,226.160004,225.610001,-0.6600039999999865,234.789993,217.24715003999998,3036035.0,4404426.0,220.74339851999997,220.5,8.442863350475687,217.24715003999998,225.589996
2016-08-16,227.43949905,220.80199868,229.080002,225.589996,-1.6499939999999924,234.789993,217.30705002,2993635.0,4404778.0,220.80199868,220.5,8.359983690246315,217.30705002,223.610001
2016-08-17,227.18349924999998,220.61999886,225.649994,223.610001,-5.119996000000015,234.789993,217.38860008,2954565.0,4316248.0,220.61999886,220.5,8.344496205294975,217.38860008,223.240005
2016-08-18,227.333999,220.37979868000002,224.910004,223.240005,3.0099950000000035,234.789993,217.43720009,2818855.0,4231098.0,220.37979868000002,222.270004,8.355797587099136,217.43720009,223.509995
2016-08-19,227.4704988,220.29259866,225.610001,223.509995,2.729996,234.789993,217.52045006,2772845.0,4174446.0,220.29259866,223.240005,8.418166991133017,217.52045006,225.0
2016-08-22,227.11649870000002,220.37539866,225.589996,225.0,-7.0800020000000075,234.789993,217.47695000000004,2651585.0,4095224.0,220.37539866,222.929993,8.331519561804953,217.47695000000004,222.929993
2016-08-23,226.88299875,220.51479868,223.610001,222.929993,-4.66999899999999,234.789993,217.44229995999999,2719305.0,4107052.0,220.51479868,222.929993,8.411469460505243,217.44229995999999,224.839996
2016-08-24,226.58949825000005,220.66799844000002,223.240005,224.839996,-5.870010000000008,234.789993,217.39359993,2703390.0,4086862.0,220.66799844000002,222.619995,8.31854350433421,217.39359993,222.619995
2016-08-25,226.10699855000001,220.73319863999998,223.509995,222.619995,-9.64999400000002,234.789993,217.371749955,2670560.0,4063942.0,220.73319863999998,220.960007,8.249058863501869,217.371749955,220.960007
2016-08-26,225.36699915,220.77439887999998,225.0,220.960007,-14.799988000000013,230.610001,217.38919998,2628970.0,4059916.0,220.77439887999998,219.990005,8.208456015423057,217.38919998,219.990005
2016-08-29,224.62649925,220.76899880000002,222.929993,219.990005,-14.809998000000007,230.610001,217.369799955,2591470.0,4062990.0,220.76899880000002,215.199997,8.007953369943666,217.369799955,215.199997
2016-08-30,223.8334992,220.60179878,224.839996,215.199997,-15.860000999999983,230.610001,217.36179992499999,2553195.0,4055258.0,220.60179878,211.339996,7.846379441037264,217.36179992499999,211.339996
2016-08-31,223.1444993,220.44979866000003,222.619995,211.339996,-13.779998000000006,230.610001,217.38589989,2522630.0,4030208.0,220.44979866000003,211.339996,7.87442460755234,217.38589989,212.009995
2016-09-02,220.03999945,220.55959876,219.990005,200.770004,-32.25,229.080002,217.237099915,2851045.0,3631156.0,220.55959876,197.779999,7.278778035947207,217.237099915,197.779999
2016-09-06,218.87349935000003,220.75319892000005,215.199997,197.779999,-23.33000199999998,229.080002,217.14589989,2957395.0,3578438.0,220.75319892000005,197.779999,7.490163687323754,217.14589989,202.830002
2016-09-07,217.50499960000002,220.81639900000002,211.339996,202.830002,-27.369995000000017,225.649994,217.04544991,3029050.0,3507148.0,220.81639900000002,197.779999,7.443282354260491,217.04544991,201.710007
2016-09-08,216.09049995,220.72779916,212.009995,201.710007,-28.28999299999998,225.610001,216.93219994,3081030.0,3450458.0,220.72779916,197.360001,7.261197541280801,216.93219994,197.360001
2016-09-09,214.56849979999998,220.41339914,200.770004,197.360001,-30.44000299999999,225.610001,216.815799945,3174835.0,3405700.0,220.41339914,194.470001,7.1402264185946915,216.815799945,194.470001
2016-09-12,213.20299989999998,220.13379922000001,197.779999,194.470001,-27.309998000000007,225.589996,216.71604996,3269920.0,3383142.0,220.13379922000001,194.470001,7.300544633760795,216.71604996,198.300003
2016-09-13,211.72600025000003,219.72479928,202.830002,198.300003,-29.53999300000001,225.0,216.54809998000002,3347675.0,3346930.0,219.72479928,194.470001,7.206362963849465,216.54809998000002,196.050003
2016-09-14,210.3660004,219.37339944,201.710007,196.050003,-27.199997000000025,225.0,216.37209999499999,3347045.0,3288514.0,219.37339944,194.470001,7.221432072893798,216.37209999499999,196.410004
2016-09-15,209.22500004999998,219.09299936,197.360001,196.410004,-22.820007000000004,225.0,216.22290001,3411550.0,3251660.0,219.09299936,194.470001,7.38928448678465,216.22290001,200.419998
2016-09-16,208.3195,218.8821992,194.470001,200.419998,-18.11000100000001,225.0,216.06394996999998,3481215.0,3241576.0,218.8821992,194.470001,7.597739748754313,216.06394996999998,205.399994
2016-09-19,207.3864998,218.67339914000001,198.300003,205.399994,-18.660003999999986,224.839996,215.935699925,3513215.0,3206070.0,218.67339914000001,194.470001,7.637086841234309,215.935699925,206.339996
2016-09-20,206.4720001,218.27059913999997,196.050003,206.339996,-18.289994000000007,224.839996,215.795349885,3530465.0,3145684.0,218.27059913999997,194.470001,7.565927482876862,215.795349885,204.639999
2016-09-21,205.49100035,217.88199927999997,196.410004,204.639999,-19.619995000000017,222.619995,215.66954986500002,3422920.0,3106928.0,217.88199927999997,194.470001,7.590205508171046,215.66954986500002,205.220001
2016-09-22,204.68150025,217.55999916000002,200.419998,205.220001,-16.190001999999993,220.960007,215.546049805,3413530.0,3083244.0,217.55999916000002,194.470001,7.6408539824552015,215.546049805,206.429993
2016-09-23,204.00599975,217.27839912,205.399994,206.429993,-13.510009999999994,219.990005,215.449699785,3470665.0,3087832.0,217.27839912,194.470001,7.683549840249084,215.449699785,207.449997
2016-09-26,203.45599975,217.05019934,206.339996,207.449997,-11.0,215.199997,215.37204979,3478435.0,3091036.0,217.05019934,194.470001,7.7480122958565545,215.37204979,208.990005
2016-09-27,202.9864998,216.64139930000002,204.639999,208.990005,-9.389998999999989,212.009995,215.265749745,3483780.0,3090258.0,216.64139930000002,194.470001,7.614901909372236,215.265749745,205.809998
2016-09-28,202.7330002,216.26159948,205.220001,205.809998,-5.069992000000013,212.009995,215.21199974499999,3429755.0,3069724.0,216.26159948,194.470001,7.634157079705227,215.21199974499999,206.270004
2016-09-29,202.1675003,215.70839940000002,206.429993,206.270004,-11.309998000000007,208.990005,215.12259972,3402280.0,3072894.0,215.70839940000002,194.470001,7.401004830515095,215.12259972,200.699997
2016-09-30,202.33050005,215.37899938,207.449997,200.699997,3.2599950000000035,208.990005,215.03729973499998,3134440.0,3036046.0,215.37899938,194.470001,7.540393785700905,215.03729973499998,204.029999
2016-10-04,203.55550005,214.83559942,205.809998,213.699997,8.580001999999979,213.699997,214.82334977,3093110.0,3085466.0,214.83559942,194.470001,7.849309872302667,214.82334977,211.410004
2016-10-05,203.89300005,214.41459966,206.270004,211.410004,6.75,213.699997,214.71334976999998,3004940.0,3054416.0,214.41459966,194.470001,7.725827363994483,214.71334976999998,208.460007
2016-10-06,204.075,213.86479956,200.699997,208.460007,3.639998999999989,213.699997,214.55554978,3071215.0,3090704.0,213.86479956,194.470001,7.413562512078833,214.55554978,201.0
2016-10-07,204.182,213.18479956,204.029999,201.0,2.140000000000015,213.699997,214.38884980000003,3058015.0,3112182.0,213.18479956,196.050003,7.229803651310357,214.38884980000003,196.610001
2016-10-10,204.3144997,212.50799964,213.699997,196.610001,2.6499939999999924,213.699997,214.2450998,3038070.0,3117092.0,212.50799964,196.050003,7.411469460505243,214.2450998,200.949997
2016-10-11,204.51699985,211.90979986000002,211.410004,200.949997,4.050003000000004,213.699997,214.09274979499997,2975020.0,3083334.0,211.90979986000002,196.410004,7.3758900952654205,214.09274979499997,200.100006
2016-10-12,204.77199939999997,211.39599982,208.460007,200.100006,5.099991000000017,213.699997,213.95554978500002,2960830.0,3044060.0,211.39599982,196.610001,7.434910147966134,213.95554978500002,201.509995
2016-10-13,204.76299975,210.88500006,201.0,201.509995,-0.17999299999999607,213.699997,213.7707998,2931700.0,3016196.0,210.88500006,196.610001,7.381750246201383,213.7707998,200.240005
2016-10-14,204.31849979999998,210.20299993999998,196.610001,200.240005,-8.889998999999989,213.699997,213.56289979499996,2989805.0,3018654.0,210.20299993999998,196.509995,7.225617548163179,213.56289979499996,196.509995
2016-10-17,203.69950035,209.48160010000004,200.949997,196.509995,-12.379989000000023,213.699997,213.33264985500003,3102535.0,3045632.0,209.48160010000004,193.960007,7.118878824565909,213.33264985500003,193.960007
2016-10-18,203.4225007,208.94040013999998,200.100006,193.960007,-5.539992999999981,213.699997,213.211099865,3266035.0,3113970.0,208.94040013999998,193.960007,7.334031575304829,213.211099865,199.100006
2016-10-19,203.33950054999997,208.43000006000003,201.509995,199.100006,-1.660002999999989,213.699997,213.11174989,3483920.0,3209638.0,208.43000006000003,193.960007,7.520720239460905,213.11174989,203.559998
2016-10-20,202.9730012,207.8990003,200.240005,203.559998,-7.3299869999999885,213.699997,213.012049955,3618420.0,3264330.0,207.8990003,193.960007,7.334031575304829,213.012049955,199.100006
2016-10-21,202.60500115,207.40260014,196.509995,199.100006,-7.360000999999983,213.699997,212.93424996500002,3620330.0,3285580.0,207.40260014,193.960007,7.375471091480616,212.93424996500002,200.089996
2016-10-24,202.29350065,206.94560001999997,193.960007,200.089996,-6.230009999999993,213.699997,212.89304994000003,3638190.0,3304342.0,206.94560001999997,193.960007,7.487233297916873,212.89304994000003,202.759995
2016-10-25,202.12000055000001,206.48060002000003,199.100006,202.759995,-3.470001999999994,213.699997,212.86549989000002,3591780.0,3312556.0,206.48060002000003,193.960007,7.469652761391945,212.86549989000002,202.339996
2016-10-26,201.91850060000002,206.0532001,203.559998,202.339996,-4.029999000000004,213.699997,212.82684991000002,3769000.0,3379870.0,206.0532001,193.960007,7.465467286122566,212.82684991000002,202.240005
2016-10-27,202.0840005,205.6685999,199.100006,202.240005,3.3099980000000073,213.699997,212.84534989500003,4287335.0,3606002.0,205.6685999,193.960007,7.5395564478676125,212.84534989500003,204.009995
2016-10-28,201.88100060000002,205.19780002,200.089996,204.009995,-4.059998000000007,213.699997,212.81429993499998,4372025.0,3657314.0,205.19780002,193.960007,7.370448278377944,212.81429993499998,199.970001
2016-10-31,201.08250055,204.65239994,202.759995,199.970001,-15.970000999999996,211.410004,212.77799989,4306645.0,3717970.0,204.65239994,193.960007,7.27668498437362,212.77799989,197.729996
2016-11-02,199.02949985,203.2732001,202.240005,190.789993,-20.44000299999999,204.009995,212.65494988500004,4601365.0,3807240.0,203.2732001,188.020004,6.870239090424439,212.65494988500004,188.020004
2016-11-03,198.35049974999998,202.56920016,204.009995,188.020004,-13.580002000000007,204.009995,212.59219987,4498845.0,3808886.0,202.56920016,187.419998,6.845123727296964,212.59219987,187.419998
2016-11-04,198.0479996,201.96119998000003,199.970001,187.419998,-6.050003000000004,204.009995,212.532249845,4581495.0,3876556.0,201.96119998000003,187.419998,6.976559479973222,212.532249845,190.559998
2016-11-07,197.6610001,201.42560002000002,197.729996,190.559998,-7.739990000000006,204.009995,212.51639985499997,4609185.0,3909178.0,201.42560002000002,187.419998,7.087484934595468,212.51639985499997,193.210007
2016-11-08,197.4029999,201.02040011999998,190.789993,193.210007,-5.160004000000015,204.009995,212.52329987500002,4656145.0,3909204.0,201.02040011999998,187.419998,7.1598999648346915,212.52329987500002,194.940002
2016-11-09,196.83050005,200.59480016,188.020004,194.940002,-11.449996999999996,204.009995,212.53324983,4966265.0,4009288.0,200.59480016,187.419998,6.955630219992927,212.53324983,190.059998
2016-11-10,196.0860001,200.06160038000002,187.419998,190.059998,-14.889998999999989,204.009995,212.511499875,5179050.0,4078764.0,200.06160038000002,185.350006,6.758476925846702,212.511499875,185.350006
2016-11-11,195.68850025,199.81740026,190.559998,185.350006,-7.949996999999996,204.009995,212.49829988,5164980.0,3999672.0,199.81740026,185.350006,6.89284244005204,212.49829988,188.559998
2016-11-14,195.06299975,199.49080021999998,193.210007,188.559998,-12.510009999999994,204.009995,212.42084985500003,5264885.0,4011168.0,199.49080021999998,181.449997,6.595228321273717,212.42084985500003,181.449997
2016-11-15,194.29649965,199.10960025999998,194.940002,181.449997,-15.330002000000007,204.009995,212.42579987999997,5175960.0,4001396.0,199.10960025999998,181.449997,6.692340380591928,212.42579987999997,183.770004
2016-11-16,193.3149994,198.75399998,190.059998,183.770004,-19.63000500000001,204.009995,212.478049865,4998120.0,3997266.0,198.75399998,181.449997,6.6990372833419025,212.478049865,183.929993
2016-11-17,192.7929993,198.58000004000002,185.350006,183.929993,-10.440002000000021,204.009995,212.544699875,4988830.0,4027450.0,198.58000004000002,181.449997,6.897028543199219,212.544699875,188.660004
2016-11-18,192.0394997,198.3910001,188.559998,188.660004,-15.069992000000013,204.009995,212.65679986499998,5102175.0,4056516.0,198.3910001,181.449997,6.744663530542668,212.65679986499998,185.020004
2016-11-21,191.12750015,198.11540012,181.449997,185.020004,-18.239991000000003,204.009995,212.83944985999997,5182645.0,4069432.0,198.11540012,181.449997,6.723734270562372,212.83944985999997,184.520004
2016-11-22,190.56900025,198.01780001999998,183.770004,184.520004,-11.169998000000021,204.009995,213.05404985,5340565.0,4109712.0,198.01780001999998,181.449997,7.0020931771491846,213.05404985,191.169998
2016-11-23,190.11399995,197.95239992000003,183.929993,191.169998,-9.100006000000008,204.009995,213.30139985500003,5303520.0,4162460.0,197.95239992000003,181.449997,7.08455450333007,213.30139985500003,193.139999
2016-11-25,189.7459999,197.87699984,188.660004,193.139999,-7.360001000000011,199.970001,213.53229982000002,4767140.0,4148238.0,197.87699984,181.449997,7.231477699099145,213.53229982000002,196.649994
2016-11-28,189.55349959999998,197.69139986000002,185.020004,196.649994,-3.8500060000000076,197.729996,213.75769983,4779595.0,4176666.0,197.69139986000002,181.449997,7.2092927253785515,213.75769983,196.119995
2016-11-29,189.14550015,197.35600007999997,184.520004,196.119995,-8.159988999999996,196.649994,213.92969987499998,4766945.0,4219462.0,197.35600007999997,181.449997,6.935119921938919,213.92969987499998,189.570007
2016-11-30,189.0760002,197.05119998,191.169998,189.570007,-1.3899990000000173,196.649994,214.03329988000002,4591300.0,4242194.0,197.05119998,181.449997,6.928003429384859,214.03329988000002,189.399994
2016-12-02,188.4715004,196.08520021999996,196.649994,181.880005,-5.949996999999996,196.649994,214.18329987999996,4704415.0,4325240.0,196.08520021999996,181.449997,6.596065659107009,214.18329987999996,181.470001
2016-12-05,188.28350065,195.67220034,196.119995,181.470001,-3.7599950000000035,196.649994,214.22859987,4650725.0,4348580.0,195.67220034,181.449997,6.819171654214,214.22859987,186.800003
2016-12-06,187.91550060000003,195.20940036,189.570007,186.800003,-7.360000999999983,196.649994,214.271799865,4626800.0,4368524.0,195.20940036,181.449997,6.779406185826998,214.271799865,185.850006
2016-12-07,187.8260002,194.95620027999996,189.399994,185.850006,-1.7900080000000003,196.649994,214.342549835,4736515.0,4410298.0,194.95620027999996,181.449997,7.084972879237075,214.342549835,193.149994
2016-12-08,187.93749995000002,194.67660005999997,181.880005,193.149994,2.2299950000000024,196.649994,214.36684983499998,4487565.0,4432412.0,194.67660005999997,181.449997,7.048974510212448,214.36684983499998,192.289993
2016-12-09,188.2789993,194.50619998,181.470001,192.289993,6.8299869999999885,196.649994,214.37604981999996,4286175.0,4432322.0,194.50619998,181.449997,7.044370073016783,214.37604981999996,192.179993
2016-12-12,188.47249904999998,194.27419985999998,186.800003,192.179993,3.8699949999999887,196.649994,214.37854982000002,4208695.0,4429374.0,194.27419985999998,181.449997,7.0548347030069305,214.37854982000002,192.429993
2016-12-13,189.3074989,193.9631998,185.850006,192.429993,16.699996999999996,198.149994,214.43754976,4222280.0,4445854.0,193.9631998,181.470001,7.294265479040034,214.43754976,198.149994
2016-12-14,190.0534988,193.70879976,193.149994,198.149994,14.919997999999993,198.690002,214.48929979000002,4234725.0,4458042.0,193.70879976,181.470001,7.316869414686913,214.48929979000002,198.690002
2016-12-15,190.73599925000002,193.49119966,192.289993,198.690002,13.650009000000011,198.690002,214.49849977499997,4223985.0,4484884.0,193.49119966,181.470001,7.270406457530656,214.49849977499997,197.580002
2016-12-16,191.4274993,193.52099976000002,192.179993,197.580002,13.83000100000001,202.490005,214.505749835,4169475.0,4466754.0,193.52099976000002,181.470001,7.475931916112719,214.505749835,202.490005
2016-12-19,192.3129989,193.64339966,192.429993,202.490005,17.709992,202.729996,214.49294985,4083365.0,4466656.0,193.64339966,181.470001,7.485977584176583,214.49294985,202.729996
2016-12-20,193.52649835000003,193.80019958,198.149994,202.729996,24.26998900000001,208.789993,214.523899785,4099770.0,4494112.0,193.80019958,181.470001,7.739640089562208,214.523899785,208.789993
2016-12-21,194.3529983,193.95219939999998,198.690002,208.789993,16.529999000000004,208.789993,214.518799765,4079980.0,4551696.0,193.95219939999998,181.470001,7.694014470239242,214.518799765,207.699997
2016-12-22,195.1184982,194.09099944000002,197.580002,207.699997,15.309998000000007,208.789993,214.535149785,3990940.0,4574504.0,194.09099944000002,181.470001,7.725408360209686,214.535149785,208.449997
2016-12-23,195.9529983,194.35299926,202.490005,208.449997,16.69000200000002,213.339996,214.564349765,4106160.0,4618022.0,194.35299926,181.470001,7.930096480958458,214.564349765,213.339996
2016-12-27,197.1234985,194.81339934000005,202.729996,213.339996,23.410004000000015,219.529999,214.58624979,4175485.0,4650938.0,194.81339934000005,181.470001,8.189200845090078,214.58624979,219.529999
2016-12-28,198.63199840000001,195.3289993,208.789993,219.529999,30.169997999999993,219.740005,214.593249835,4142645.0,4635506.0,195.3289993,181.470001,8.197991385432921,214.593249835,219.740005
2016-12-29,199.89599834999999,195.64059904,207.699997,219.740005,25.279999000000004,219.740005,214.556999835,4167540.0,4602796.0,195.64059904,181.470001,7.98618677213009,214.556999835,214.679993
2016-12-30,201.4864982,195.84319911999998,208.449997,214.679993,31.80999699999998,219.740005,214.49354982,4143350.0,4555824.0,195.84319911999998,181.470001,7.944747214095784,214.49354982,213.690002
2017-01-04,205.27199849999997,196.73899928000003,219.529999,216.990005,40.19000199999999,226.990005,214.35814981,4594465.0,4738234.0,196.73899928000003,185.850006,8.501465655147207,214.35814981,226.990005
2017-01-05,207.3169982,197.21879938,219.740005,226.990005,40.89999399999999,226.990005,214.320699785,4720470.0,4801436.0,197.21879938,192.179993,8.491419401064066,214.320699785,226.75
2017-01-06,209.10999825,197.75219935999996,214.679993,226.75,35.86000100000001,229.009995,214.35284975,4723770.0,4863094.0,197.75219935999996,192.179993,8.586019446882403,214.35284975,229.009995
2017-01-09,211.05949855,198.33299924,213.690002,229.009995,38.990005999999994,231.279999,214.370499745,4763040.0,4830028.0,198.33299924,192.179993,8.681038454627025,214.370499745,231.279999
2017-01-10,212.94399865,198.85019924,216.990005,231.279999,37.69000199999999,231.279999,214.368549745,4809915.0,4641354.0,198.85019924,192.429993,8.62201777404851,214.368549745,229.869995
2017-01-11,214.8089988,199.44539914,226.990005,229.869995,37.300003000000004,231.279999,214.3665497,4870510.0,4628768.0,199.44539914,197.580002,8.616157623112548,214.3665497,229.729996
2017-01-12,216.38099889999998,200.08259913999999,226.75,229.729996,31.44000200000002,231.279999,214.380049685,4718825.0,4610726.0,200.08259913999999,197.580002,8.610297430318065,214.380049685,229.589996
2017-01-13,218.33399880000002,201.02179927999998,229.009995,229.589996,39.05999800000001,237.75,214.419949665,4815930.0,4591386.0,201.02179927999998,197.580002,8.95186312063057,214.419949665,237.75
2017-01-17,220.23399879999997,201.97299923999998,231.279999,237.75,38.0,237.75,214.40989969499998,4885825.0,4598668.0,201.97299923999998,202.490005,8.861030216033127,214.40989969499998,235.580002
2017-01-18,222.0274986,202.99179930000003,229.869995,235.580002,35.869996000000015,238.360001,214.366749675,4884430.0,4620988.0,202.99179930000003,202.729996,8.97739685966505,214.366749675,238.360001
2017-01-19,224.07899855,204.05579923999997,229.729996,238.360001,41.029999000000004,243.759995,214.30819964499997,5096640.0,4672714.0,204.05579923999997,207.699997,9.203432616301123,214.30819964499997,243.759995
2017-01-20,225.8759987,205.08619901999998,229.589996,243.759995,35.94000299999999,244.729996,214.20474956,5072400.0,4679398.0,205.08619901999998,207.699997,9.244035422521417,214.20474956,244.729996
2017-01-23,227.93699875000001,206.16579894000003,237.75,244.729996,41.220000999999996,248.919998,214.16334949,5125165.0,4739304.0,206.16579894000003,208.449997,9.419422704873334,214.16334949,248.919998
2017-01-24,230.24499895000002,207.456799,235.580002,248.919998,46.160004000000015,254.610001,214.18604946,5217885.0,4675152.0,207.456799,213.339996,9.65759780902466,214.18604946,254.610001
2017-01-25,232.3014992,208.83919889999999,238.360001,254.610001,41.13000499999998,254.610001,214.208799475,5241490.0,4642998.0,208.83919889999999,213.690002,9.651737616230177,214.208799475,254.470001
2017-01-26,233.95049900000004,210.11819884,243.759995,254.470001,32.979996,254.610001,214.232249415,5103310.0,4626270.0,210.11819884,213.690002,9.569694665956298,214.232249415,252.509995
2017-01-27,235.6109986,211.54819884,244.729996,252.509995,33.209992,254.610001,214.224349405,5072500.0,4558552.0,211.54819884,213.690002,9.588112498455999,214.224349405,252.949997
2017-01-30,237.4084992,212.88539886,248.919998,252.949997,35.950012000000015,254.610001,214.218199425,5060305.0,4556534.0,212.88539886,213.690002,9.491001067015588,214.218199425,250.630005
2017-01-31,239.32049874999998,214.24539886,254.610001,250.630005,38.239991,254.610001,214.205299415,5033980.0,4570168.0,214.24539886,216.990005,9.545416640662117,214.205299415,251.929993
2017-02-02,242.16099865,216.78759886,252.509995,249.240005,24.559998000000007,254.610001,214.202999455,4500070.0,4497392.0,216.78759886,226.75,9.529510821662292,214.202999455,251.550003
2017-02-03,243.38999875,218.12379882000002,252.949997,251.550003,24.580002000000007,254.610001,214.20979946,4313820.0,4453906.0,218.12379882000002,229.009995,9.520301905412442,214.20979946,251.330002
2017-02-06,244.82799845,219.45579863999998,250.630005,251.330002,28.759994000000006,257.769989,214.25719944,4215550.0,4413088.0,219.45579863999998,229.589996,9.78987022979789,214.25719944,257.769989
2017-02-07,246.13799905000002,220.74259888,251.929993,257.769989,26.200011999999987,257.769989,214.275849495,4228815.0,4400146.0,220.74259888,229.589996,9.777732179896757,214.275849495,257.480011
2017-02-08,247.74849865000002,222.05119874,249.240005,257.480011,32.20999200000003,262.079987,214.327149395,4242465.0,4431484.0,222.05119874,229.589996,9.970280367111,214.327149395,262.079987
2017-02-09,249.72199944999997,223.51279907999998,251.550003,262.079987,39.470016000000015,269.200012,214.40444943,4450935.0,4497304.0,223.51279907999998,229.589996,10.268314075693409,214.40444943,269.200012
2017-02-10,251.70400020000002,225.10599916000004,251.330002,269.200012,39.64001499999998,269.230011,214.49324948,4442410.0,4480912.0,225.10599916000004,235.580002,10.269569789433705,214.49324948,269.230011
2017-02-13,253.8465005,226.92999939999999,257.769989,269.230011,42.85000600000001,280.600006,214.65769947500002,4489240.0,4550562.0,226.92999939999999,235.580002,10.745500952093028,214.65769947500002,280.600006
2017-02-14,256.11650095,228.91199952000002,257.480011,280.600006,45.40000899999998,280.980011,214.85879955500002,4625625.0,4594938.0,228.91199952000002,238.360001,10.761407398970652,214.85879955500002,280.980011
2017-02-15,258.1865014,230.87779970000003,262.079987,280.980011,41.40000900000001,280.980011,215.04859958999998,4684570.0,4613050.0,230.87779970000003,243.759995,10.710339962760212,215.04859958999998,279.76001
2017-02-16,259.44600225,232.52079988000003,269.200012,279.76001,25.19001700000001,280.980011,215.231749615,4651820.0,4673152.0,232.52079988000003,244.729996,10.257849445703261,215.231749615,268.950012
2017-02-17,260.821003,234.24839998,269.230011,268.950012,27.50001499999999,280.980011,215.48009968,4754460.0,4730462.0,234.24839998,248.919998,10.39514534931548,215.48009968,272.230011
2017-02-21,262.24450385,235.93320040000003,280.600006,272.230011,28.470017000000013,280.980011,215.80939976,4725150.0,4734758.0,235.93320040000003,249.240005,10.611135479746213,215.80939976,277.390015
2017-02-22,263.1895043,237.55760074000003,280.980011,277.390015,18.90000900000001,280.980011,216.102299845,4914625.0,4845976.0,237.55760074000003,249.240005,10.44872421300652,216.102299845,273.51001
2017-02-23,263.2655045,238.83380098,279.76001,273.51001,1.5200040000000001,280.980011,216.33764988,5403255.0,5089830.0,238.83380098,249.240005,9.71536273400436,216.33764988,255.990005
2017-02-24,263.49000474999997,240.12520112,268.950012,255.990005,4.4900049999999965,280.980011,216.57919987000002,5654230.0,5204484.0,240.12520112,249.240005,9.757639629871957,216.57919987000002,257.0
2017-02-27,263.1540047,241.08680116,272.230011,257.0,-6.720000999999996,280.980011,216.765549815,6068955.0,5297222.0,241.08680116,246.229996,9.306823202462308,216.765549815,246.229996
2017-02-28,263.1220047,242.11280122,277.390015,246.229996,-0.6400000000000148,280.980011,216.979099845,6182805.0,5335766.0,242.11280122,246.229996,9.46421161424081,216.979099845,249.990005
2017-03-02,263.08850479999995,244.12140108,255.990005,250.020004,1.2399910000000034,280.980011,217.40209987500003,6187125.0,5358662.0,244.12140108,246.229996,9.484721912294818,217.40209987500003,250.479996
2017-03-03,263.08950500000003,245.0982013,257.0,250.479996,0.020004000000000133,280.980011,217.63664988999997,6208105.0,5347288.0,245.0982013,246.229996,9.530348159495583,217.63664988999997,251.570007
2017-03-06,263.08350525000003,245.94660158,246.229996,251.570007,-0.11999500000001717,280.980011,217.836849935,6266545.0,5320616.0,245.94660158,246.229996,9.51527909230977,217.836849935,251.210007
2017-03-07,262.6245056,246.76440156,249.990005,251.210007,-9.179992999999996,280.980011,218.00374988,6261395.0,5285654.0,246.76440156,246.229996,9.405609309569302,218.00374988,248.589996
2017-03-08,262.0940048,247.53280152,250.020004,248.589996,-10.610016000000002,280.980011,218.13669986000002,6235415.0,5297936.0,247.53280152,246.229996,9.333612613378563,218.13669986000002,246.869995
2017-03-09,261.23500514999995,248.16400148,250.479996,246.869995,-17.179993000000024,280.980011,218.280099825,6232730.0,5282112.0,248.16400148,244.899994,9.251151287197677,218.280099825,244.899994
2017-03-10,259.95950465,248.64720154,251.570007,244.899994,-25.510010000000023,280.980011,218.408999815,5995035.0,5225124.0,248.64720154,243.690002,9.200502812913522,218.408999815,243.690002
2017-03-13,258.806504,249.17580139999998,251.210007,243.690002,-23.060012999999998,280.980011,218.541949795,5965180.0,5209926.0,249.17580139999998,243.690002,9.30431177498171,218.541949795,246.169998
2017-03-14,257.6765037,250.04220153999998,248.589996,246.169998,-22.600006000000008,280.980011,218.70634981999999,5993620.0,5280994.0,250.04220153999998,243.690002,9.799498149832544,218.70634981999999,258.0
2017-03-15,256.41400295000005,250.88300142,246.869995,258.0,-25.25001499999999,279.76001,218.86979983499998,5892900.0,5294758.0,250.88300142,243.690002,9.704479142087923,218.86979983499998,255.729996
2017-03-16,255.52850185000003,251.78420108000003,244.899994,255.729996,-17.710022000000038,277.390015,219.06389979500003,6002115.0,5318936.0,251.78420108000003,243.690002,9.969024653370699,219.06389979500003,262.049988
2017-03-17,255.15600125,252.47440097999998,243.690002,262.049988,-7.450012000000015,277.390015,219.273599805,5973125.0,5224616.0,252.47440097999998,243.690002,9.946002969694613,219.273599805,261.5
2017-03-20,254.64050134999997,253.17780123999998,246.169998,261.5,-10.309998000000007,277.390015,219.488399835,5840985.0,5178668.0,253.17780123999998,243.690002,9.963584092238818,219.488399835,261.920013
2017-03-21,253.30500024999998,253.61120119999998,258.0,261.920013,-26.71002200000001,273.51001,219.64684977499996,5902580.0,5206282.0,253.61120119999998,243.690002,9.493093490711374,219.64684977499996,250.679993
2017-03-22,252.3799995,254.08580111999999,255.729996,250.679993,-18.50001500000002,262.049988,219.81849978499997,5667795.0,5207878.0,254.08580111999999,243.690002,9.674340965857775,219.81849978499997,255.009995
2017-03-23,252.31949920000002,254.5840012,262.049988,255.009995,-1.2100059999999928,262.049988,219.9306998,5088045.0,5201082.0,254.5840012,243.690002,9.66471367370092,219.9306998,254.779999
2017-03-24,252.62749939999998,255.25260135999997,261.5,254.779999,6.160004000000015,263.160004,220.0688998,4961830.0,5241012.0,255.25260135999997,243.690002,10.015488280263275,220.0688998,263.160004
2017-03-27,253.82699965,256.06520146,261.920013,263.160004,23.990005000000025,270.220001,220.27319980000001,4700330.0,5289824.0,256.06520146,243.690002,10.31100930560949,220.27319980000001,270.220001
2017-03-28,255.2,256.8592017,250.679993,270.220001,27.46000700000002,277.450012,220.56649989500002,4795805.0,5327716.0,256.8592017,243.690002,10.613646865368285,220.56649989500002,277.450012
2017-03-29,256.56800005,257.69520176000003,255.009995,277.450012,27.360000999999983,277.450012,220.864049945,4739140.0,5308890.0,257.69520176000003,243.690002,10.610716475961402,220.864049945,277.380005
2017-03-30,257.9400009,258.486402,254.779999,277.380005,27.440016999999983,277.920013,221.17884997499996,4778970.0,5316478.0,258.486402,243.690002,10.633320411608281,221.17884997499996,277.920013
2017-03-31,259.27649995,259.17720186,263.160004,277.920013,26.72998099999998,278.299988,221.48184993000004,4797730.0,5227724.0,259.17720186,243.690002,10.649225602730306,221.48184993000004,278.299988
2017-04-04,264.39749985,261.34860199999997,277.450012,298.519989,55.110016,303.700012,222.325949965,5658140.0,5498844.0,261.34860199999997,243.690002,11.712433014333806,222.325949965,303.700012
2017-04-05,266.8040001,262.15640198,277.380005,303.700012,48.13000500000001,303.700012,222.70244997999998,5865925.0,5557152.0,262.15640198,243.690002,11.348263388374422,222.70244997999998,295.0
2017-04-06,269.494001,263.0410022,277.920013,295.0,53.80001800000002,303.700012,223.09790003499998,5947990.0,5564712.0,263.0410022,243.690002,11.50314041453085,223.09790003499998,298.700012
2017-04-07,272.43650135,264.04160248,278.299988,298.700012,58.850007000000005,303.700012,223.62730006,6023655.0,5593262.0,264.04160248,246.169998,11.663877005603961,223.62730006,302.540009
2017-04-10,275.7475022,265.23040284,298.519989,302.540009,66.22001700000001,312.390015,224.207250165,6255750.0,5683226.0,265.23040284,250.679993,12.076183678366904,224.207250165,312.390015
2017-04-11,278.28300175,266.39200256,303.700012,312.390015,50.709991,312.390015,224.78505015000002,6162060.0,5721696.0,266.39200256,250.679993,11.922143320307448,224.78505015000002,308.709991
2017-04-12,280.33850175,267.29020262,295.0,308.709991,41.109999999999985,312.390015,225.27650011499998,6198055.0,5760388.0,267.29020262,250.679993,11.42528289766783,225.27650011499998,296.839996
2017-04-13,282.43600234999997,268.38540252,298.700012,296.839996,41.950012000000015,312.390015,225.78755015,6305675.0,5866904.0,268.38540252,250.679993,11.724990068019745,225.78755015,304.0
2017-04-17,284.43300245,269.3832025,302.540009,304.0,39.94000199999999,312.390015,226.24380015000003,6187735.0,5899682.0,269.3832025,250.679993,11.617832340637671,226.24380015000003,301.440002
2017-04-18,286.3495018,270.36160246,312.390015,301.440002,38.32998700000002,312.390015,226.683650155,6158805.0,5916662.0,270.36160246,250.679993,11.568020618167527,226.683650155,300.25
2017-04-19,289.0915016,271.31660246,308.709991,300.25,54.83999600000001,312.390015,227.1287501,6008275.0,5923372.0,271.31660246,254.779999,11.788614557916123,227.1287501,305.519989
2017-04-20,291.46650235000004,272.21720244,296.839996,305.519989,47.50001500000002,312.390015,227.57140017,6112780.0,5961464.0,272.21720244,254.779999,11.662621291863664,227.57140017,302.51001
2017-04-21,294.0075027,273.08760282,304.0,302.51001,50.820007000000004,312.390015,228.02720019,6172260.0,5973000.0,273.08760282,263.160004,11.791963951107808,228.02720019,305.600006
2017-04-24,296.25100245000004,273.86420256,301.440002,305.600006,44.86999499999996,312.390015,228.48765017499997,6144070.0,5918266.0,273.86420256,270.220001,11.893679861602402,228.48765017499997,308.029999
2017-04-25,298.42950284999995,274.75540251999996,300.25,308.029999,43.57000799999997,313.790009,228.972700225,6169415.0,5980626.0,274.75540251999996,277.380005,12.13478535516061,228.972700225,313.790009
2017-04-26,300.0655029,275.34680266000004,305.519989,313.790009,32.72000099999997,313.790009,229.399650295,6004785.0,5933934.0,275.34680266000004,277.380005,11.983257680337347,229.399650295,310.170013
2017-04-27,301.6280029,275.89980254,302.51001,310.170013,31.25,313.790009,229.81955035,5994405.0,5856402.0,275.89980254,277.920013,11.918795224729877,229.81955035,308.630005
2017-04-28,303.4355026,276.58600248,305.600006,308.630005,36.14999399999999,314.070007,230.27725039,6012260.0,5847554.0,276.58600248,278.299988,12.146505657032531,230.27725039,314.070007
2017-05-02,306.68050385000004,278.59680206,313.790009,322.829987,20.370025999999996,322.829987,231.276200435,5863720.0,5865114.0,278.59680206,295.0,12.348264058110743,231.276200435,318.890015
2017-05-03,307.0465027,279.26940154,310.170013,318.890015,7.319976999999994,322.829987,231.70005038,5713660.0,5894248.0,279.26940154,295.0,12.018836417699372,231.70005038,311.019989
2017-05-04,307.06950225,279.70840116,308.630005,311.019989,0.45999100000000226,322.829987,232.05105035999998,6027215.0,6002188.0,279.70840116,295.459991,11.367517930829612,232.05105035999998,295.459991
2017-05-05,307.55200195,280.75560118,314.070007,295.459991,9.649993999999992,322.829987,232.45100038500001,6160050.0,5867430.0,280.75560118,295.459991,11.907074880999431,232.45100038500001,308.350006
2017-05-08,307.7845016,281.75940122,322.829987,308.350006,4.649992999999995,322.829987,232.88445039500002,6281395.0,5844128.0,281.75940122,295.459991,11.858518830411064,232.88445039500002,307.190002
2017-05-09,308.22800135,283.2600015,318.890015,307.190002,8.869995000000017,322.829987,233.37940042499997,6381995.0,5808442.0,283.2600015,295.459991,12.447468541124744,233.37940042499997,321.26001
2017-05-10,309.05350185,284.76460142,311.019989,321.26001,16.510010000000023,325.220001,233.85545045499998,6382845.0,5801712.0,284.76460142,295.459991,12.613227903442006,233.85545045499998,325.220001
2017-05-11,310.36650235,286.22620146,295.459991,325.220001,26.260010000000023,325.220001,234.32340051,6318000.0,5800598.0,286.22620146,295.459991,12.524488050418151,234.32340051,323.100006
2017-05-12,311.40700225,287.7128015,308.350006,323.100006,20.809998000000007,325.220001,234.80500047499999,6059850.0,5815994.0,287.7128015,295.459991,12.596065784682603,234.80500047499999,324.809998
2017-05-15,312.1290024,288.99900146,307.190002,324.809998,14.44000299999999,325.220001,235.23135049500002,6234015.0,5910046.0,288.99900146,295.459991,12.222269494444163,235.23135049500002,315.880005
2017-05-16,312.9670029,290.31500152,321.26001,315.880005,16.760010000000023,325.220001,235.64245058,6289855.0,5925986.0,290.31500152,295.459991,12.26956983129223,235.64245058,317.01001
2017-05-17,312.99650269999995,291.4654013,325.220001,317.01001,0.5899959999999851,325.220001,236.02295052999997,6430550.0,5991034.0,291.4654013,295.459991,11.813310917258786,236.02295052999997,306.109985
2017-05-18,313.52400209999996,292.78920136,323.100006,306.109985,10.549987999999985,325.220001,236.45225053500002,6405770.0,6029606.0,292.78920136,295.459991,12.104228175145654,236.45225053500002,313.059998
2017-05-19,313.78550114999996,294.10780122,324.809998,313.059998,5.229981000000009,325.220001,236.877450505,6414660.0,6045772.0,294.10780122,295.459991,12.010883215189816,236.877450505,310.829987
2017-05-22,313.9015015,295.4410013,315.880005,310.829987,2.3200070000000323,325.220001,237.27615053000002,6376945.0,6071030.0,295.4410013,295.459991,11.990791920920612,237.27615053000002,310.350006
2017-05-23,313.40500030000004,296.59480104,317.01001,310.350006,-9.930024000000003,325.220001,237.64530046,6255980.0,6096946.0,296.59480104,295.459991,11.719129247347455,237.64530046,303.859985
2017-05-24,313.4074997,297.63920106,306.109985,303.859985,0.049988000000041666,325.220001,238.06560044499997,6272895.0,6045644.0,297.63920106,295.459991,11.985350104033138,238.06560044499997,310.220001
2017-05-25,313.8174988,298.86120088,313.059998,310.220001,8.199982000000034,325.220001,238.50435037000003,6350165.0,6039308.0,298.86120088,295.459991,12.262034334953366,238.50435037000003,316.829987
2017-05-26,314.3709992,300.12300142,310.829987,316.829987,11.07000800000003,325.220001,239.00180047499998,6515000.0,6052708.0,300.12300142,295.459991,12.609879807864438,239.00180047499998,325.140015
2017-05-30,314.98450015,301.59500154,310.350006,325.140015,12.27001899999999,335.100006,239.552750485,6462665.0,6078416.0,301.59500154,295.459991,13.026790289945248,239.552750485,335.100006
2017-05-31,316.09049990000005,303.17680148000005,303.859985,335.100006,22.119995000000017,341.01001,240.12975053,6691695.0,6205398.0,303.17680148000005,295.459991,13.274174310346423,240.12975053,341.01001
2017-06-02,319.77750095,306.66740174,316.829987,340.369995,44.390015000000005,341.01001,241.28485055000002,6287335.0,6250004.0,306.66740174,303.859985,13.225618259758056,241.28485055000002,339.850006
2017-06-05,321.72600100000005,308.5182019,325.140015,339.850006,38.97000099999997,347.320007,241.90525056,6217690.0,6319288.0,308.5182019,303.859985,13.538301445722192,241.90525056,347.320007
2017-06-06,324.0090012,310.31200194,335.100006,347.320007,45.660004000000015,352.850006,242.551950615,6421705.0,6428078.0,310.31200194,303.859985,13.769779019245743,242.551950615,352.850006
2017-06-07,325.9285004,312.1006018,341.01001,352.850006,38.38998399999997,359.649994,243.225200585,6407780.0,6491422.0,312.1006018,303.859985,14.054416452675522,243.225200585,359.649994
2017-06-08,328.16750035000007,313.95160156000003,340.369995,359.649994,44.779998999999975,370.0,243.96055062,6573775.0,6512900.0,313.95160156000003,303.859985,14.48765238541876,243.96055062,370.0
2017-06-09,329.8785004,315.5504016,339.850006,370.0,34.22000099999997,370.0,244.622950675,7199155.0,6784604.0,315.5504016,303.859985,13.956886645328103,244.622950675,357.320007
2017-06-12,331.588501,317.17220154,347.320007,357.320007,34.200012000000015,370.0,245.30490075,7518960.0,6911990.0,317.17220154,303.859985,14.027627669637065,245.30490075,359.01001
2017-06-13,334.59200135000003,319.12520202,352.850006,359.01001,60.07000700000003,375.950012,246.079850775,7728255.0,7082256.0,319.12520202,303.859985,14.736711081486519,246.079850775,375.950012
2017-06-14,337.77450105,320.76800232,359.649994,375.950012,63.64999399999999,380.660004,246.88320077,8161550.0,7060852.0,320.76800232,303.859985,14.933864375632742,246.88320077,380.660004
2017-06-15,341.2360016,322.200802,370.0,380.660004,69.23001099999999,380.660004,247.68390076500003,8347280.0,7066690.0,322.200802,303.859985,14.711176714574236,247.68390076500003,375.339996
2017-06-16,344.15300140000005,323.72880188,357.320007,375.339996,58.339995999999985,380.660004,248.48420075500002,8401140.0,7043692.0,323.72880188,303.859985,14.546254062212466,248.48420075500002,371.399994
2017-06-19,347.10150145,325.15080140000003,359.01001,371.399994,58.97000099999997,380.660004,249.27315072000002,8494225.0,7064266.0,325.15080140000003,303.859985,14.479280179124398,249.27315072000002,369.799988
2017-06-20,350.19600065,326.54480102,375.950012,369.799988,61.88998399999997,380.660004,250.13050065000004,8649700.0,7121448.0,326.54480102,303.859985,14.581415051545278,250.13050065000004,372.23999
2017-06-21,353.8230011,327.8250006,380.660004,372.23999,72.540009,380.660004,251.023600625,8679940.0,7066622.0,327.8250006,310.220001,14.75554666201542,251.023600625,376.399994
2017-06-22,357.4425003,329.30300048,375.339996,376.399994,72.38998399999997,382.609985,251.92250054,8804765.0,7102726.0,329.30300048,316.829987,15.015487694244012,251.92250054,382.609985
2017-06-23,360.77350155,331.03520080000004,371.399994,382.609985,66.620025,383.450012,252.831200565,8876355.0,7110628.0,331.03520080000004,325.140015,15.05064998119095,252.831200565,383.450012
2017-06-26,363.3910003,332.50500059999996,369.799988,383.450012,52.34997499999997,383.450012,253.73185051000002,8816450.0,7057018.0,332.50500059999996,335.100006,14.801172281338387,253.73185051000002,377.48999
2017-06-27,364.75449975,333.72360046,372.23999,377.48999,27.26998900000001,383.450012,254.57135048,8777125.0,7114172.0,333.72360046,339.850006,14.168271668826849,254.57135048,362.369995
2017-06-28,366.26599875,335.14340025999996,376.399994,362.369995,30.229979999999955,383.450012,255.43605041499998,8594080.0,7179508.0,335.14340025999996,339.850006,14.539556531584692,255.43605041499998,371.23999
2017-06-29,367.28499899999997,336.24800048,382.609985,371.23999,20.380004999999983,383.450012,256.25955039999997,8624730.0,7265968.0,336.24800048,339.850006,14.10046107578329,256.25955039999997,360.75
2017-06-30,368.37299795,337.42999998,383.450012,360.75,21.759978999999987,383.450012,257.08555030499997,8637645.0,7259950.0,337.42999998,347.320007,14.136458775071597,257.08555030499997,361.609985
2017-07-05,367.34999684999997,338.75159969999993,362.369995,352.619995,-25.760010000000023,383.450012,258.45500030000005,8911690.0,7535126.0,338.75159969999993,327.089996,12.691503126475705,258.45500030000005,327.089996
2017-07-06,364.8089965,338.65239926000004,371.23999,327.089996,-50.820006999999976,383.450012,258.967450255,9408015.0,7786862.0,338.65239926000004,308.829987,11.927166175268631,258.967450255,308.829987
2017-07-07,361.96999655,338.71339902,360.75,308.829987,-56.779998999999975,383.450012,259.510350265,9663785.0,7976500.0,338.71339902,308.829987,12.110925663914905,259.510350265,313.220001
2017-07-10,359.9064956,338.86179868,361.609985,313.220001,-41.27001899999999,383.450012,260.0645002,9491760.0,8183546.0,338.86179868,308.829987,12.229384731242616,260.0645002,316.049988
2017-07-11,358.31699515,339.12479856000004,352.619995,316.049988,-31.790008999999998,383.450012,260.66845024,9543845.0,8324624.0,339.12479856000004,308.829987,12.696944943363182,260.66845024,327.220001
2017-07-12,355.995494,339.2585986,327.089996,327.220001,-46.430023000000006,383.450012,261.2788002,9470755.0,8354954.0,339.2585986,308.829987,12.793219036970301,261.2788002,329.519989
2017-07-13,353.132994,339.34899837999995,308.829987,329.519989,-57.25,383.450012,261.850900195,9259560.0,8419188.0,339.34899837999995,308.829987,12.537464107888889,261.850900195,323.410004
2017-07-14,350.75499415,339.68419858,313.220001,323.410004,-47.55999700000001,383.450012,262.4607502,9019495.0,8389024.0,339.68419858,308.829987,12.72038563082407,262.4607502,327.779999
2017-07-17,348.16349479999997,340.1663989,316.049988,327.779999,-51.82998700000002,383.450012,263.02725021500004,9176790.0,8303522.0,340.1663989,308.829987,12.376727516815775,263.02725021500004,319.570007
2017-07-18,346.0854949,340.56419858000004,327.220001,319.570007,-41.55999800000001,383.450012,263.66495018,9168010.0,8267450.0,340.56419858000004,308.829987,12.73964017327926,263.66495018,328.23999
2017-07-19,343.7364959,340.92559874,329.519989,328.23999,-46.979979999999955,383.450012,264.271100235,9113925.0,8254460.0,340.92559874,308.829987,12.614902620967099,264.271100235,325.26001
2017-07-20,341.41249684999997,341.0987988,323.410004,325.26001,-46.47998100000001,383.450012,264.852200315,9126075.0,8164254.0,341.0987988,308.829987,12.809963449559012,264.852200315,329.920013
2017-07-21,338.7019973,341.16239866,327.779999,329.920013,-54.209991,383.450012,265.437150265,8994665.0,8147454.0,341.16239866,308.829987,12.746337703907034,265.437150265,328.399994
2017-07-24,336.65549615,341.55079831999996,319.570007,328.399994,-40.930023000000006,377.48999,266.107450175,9104230.0,8225120.0,341.55079831999996,308.829987,13.337379796457984,266.107450175,342.519989
2017-07-25,334.76099695000005,341.84659847999995,328.23999,342.519989,-37.88998399999997,371.23999,266.800450205,9123485.0,8282472.0,341.84659847999995,308.829987,13.215153629767897,266.800450205,339.600006
2017-07-26,333.8349975,342.4059985,325.26001,339.600006,-18.51998900000001,371.23999,267.53665022999996,9014705.0,8226448.0,342.4059985,308.829987,13.39305233960041,267.53665022999996,343.850006
2017-07-27,331.99599754999997,342.75499812000004,329.920013,343.850006,-36.779998999999975,361.609985,268.2042002,9114700.0,8309446.0,342.75499812000004,308.829987,13.00000020929266,268.2042002,334.459991
2017-07-28,330.71199790000003,343.33419856,328.399994,334.459991,-25.679993000000024,361.609985,268.879050205,8947670.0,8272816.0,343.33419856,308.829987,13.02553457620494,268.879050205,335.070007
2017-07-31,328.8049987,343.54239862,342.519989,335.070007,-38.13998399999997,352.619995,269.488850235,9082000.0,8330442.0,343.54239862,308.829987,12.539975493510966,269.488850235,323.470001
2017-08-02,327.09250025,344.02799919999995,343.850006,319.570007,-1.1999809999999798,343.850006,270.73240034500003,8984125.0,8577998.0,344.02799919999995,308.829987,12.641273697834873,270.73240034500003,325.890015
2017-08-03,329.00550069999997,344.89259942000007,334.459991,325.890015,38.26000899999997,347.089996,271.49805029,8694650.0,8762330.0,344.89259942000007,313.220001,13.528673525687527,271.49805029,347.089996
2017-08-04,331.19000085,345.82639947999996,335.070007,347.089996,43.69000299999999,356.910004,272.28710028,8449250.0,8847042.0,345.82639947999996,316.049988,13.939724526568693,272.28710028,356.910004
2017-08-07,333.1460021,346.5932,323.470001,356.910004,39.120025,356.910004,273.04515035500003,8074430.0,8873252.0,346.5932,319.570007,13.866891078563942,273.04515035500003,355.170013
2017-08-08,335.0460021,347.39479972000004,319.570007,355.170013,38.0,365.220001,273.87575033,7868950.0,8866204.0,347.39479972000004,319.570007,14.287568701865645,273.87575033,365.220001
2017-08-09,336.7465026,347.96339958000004,325.890015,365.220001,34.010009999999966,365.220001,274.692950345,7696250.0,8848388.0,347.96339958000004,319.570007,14.216827719415203,274.692950345,363.529999
2017-08-10,338.34600209999996,348.25119926,347.089996,363.529999,31.989989999999977,365.220001,275.45615033999997,7621170.0,8790978.0,348.25119926,319.570007,13.876517742842998,275.45615033999997,355.399994
2017-08-11,339.85050190000004,348.60119926,356.910004,355.399994,30.089996000000042,365.220001,276.23380033499996,7558200.0,8726134.0,348.60119926,319.570007,13.979908329004177,276.23380033499996,357.869995
2017-08-14,342.06200094999997,349.0801989,355.170013,357.869995,44.22998100000001,365.220001,277.04160025,7290315.0,8704714.0,349.0801989,319.570007,14.22812905936084,277.04160025,363.799988
2017-08-15,343.7665008,349.3803985,365.220001,363.799988,34.08999700000004,365.220001,277.83320021,7125885.0,8630728.0,349.3803985,319.570007,14.166596993160253,277.83320021,362.329987
2017-08-16,345.6490005,349.58159845999995,363.529999,362.329987,37.64999399999999,365.220001,278.647900225,6978725.0,8477268.0,349.58159845999995,319.570007,14.190875646332234,278.647900225,362.910004
2017-08-17,346.7490005,349.42699884,355.399994,362.910004,22.0,365.220001,279.41885031000004,6971800.0,8389862.0,349.42699884,319.570007,13.730850888692014,279.41885031000004,351.920013
2017-08-18,347.70200035,348.97619866,357.869995,351.920013,19.05999700000001,365.220001,280.2022003,6997130.0,8316796.0,348.97619866,319.570007,13.54416096878034,280.2022003,347.459991
2017-08-21,347.46900015,348.58699822,363.799988,347.459991,-4.660004000000015,365.220001,280.95140020499997,6890045.0,8101476.0,348.58699822,319.570007,13.142318926007544,280.95140020499997,337.859985
2017-08-22,347.55650015,348.23379814,362.329987,337.859985,1.75,365.220001,281.721050245,6756685.0,7977562.0,348.23379814,319.570007,13.288406039698927,281.721050245,341.350006
2017-08-23,348.0024993,347.7701976800001,362.910004,341.350006,8.919983000000002,365.220001,282.5321002,6763370.0,7840494.0,347.7701976800001,319.570007,13.766429626054038,282.5321002,352.769989
2017-08-24,348.9259994,347.21559745999997,351.920013,352.769989,18.470002000000022,365.220001,283.33070013,6577485.0,7675820.0,347.21559745999997,319.570007,13.773127156681815,283.33070013,352.929993
2017-08-25,349.57499845,346.6697973000001,347.459991,352.929993,12.97998100000001,365.220001,284.09625006,6507665.0,7536970.0,346.6697973000001,319.570007,13.568857369981528,284.09625006,348.049988
2017-08-28,350.6844986,346.1549975,337.859985,348.049988,22.19000299999999,365.220001,284.87425009,6269110.0,7477630.0,346.1549975,319.570007,13.468816177012036,284.87425009,345.660004
2017-08-29,352.0739975,345.70619744,341.350006,345.660004,27.78997800000002,365.220001,285.684299985,6057640.0,7428118.0,345.70619744,325.890015,13.53997486563316,285.684299985,347.359985
2017-08-30,353.43849639999996,345.32499750000005,352.769989,347.359985,27.28997800000002,365.220001,286.50739996,5573710.0,7347602.0,345.32499750000005,337.859985,13.78359178667196,286.50739996,353.179993
2017-08-31,353.87899630000004,344.91499749999997,352.929993,353.179993,8.809998000000007,365.220001,287.379649945,5100600.0,7330594.0,344.91499749999997,337.859985,13.897447002823288,287.379649945,355.899994
2017-09-05,353.52449495,343.69359736000007,345.660004,355.399994,-5.580016999999998,365.220001,289.06609991,4665160.0,7188774.0,343.69359736000007,337.859985,13.633319825588996,289.06609991,349.589996
2017-09-06,352.48999485,343.03439754,347.359985,349.589996,-20.69000200000005,363.799988,289.845449885,4497240.0,7138520.0,343.03439754,337.859985,13.421515840163964,289.845449885,344.529999
2017-09-07,351.84399415,342.79919734,353.179993,344.529999,-12.92001399999998,363.799988,290.67339979,4364595.0,7083376.0,342.79919734,337.859985,13.67601505550508,290.67339979,350.609985
2017-09-08,351.24399415,342.24239742,355.899994,350.609985,-12.0,363.799988,291.46779974000003,4173125.0,7022596.0,342.24239742,337.859985,13.374215503315897,291.46779974000003,343.399994
2017-09-11,351.5349945,342.30119746,355.399994,343.399994,5.8200069999999755,363.799988,292.33039976,4338190.0,7011518.0,342.30119746,337.859985,14.223525208184451,292.33039976,363.690002
2017-09-12,351.4824951,342.32399776000005,349.589996,363.690002,-1.0499879999999848,363.690002,293.178449765,4410875.0,7014006.0,342.32399776000005,337.859985,14.184178115704457,293.178449765,362.75
2017-09-13,351.6774963,342.59619808,344.529999,362.75,3.9000239999999735,366.230011,294.02634985000003,4465880.0,6971602.0,342.59619808,337.859985,14.329846225611034,294.02634985000003,366.230011
2017-09-14,352.41399685,343.60719845999995,350.609985,366.230011,14.73001099999999,377.640015,294.93394995,4655315.0,6774718.0,343.60719845999995,337.859985,14.807452105795461,294.93394995,377.640015
2017-09-15,353.8084961,345.02679868,343.399994,377.640015,27.889985000000024,379.809998,295.885149905,4674955.0,6496638.0,345.02679868,337.859985,14.898284382515104,295.885149905,379.809998
2017-09-18,355.68549655000004,346.46239865999996,363.690002,379.809998,37.540009,385.0,296.86314993499997,4763945.0,6356860.0,346.46239865999996,337.859985,15.115530184827612,296.86314993499997,385.0
2017-09-19,357.5474976,347.64339902,362.75,385.0,37.24002100000001,385.0,297.82924993999995,4761770.0,6209480.0,347.64339902,341.350006,14.701131088368879,297.82924993999995,375.100006
2017-09-20,359.1754975,348.57719908,366.230011,375.100006,32.55999800000001,385.0,298.791449955,4791625.0,6076674.0,348.57719908,343.399994,14.651319365898736,298.791449955,373.910004
2017-09-21,359.8609986,349.31639952,377.640015,373.910004,13.71002199999998,385.0,299.68984999500003,4774810.0,5962116.0,349.31639952,343.399994,14.340310855601183,299.68984999500003,366.480011
2017-09-22,359.76899875,349.86999936,379.809998,366.480011,-1.8399970000000394,385.0,300.51604994499996,4953545.0,5953414.0,349.86999936,343.399994,13.696107605529885,300.51604994499996,351.089996
2017-09-25,359.61599885,350.21419918,385.0,351.089996,-3.0599980000000073,385.0,301.27524992499997,5159640.0,5993028.0,350.21419918,343.399994,13.44077038261916,301.27524992499997,344.98999
2017-09-26,359.59549864999997,350.72779904000004,375.100006,344.98999,-0.4100040000000149,385.0,302.04004996,5329255.0,5938616.0,350.72779904000004,343.399994,13.451654016394114,302.04004996,345.25
2017-09-27,359.27599945000003,350.98239925999997,373.910004,345.25,-6.38998399999997,385.0,302.784,5428585.0,5932348.0,350.98239925999997,340.970001,13.272499592821305,302.784,340.970001
2017-09-28,358.5970001,351.26919918,366.480011,340.970001,-13.579987000000017,385.0,303.519850065,5523920.0,5911600.0,351.26919918,339.600006,13.215153629767894,303.519850065,339.600006
2017-09-29,357.8570007,351.49279904,351.089996,339.600006,-14.799987999999985,385.0,304.234600125,5575635.0,5910418.0,351.49279904,339.600006,13.277941409708781,304.234600125,341.100006
2017-10-03,357.0910019,351.86779966,345.25,341.529999,-1.4499809999999798,385.0,305.701600175,6003425.0,5948452.0,351.86779966,339.600006,13.572625766958023,305.701600175,348.140015
2017-10-04,357.61500244999996,352.17599974000007,340.970001,348.140015,10.480011000000047,385.0,306.4642002,6207030.0,5971938.0,352.17599974000007,339.600006,13.860193589794687,306.4642002,355.01001
2017-10-05,357.85100255,352.40559936,339.600006,355.01001,4.720002000000022,385.0,307.227200155,6203655.0,5958956.0,352.40559936,339.600006,13.873587353436115,307.227200155,355.329987
2017-10-06,358.5250031,352.85399964000004,341.100006,355.329987,13.48001099999999,385.0,307.967650215,6255355.0,5878858.0,352.85399964000004,339.600006,13.93846881282839,307.967650215,356.880005
2017-10-09,357.4875031,353.01139953999996,341.529999,356.880005,-20.75,385.0,308.64385024,6246685.0,5931124.0,353.01139953999996,339.600006,13.35496091900219,308.64385024,342.940002
2017-10-10,357.1295029,353.65379944,348.140015,342.940002,-7.160004000000015,385.0,309.379550235,6296965.0,5899992.0,353.65379944,339.600006,13.884470945352549,309.379550235,355.589996
2017-10-11,356.54800265000006,354.35439942,355.01001,355.589996,-11.630004999999983,385.0,310.085850285,6312745.0,5823946.0,354.35439942,339.600006,13.843031429176763,310.085850285,354.600006
2017-10-12,355.45000155,354.95019898000004,355.329987,354.600006,-21.96002199999998,385.0,310.766600255,6156970.0,5643856.0,354.95019898000004,339.600006,13.888238086573443,310.766600255,355.679993
2017-10-13,354.238002,355.1197992,356.880005,355.679993,-24.239991000000032,385.0,311.445750265,6062970.0,5443966.0,355.1197992,339.600006,13.883634235397055,311.445750265,355.570007
2017-10-16,352.5180023,354.99359924000004,342.940002,355.570007,-34.39999399999999,375.100006,312.12535033,5972345.0,5366098.0,354.99359924000004,339.600006,13.675597349334398,312.12535033,350.600006
2017-10-17,351.550502,355.00519898,355.589996,350.600006,-19.350006000000008,373.910004,312.83565032,5814415.0,5305474.0,355.00519898,339.600006,13.891168475980324,312.83565032,355.75
2017-10-18,350.83750150000003,354.89379884000004,354.600006,355.75,-14.260010000000023,366.480011,313.548950265,5815415.0,5255260.0,354.89379884000004,339.600006,14.05441645267551,313.548950265,359.649994
2017-10-19,350.10400085000003,354.65939882,355.679993,359.649994,-14.670012999999983,359.649994,314.17305023,5837595.0,5218654.0,354.65939882,339.600006,13.726245823618555,314.17305023,351.809998
2017-10-20,349.80450135,354.45339906000004,355.570007,351.809998,-5.9899899999999775,359.649994,314.76480026,5676145.0,5175404.0,354.45339906000004,339.600006,13.445375489551148,314.76480026,345.100006
2017-10-23,349.4060013,354.03639894,350.600006,345.100006,-7.970000999999968,359.649994,315.30485023,5583215.0,5203034.0,354.03639894,337.019989,13.107157936674732,315.30485023,337.019989
2017-10-24,349.0105011,353.5071991,355.75,337.019989,-7.910004000000015,359.649994,315.835150215,5449985.0,5202484.0,353.5071991,337.019989,13.120552956071759,315.835150215,337.339996
2017-10-25,348.25400085,352.77739927999994,359.649994,337.339996,-15.13000500000004,359.649994,316.31500022,5576675.0,5312664.0,352.77739927999994,325.839996,12.639179976524959,316.31500022,325.839996
2017-10-26,347.5825012,352.0425994600001,351.809998,325.839996,-13.429993000000024,359.649994,316.797200305,5561870.0,5344858.0,352.0425994600001,325.839996,12.652993999706792,316.797200305,326.170013
2017-10-27,346.57100065,351.4215990999999,345.100006,326.170013,-20.23001099999999,359.649994,317.2536003,5655500.0,5383898.0,351.4215990999999,320.869995,12.431143090462301,317.2536003,320.869995
2017-10-30,345.49850004999996,350.87399902,337.019989,320.869995,-21.45001199999996,359.649994,317.66525023500003,5603880.0,5360822.0,350.87399902,320.079987,12.398074524825274,317.66525023500003,320.079987
2017-10-31,344.66799925,350.7473993,337.339996,320.079987,-16.61001600000003,359.649994,318.14500022,5379815.0,5344360.0,350.7473993,320.079987,12.877355080676281,318.14500022,331.529999
2017-11-02,340.16799925,349.27179934,326.170013,321.079987,-56.069976999999994,359.649994,318.836100225,6175490.0,5723804.0,349.27179934,299.26001,11.526581101991725,318.836100225,299.26001
2017-11-03,337.6284988,348.3349994,320.869995,299.26001,-50.790009,359.649994,319.14290022499995,6405315.0,5809990.0,348.3349994,299.26001,11.812474207303284,319.14290022499995,306.089996
2017-11-06,335.62049865,347.4295996199999,320.079987,306.089996,-40.16000300000002,359.649994,319.41220023,6354930.0,5870030.0,347.4295996199999,299.26001,11.673922631809287,319.41220023,302.779999
2017-11-07,333.14349825,346.6373993,331.529999,302.779999,-49.540008,359.649994,319.669400165,6270720.0,5900636.0,346.6373993,299.26001,11.810799531636702,319.669400165,306.049988
2017-11-08,330.6329987,345.7779999,321.079987,306.049988,-50.209991,359.649994,319.919000235,6281945.0,5913668.0,345.7779999,299.26001,11.74131551868216,319.919000235,304.390015
2017-11-09,327.99849854999997,344.77419984,299.26001,304.390015,-52.69000300000005,359.649994,320.17140021,6349950.0,5954352.0,344.77419984,299.26001,11.682712544274333,320.17140021,302.98999
2017-11-10,325.36949769999995,343.71599976,306.089996,302.98999,-52.580017,359.649994,320.42160017500004,6404195.0,5965404.0,343.71599976,299.26001,11.682712544274333,320.42160017500004,302.98999
2017-11-13,323.6094971,342.91599976000003,302.779999,302.98999,-35.200012000000015,359.649994,320.74545012000004,6514665.0,6056112.0,342.91599976000003,299.26001,12.20217694441935,320.74545012000004,315.399994
2017-11-14,321.2569977,342.09820007999997,306.049988,315.399994,-47.049987999999985,359.649994,321.029300215,6633805.0,6092932.0,342.09820007999997,299.26001,11.921725614136749,321.029300215,308.700012
2017-11-15,318.83949739999997,341.43359986,304.390015,308.700012,-48.35000600000001,351.809998,321.33960013,6685785.0,6130678.0,341.43359986,299.26001,12.030556761429805,321.33960013,311.299988
2017-11-16,316.8739975,340.6714001600001,302.98999,311.299988,-39.30999800000001,345.100006,321.644350115,6723800.0,6162336.0,340.6714001600001,299.26001,12.080787487684756,321.644350115,312.5
2017-11-17,315.3714966,340.10440004000003,302.98999,312.5,-30.050018000000023,337.339996,321.962950045,7164035.0,6371768.0,340.10440004000003,299.26001,12.187526211282021,321.962950045,315.049988
2017-11-20,313.95749665,339.00539979999996,315.399994,315.049988,-28.279999000000032,337.339996,322.21780005,7289055.0,6383380.0,339.00539979999996,299.26001,11.923399034047732,322.21780005,308.73999
2017-11-21,312.98099675,338.10659975999994,308.700012,308.73999,-19.529997999999978,331.529999,322.519449985,7427535.0,6409148.0,338.10659975999994,299.26001,12.303056144958456,322.519449985,317.809998
2017-11-22,312.31899725000005,337.03399965999995,311.299988,317.809998,-13.239989999999977,331.529999,322.77205008,7243710.0,6423796.0,337.03399965999995,299.26001,12.084973590831936,322.77205008,312.600006
2017-11-24,311.78799599999996,335.79219912,312.5,312.600006,-10.620024999999998,331.529999,323.00379996,7154740.0,6344628.0,335.79219912,299.26001,12.20845547126232,323.00379996,315.549988
2017-11-27,311.58499614999994,334.53219912000003,315.049988,315.549988,-4.05999700000001,331.529999,323.241699895,7033550.0,6327336.0,334.53219912000003,299.26001,12.261197624997866,323.241699895,316.809998
2017-11-28,311.4584962,333.18319887999996,308.73999,316.809998,-2.529999000000032,331.529999,323.426449805,7068305.0,6282566.0,333.18319887999996,299.26001,12.292172511183503,323.426449805,317.549988
2017-11-29,310.2589967,331.83199893999995,317.809998,317.549988,-23.989989999999977,321.079987,323.55924979499997,7223060.0,6328876.0,331.83199893999995,299.26001,11.873169605406906,323.55924979499997,307.540009
2017-11-30,309.64749765,330.53079898,312.600006,307.540009,-12.22998100000001,317.809998,323.704699775,7017775.0,6317526.0,330.53079898,299.26001,11.928004140979722,323.704699775,308.850006
2017-12-04,309.96649790000004,328.41399906,316.809998,306.529999,-0.8899839999999699,317.809998,324.057449715,6089905.0,6264534.0,328.41399906,302.779999,11.775220794274684,324.057449715,305.200012
2017-12-05,310.01249855000003,327.58819950000003,317.549988,305.200012,0.9200130000000399,317.809998,324.1889997,5997930.0,6205346.0,327.58819950000003,302.98999,11.712433014333797,324.1889997,303.700012
2017-12-06,310.37299965,326.9483997,307.540009,303.700012,7.210022000000038,317.809998,324.3877497,6092980.0,6206126.0,326.9483997,302.98999,12.11260038144001,324.3877497,313.26001
2017-12-07,310.7154984,326.35379947999996,308.850006,313.26001,6.849974999999972,317.809998,324.663999625,6095745.0,6180532.0,326.35379947999996,302.98999,12.028045333949215,324.663999625,311.23999
2017-12-08,311.32249915,325.86439946,306.529999,311.23999,12.140015000000005,317.809998,324.95464964999996,5996815.0,6143510.0,325.86439946,302.98999,12.190875604473716,324.95464964999996,315.130005
2017-12-11,312.61849985,325.62059942,305.200012,315.130005,25.920014000000037,328.910004,325.36804968999996,6162445.0,6200128.0,325.62059942,303.700012,12.767685967672145,325.36804968999996,328.910004
2017-12-12,313.9000001,325.61059941999997,303.700012,328.910004,25.630004999999983,341.029999,325.82324966,6219860.0,6269056.0,325.61059941999997,303.700012,13.27501102030191,325.82324966,341.029999
2017-12-13,315.41649945,325.42839910000004,313.26001,341.029999,30.32998699999996,341.029999,326.268299635,6247130.0,6190414.0,325.42839910000004,303.700012,13.191293980380728,326.268299635,339.029999
2017-12-14,316.7460008,325.0859992,311.23999,339.029999,26.59002700000002,341.029999,326.70534972999997,6238190.0,6143142.0,325.0859992,303.700012,13.143575937361973,326.70534972999997,337.890015
2017-12-15,318.29350139999997,324.8483997,315.130005,337.890015,30.950012000000015,343.450012,327.164749755,6293745.0,6198372.0,324.8483997,303.700012,13.3763091827673,327.164749755,343.450012
2017-12-18,319.48450175,324.4881995,328.910004,343.450012,23.820007000000032,343.450012,327.603049695,5880800.0,6221946.0,324.4881995,303.700012,13.184596449752954,327.603049695,338.869995
2017-12-19,320.60250255,324.25139958,341.029999,338.869995,22.36001600000003,343.450012,328.015599745,5809665.0,6208572.0,324.25139958,303.700012,12.859356210102879,328.015599745,331.100006
2017-12-20,321.1610032,323.71919988,339.029999,331.100006,11.170012999999983,343.450012,328.426149825,5744290.0,6188078.0,323.71919988,303.700012,12.770616357079025,328.426149825,328.980011
2017-12-21,322.1140031,323.26039984,337.890015,328.980011,19.059998000000007,343.450012,328.85994987500004,5717670.0,6185766.0,323.26039984,303.700012,12.88279689756377,328.85994987500004,331.660004
2017-12-22,322.5965043,322.65080022,343.450012,331.660004,9.65002400000003,343.450012,329.26749992500004,5766255.0,6188342.0,322.65080022,303.700012,12.61239119348651,329.26749992500004,325.200012
2017-12-26,322.62050485,321.88520026,338.869995,325.200012,0.4800109999999904,343.450012,329.62309998000006,5757380.0,6205100.0,321.88520026,303.700012,12.281290175022672,329.62309998000006,317.290009
2017-12-27,322.32500619999996,321.10600044,331.100006,317.290009,-5.9099729999999795,343.450012,329.89130005500004,5745510.0,6191832.0,321.10600044,303.700012,12.044789788396452,329.89130005500004,311.640015
2017-12-28,322.716005,320.29820013999995,328.980011,311.640015,7.819975999999997,343.450012,330.18945,5522955.0,6212292.0,320.29820013999995,303.700012,12.200502226894253,330.18945,315.359985
2017-12-29,322.841005,319.33220038,331.660004,315.359985,2.5,343.450012,330.43595008999995,5494235.0,6189054.0,319.33220038,303.700012,12.032650440881202,330.43595008999995,311.350006
2018-01-03,324.1435044,318.14960028,317.290009,320.529999,12.049987999999985,343.450012,331.00775002,5431520.0,6166684.0,318.14960028,303.700012,12.27961545749757,331.00775002,317.25
2018-01-04,324.68950355,317.7016004,311.640015,317.25,10.919983000000002,343.450012,331.32745003,5696510.0,6250664.0,317.7016004,311.23999,12.169527340708616,331.32745003,314.619995
2018-01-05,324.8555024,317.28640022,315.359985,314.619995,3.3199769999999944,343.450012,331.63529998999996,5566305.0,6252654.0,317.28640022,311.23999,12.251569704963215,331.63529998999996,316.579987
2018-01-08,326.1140031,317.49780037999994,311.350006,316.579987,25.170014000000037,343.450012,332.04345001499996,5820245.0,6277960.0,317.49780037999994,311.350006,13.08162486737658,332.04345001499996,336.410004
2018-01-09,327.04200295,317.64820016,320.529999,336.410004,18.55999700000001,343.450012,332.39610000500005,6004150.0,6320422.0,317.64820016,311.350006,12.96776960936673,332.39610000500005,333.690002
2018-01-10,327.33650215,317.92680002,317.25,333.690002,5.88998399999997,343.450012,332.71899994,5822745.0,6267026.0,317.92680002,311.350006,13.014231980503707,332.71899994,334.799988
2018-01-11,327.1825028,318.28420052,314.619995,334.799988,-3.07998699999996,343.450012,333.02149994,5718360.0,6314848.0,318.28420052,311.350006,13.14608732298405,333.02149994,337.950012
2018-01-12,327.0420029,318.37800056,316.579987,337.950012,-2.8099979999999505,343.450012,333.31569992,5648540.0,6297904.0,318.37800056,311.350006,13.073671623008508,333.31569992,336.220001
2018-01-16,327.15050205,318.75760078,336.410004,336.220001,2.169983000000002,343.450012,333.626399845,5682260.0,6258244.0,318.75760078,311.350006,13.234408214081618,333.626399845,340.059998
2018-01-17,327.33600165,319.71560066,333.690002,340.059998,3.7099919999999997,347.160004,333.970699925,5690775.0,6004486.0,319.71560066,311.350006,13.531603956952937,333.970699925,347.160004
2018-01-18,327.62100225000006,320.48520088000004,334.799988,347.160004,5.700011999999958,347.160004,334.200950015,5701255.0,5940322.0,320.48520088000004,311.350006,13.423190515830564,334.200950015,344.570007
2018-01-19,328.5670014,321.43000068000003,337.950012,344.570007,18.919983000000002,350.019989,334.4325498999999,5604420.0,5908368.0,321.43000068000003,311.350006,13.651318696162429,334.4325498999999,350.019989
2018-01-22,329.69600075000005,322.34020088,336.220001,350.019989,22.579987000000017,351.559998,334.71534988999997,5617250.0,5926690.0,322.34020088,311.350006,13.71578119362842,334.71534988999997,351.559998
2018-01-23,330.752501,323.30820076,340.059998,351.559998,21.130004999999983,352.790009,334.98579987499994,5671260.0,5941492.0,323.30820076,311.350006,13.767267633623666,334.98579987499994,352.790009
2018-01-24,331.78700115,324.16620126000004,347.160004,352.790009,20.69000299999999,352.790009,335.20254990500007,5724845.0,5938300.0,324.16620126000004,311.350006,13.478444097046706,335.20254990500007,345.890015
2018-01-25,332.80450145000003,324.85920176,344.570007,345.890015,20.350006000000008,352.790009,335.32879990500004,5842940.0,5980598.0,324.85920176,311.350006,13.133111307371829,335.32879990500004,337.640015
2018-01-26,334.365001,325.408202,350.019989,337.640015,31.209991000000002,352.790009,335.49949997999994,5834305.0,5919688.0,325.408202,311.350006,13.35119381963983,335.49949997999994,342.850006
2018-01-29,336.0735017,326.22480174,351.559998,342.850006,34.17001399999998,352.790009,335.76294999500004,5855845.0,5901108.0,326.22480174,311.350006,13.63080843996694,335.76294999500004,349.529999
2018-01-30,337.79700175,326.91520212,352.790009,349.529999,34.47000099999997,352.790009,335.97205003000005,5902870.0,5875888.0,326.91520212,314.619995,13.475513665781305,335.97205003000005,345.820007
2018-01-31,339.4860017,327.75140208000005,345.890015,345.820007,33.77999900000003,354.309998,336.23640001,5995965.0,5883728.0,327.75140208000005,314.619995,13.830892123520044,336.23640001,354.309998
2018-02-02,342.54250195000003,329.13560252,342.850006,349.25,29.130004999999983,354.309998,336.67255006500005,5667700.0,5602122.0,329.13560252,316.579987,13.388866236453241,336.67255006500005,343.75
2018-02-05,343.37000285000005,329.44200266,349.529999,343.75,16.550017999999966,354.309998,336.82565004,5661345.0,5546178.0,329.44200266,333.130005,12.944328963764361,336.82565004,333.130005
2018-02-06,343.24800270000003,329.86940256,345.820007,333.130005,-2.44000299999999,354.309998,336.967500015,5422795.0,5549594.0,329.86940256,333.130005,12.979489953097179,336.967500015,333.970001
2018-02-07,343.8135026,330.4584028,354.309998,333.970001,11.309998000000007,354.309998,337.1523500199999,5413925.0,5624096.0,330.4584028,333.130005,13.441189386403979,337.1523500199999,345.0
2018-02-08,342.83500375,330.42680306,349.25,345.0,-19.569976999999994,354.309998,337.15955003000005,5714160.0,5739270.0,330.42680306,315.230011,12.195061707620896,337.15955003000005,315.230011
2018-02-09,341.45850379999996,330.28420356000004,343.75,315.230011,-27.529999000000032,354.309998,337.16080002999996,6028570.0,5898954.0,330.28420356000004,310.420013,11.993722310327492,337.16080002999996,310.420013
2018-02-12,340.4340043,330.4480036,333.130005,310.420013,-20.489990000000034,354.309998,337.19630006,6098705.0,5848162.0,330.4480036,310.420013,12.215990967601192,337.19630006,315.730011
2018-02-13,339.6140046,330.74420356,333.970001,315.730011,-16.399993999999992,354.309998,337.24425004499994,6003000.0,5852334.0,330.74420356,310.420013,12.54792873787904,337.24425004499994,323.660004
2018-02-14,338.3715043,331.05980354,345.0,323.660004,-24.850006000000008,354.309998,337.2416501,5845360.0,5845490.0,331.05980354,310.420013,12.491419484781122,337.2416501,322.309998
2018-02-15,337.8465043,331.63720344,315.230011,322.309998,-10.5,354.309998,337.31755006,5856715.0,5847046.0,331.63720344,310.420013,12.983676056244356,337.31755006,334.070007
2018-02-16,337.12000435,332.273003,310.420013,334.070007,-14.529999000000032,354.309998,337.43990006499996,5894430.0,5866968.0,332.273003,310.420013,13.043114442993556,337.43990006499996,335.48999
2018-02-20,336.2805039,332.70320258,315.730011,335.48999,-16.790008999999998,354.309998,337.636450055,5784380.0,5803250.0,332.70320258,310.420013,13.012976266763411,337.636450055,334.769989
2018-02-21,335.30600285,333.14440254,323.660004,334.769989,-19.490021000000013,354.309998,337.761199965,5672090.0,5772030.0,333.14440254,310.420013,12.951444200562822,337.761199965,333.299988
2018-02-22,335.32000275,333.76520270000003,322.309998,333.299988,0.27999799999997776,354.309998,337.95610002,5756205.0,5842056.0,333.76520270000003,310.420013,13.49016439891863,337.95610002,346.170013
2018-02-23,336.0405014,334.22800238,334.070007,346.170013,14.40997299999998,354.309998,338.11004990999993,5710060.0,5799644.0,334.22800238,310.420013,13.736291449823906,338.11004990999993,352.049988
2018-02-26,336.76900175000003,334.55580266,335.48999,352.049988,14.570006999999976,357.420013,338.27104997000004,5700090.0,5711780.0,334.55580266,310.420013,13.961072748475281,338.27104997000004,357.420013
2018-02-27,336.8420013,334.79500248000005,334.769989,357.420013,1.4599910000000023,357.420013,338.41049989,5702605.0,5683298.0,334.79500248000005,310.420013,13.691921502382721,338.41049989,350.98999
2018-02-28,336.70400085,334.89840214000003,333.299988,350.98999,-2.760008999999968,357.420013,338.50174989,5770205.0,5688694.0,334.89840214000003,310.420013,13.359983773963393,338.50174989,343.059998
2018-03-02,334.82850034999996,334.57300175999995,352.049988,330.929993,-14.130004999999983,357.420013,338.667549755,5848535.0,5680074.0,334.57300175999995,310.420013,13.027626999900738,338.667549755,335.119995
2018-03-05,334.30850065000004,334.61800176,357.420013,335.119995,-10.399993999999992,357.420013,338.8037498599999,5854485.0,5620050.0,334.61800176,310.420013,12.953537880014212,338.8037498599999,333.350006
2018-03-06,334.06200099999995,334.60240178,350.98999,333.350006,-4.929992999999968,357.420013,338.87944992999996,5845565.0,5586688.0,334.60240178,310.420013,12.737966753368287,338.87944992999996,328.200012
2018-03-07,333.97850035,334.61520146000004,343.059998,328.200012,-1.67001300000004,357.420013,338.986799935,5841510.0,5599130.0,334.61520146000004,310.420013,12.90958568060223,338.986799935,332.299988
2018-03-08,333.18350065,334.69320134000003,330.929993,332.299988,-15.899993999999992,357.420013,339.080549935,5671360.0,5586138.0,334.69320134000003,310.420013,12.7756391701817,339.080549935,329.100006
2018-03-09,333.78050075,334.89080142,335.119995,329.100006,11.940001999999993,357.420013,339.197100075,5430970.0,5608706.0,334.89080142,310.420013,12.694852519667398,339.197100075,327.170013
2018-03-12,335.5350006,335.56820131999996,333.350006,327.170013,35.08999700000004,357.420013,339.37355012,5197485.0,5679744.0,335.56820131999996,315.730011,13.462537650169084,339.37355012,345.51001
2018-03-13,336.84049984999996,336.09780154,328.200012,345.51001,26.109984999999995,357.420013,339.49860016499997,5184385.0,5712734.0,336.09780154,322.309998,13.308916295894432,339.49860016499997,341.839996
2018-03-14,336.9889999,336.40340152,332.299988,341.839996,2.970000999999968,357.420013,339.50605011500005,5354745.0,5796538.0,336.40340152,322.309998,12.67224858402052,339.50605011500005,326.630005
2018-03-15,337.1535003,336.50480166,329.100006,326.630005,3.2900080000000003,357.420013,339.45855011500004,5485450.0,5840790.0,336.50480166,325.600006,12.629134350319633,339.45855011500004,325.600006
2018-03-16,336.51750025,336.58680178000003,327.170013,325.600006,-12.720000999999968,357.420013,339.3602500949999,5495670.0,5872706.0,336.58680178000003,321.350006,12.451235640487122,339.3602500949999,321.350006
2018-03-19,335.42100065,336.56560184,345.51001,321.350006,-21.92999199999997,357.420013,339.22620011,5587755.0,5823466.0,336.56560184,313.559998,12.125157435125956,339.22620011,313.559998
2018-03-20,334.2100006,336.44500186000005,341.839996,313.559998,-24.220001000000025,357.420013,339.07970002,5625500.0,5826928.0,336.44500186000005,310.549988,11.999162871459376,339.07970002,310.549988
2018-03-21,333.37150115,336.04740176,326.630005,310.549988,-16.76998900000001,357.420013,338.92574998,5762440.0,5748908.0,336.04740176,310.549988,12.249477281267431,338.92574998,316.529999
2018-03-22,331.51800080000004,335.55560184,325.600006,316.529999,-37.070006999999976,357.420013,338.70699998000003,5660940.0,5704772.0,335.55560184,309.100006,11.938468770969878,338.70699998000003,309.100006
2018-03-23,328.99250184999994,334.89040226,321.350006,309.100006,-50.50997899999999,357.420013,338.41645005500004,5702815.0,5751672.0,334.89040226,301.540009,11.622018485643368,338.41645005500004,301.540009
2018-03-26,326.33050085,334.21500188000005,313.559998,301.540009,-53.24001999999996,350.98999,338.08735002000003,5904575.0,5786266.0,334.21500188000005,301.540009,11.73252430860301,338.08735002000003,304.179993
2018-03-27,322.740001,333.07420171999996,310.549988,304.179993,-71.80999699999995,345.51001,337.69664995,6358305.0,5967204.0,333.07420171999996,279.179993,10.68606130958823,337.69664995,279.179993
2018-03-28,318.47600105000004,331.42860174000003,316.529999,279.179993,-85.27999900000003,345.51001,337.19049989499996,7104890.0,6257746.0,331.42860174000003,257.779999,9.790289233582694,337.19049989499996,257.779999
2018-03-29,315.23600165000005,329.80800175999997,309.100006,257.779999,-64.79998800000004,345.51001,336.6413998599999,7519145.0,6419090.0,329.80800175999997,257.779999,10.139808126404752,336.6413998599999,266.130005
2018-04-03,307.81300135,326.31640173999995,304.179993,252.479996,-65.82000700000003,345.51001,335.46144983499994,8821235.0,6906776.0,326.31640173999995,252.479996,10.198409803198459,335.46144983499994,267.529999
2018-04-04,305.75000085,325.02400182,279.179993,267.529999,-41.26001000000002,345.51001,335.039149875,9601785.0,7180502.0,325.02400182,252.479996,11.010883801209095,335.039149875,286.940002
2018-04-05,304.4210015,324.08260166,257.779999,286.940002,-26.57998699999996,345.51001,334.71874994000007,10307475.0,7453616.0,324.08260166,252.479996,11.796986764210482,334.71874994000007,305.720001
2018-04-06,302.93100059999995,323.15080112,266.130005,305.720001,-29.800018000000023,345.51001,334.35404993000003,10805180.0,7618272.0,323.15080112,252.479996,11.528254521902726,334.35404993000003,299.299988
2018-04-09,301.05550015,322.1912009,252.479996,299.299988,-37.51000899999997,345.51001,333.92034997999997,11042330.0,7688462.0,322.1912009,252.479996,11.124739059218946,333.92034997999997,289.660004
2018-04-10,299.01500025,321.42820101999996,267.529999,289.660004,-40.80999800000001,341.839996,333.5308001149999,11178620.0,7817470.0,321.42820101999996,252.479996,11.7542915342944,333.5308001149999,304.700012
2018-04-11,296.9695001,320.45620089999994,286.940002,304.700012,-40.91000299999996,326.630005,333.1182000199999,11254475.0,7872186.0,320.45620089999994,252.479996,11.596484118731091,333.1182000199999,300.929993
2018-04-12,295.34199920000003,319.4214005,305.720001,300.929993,-32.550017999999966,325.600006,332.70115000500004,11236545.0,7930008.0,319.4214005,252.479996,11.30975300584992,332.70115000500004,294.079987
2018-04-13,294.07899869999994,318.34200046,299.299988,294.079987,-25.260010000000023,321.350006,332.39100000999997,11274665.0,7952270.0,318.34200046,252.479996,11.5717877175299,332.39100000999997,300.339996
2018-04-16,292.57199795,317.18120028,289.660004,300.339996,-30.140015000000005,316.529999,331.99085001500004,11285725.0,7995086.0,317.18120028,252.479996,11.189619220997104,331.99085001500004,291.209991
2018-04-17,291.27849815,316.06000032,304.700012,291.209991,-25.869996000000015,316.529999,331.62555002500005,11261510.0,8060990.0,316.06000032,252.479996,11.042277691179542,331.62555002500005,287.690002
2018-04-18,290.41849905,315.26440034,300.929993,287.690002,-17.199981999999977,316.529999,331.28425013,11351180.0,8102862.0,315.26440034,252.479996,11.279197081590569,331.28425013,293.350006
2018-04-19,289.59599845,314.58660005999997,294.079987,293.350006,-16.45001199999996,309.100006,331.02155009,11357790.0,8122906.0,314.58660005999997,252.479996,11.56090412561347,331.02155009,300.079987
2018-04-20,288.65299765,313.49139986,300.339996,300.079987,-18.86001600000003,305.720001,330.8373000600001,11392195.0,8096080.0,313.49139986,252.479996,11.14901641477681,330.8373000600001,290.23999
2018-04-23,287.74449695000004,312.85419954,291.209991,290.23999,-18.17001399999998,305.720001,330.71000009999995,11304120.0,7987656.0,312.85419954,252.479996,10.86144859194015,330.71000009999995,283.369995
2018-04-24,286.70849684999996,312.3149991,287.690002,283.369995,-20.720002000000022,305.720001,330.56120005,11169625.0,7842688.0,312.3149991,252.479996,10.865215691302522,330.56120005,283.459991
2018-04-25,286.7839973,311.61419892,293.350006,283.459991,1.5100089999999682,305.720001,330.38440012000007,10676705.0,7798404.0,311.61419892,252.479996,10.749268051455402,330.38440012000007,280.690002
2018-04-26,288.16899789999997,310.85059906,300.079987,280.690002,27.700012000000015,305.720001,330.17570016999997,9844435.0,7794320.0,310.85059906,252.479996,10.949770738793315,330.17570016999997,285.480011
2018-04-27,289.56649699999997,310.28599884,290.23999,285.480011,27.949982000000034,305.720001,329.99850016000005,9304130.0,7802598.0,310.28599884,252.479996,11.309753005849922,329.99850016000005,294.079987
2018-04-30,291.6374969,309.48259858,283.369995,294.079987,41.41999799999999,305.720001,329.85095011,8709840.0,7768904.0,309.48259858,267.529999,11.302218765266653,329.85095011,293.899994
2018-05-02,293.96749719999997,308.09879914,280.690002,299.920013,14.209992,305.720001,329.61955011500004,7452585.0,7847784.0,308.09879914,280.690002,11.605693034980941,329.61955011500004,301.149994
2018-05-03,292.90399775000003,307.12179962,285.480011,301.149994,-21.26998900000001,304.700012,329.400600225,7364135.0,8130434.0,307.12179962,280.690002,10.906656505092428,329.400600225,284.450012
2018-05-04,292.64349815,306.08019928,294.079987,284.450012,-5.209992,304.700012,329.244750155,7116590.0,8162426.0,306.08019928,280.690002,11.310171967776208,329.244750155,294.089996
2018-05-07,293.2989974,305.0945993,293.899994,294.089996,13.109984999999995,304.700012,329.109000035,7038010.0,8219642.0,305.0945993,280.690002,11.673503628024502,329.109000035,302.769989
2018-05-08,293.16249684999997,303.98559905999997,299.920013,302.769989,-2.7300109999999904,302.769989,328.97685007,6785020.0,8251442.0,303.98559905999997,280.690002,11.64001731435827,328.97685007,301.970001
2018-05-09,293.4584975,303.10279938,301.149994,301.970001,5.920012999999983,306.850006,328.798500155,6697245.0,8270042.0,303.10279938,280.690002,11.844287101058555,328.798500155,306.850006
2018-05-10,294.0054976,302.3419992,284.450012,306.850006,10.940001999999993,306.850006,328.62560007,6599385.0,8261680.0,302.3419992,280.690002,11.767685297935833,328.62560007,305.019989
2018-05-11,294.04149770000004,301.7445993,294.089996,305.019989,0.7200020000000222,306.850006,328.41165003000003,6467005.0,8217560.0,301.7445993,280.690002,11.60192593561857,328.41165003000003,301.059998
2018-05-14,294.0794982,300.88159942,302.769989,301.059998,0.7600100000000225,306.850006,328.19920008,6514420.0,8261440.0,300.88159942,280.690002,11.221432114752357,328.19920008,291.970001
2018-05-15,293.90399775000003,299.89819916,301.970001,291.970001,-3.510008999999968,306.850006,327.94475001,6640380.0,8375348.0,299.89819916,280.690002,10.89535390939119,327.94475001,284.179993
2018-05-16,293.560498,299.06379914,306.850006,284.179993,-6.869995000000017,306.850006,327.75980006,6596195.0,8403114.0,299.06379914,280.690002,10.991629258753907,327.75980006,286.480011
2018-05-17,292.7834991,298.10859956,305.019989,286.480011,-15.53997800000002,306.850006,327.58465007,6512695.0,8391380.0,298.10859956,280.690002,10.91042364631332,327.58465007,284.540009
2018-05-18,292.11249995,297.06299958,301.059998,284.540009,-13.419983000000002,306.850006,327.33930003,6593895.0,8465094.0,297.06299958,276.820007,10.587275788500516,327.33930003,276.820007
2018-05-21,292.1684997,296.20939912,291.970001,276.820007,1.1199949999999603,306.850006,327.0263,6808355.0,8538610.0,296.20939912,276.820007,10.908329925003413,327.0263,284.48999
2018-05-22,291.74600065,294.79939912,284.179993,284.48999,-8.44998099999998,306.850006,326.61680003,6971380.0,8552246.0,294.79939912,275.01001,10.511511992947408,326.61680003,275.01001
2018-05-23,291.6650009,293.54399934,286.480011,275.01001,-1.6199950000000172,306.850006,326.2363,7069955.0,8552632.0,293.54399934,275.01001,10.681457458411847,326.2363,279.070007
2018-05-24,291.28350065,292.56839936,284.540009,279.070007,-7.630004999999983,306.850006,325.799450025,7060990.0,8476818.0,292.56839936,275.01001,10.630390022201407,325.799450025,277.850006
2018-05-25,290.5220016,291.63339936,276.820007,277.850006,-15.22998100000001,306.850006,325.37605006,7036515.0,8423024.0,291.63339936,275.01001,10.672248542161999,325.37605006,278.850006
2018-05-29,290.0150024,290.88159944,284.48999,278.850006,-10.13998399999997,306.850006,325.01785014,7108435.0,8414010.0,290.88159944,275.01001,10.877774042602582,325.01785014,283.76001
2018-05-30,289.60500179999997,290.4447995,275.01001,283.76001,-8.200011999999958,306.850006,324.68710017,7251640.0,8414118.0,290.4447995,275.01001,11.210967484762207,324.68710017,291.720001
2018-05-31,288.78400265,289.92839996,279.070007,291.720001,-16.419983000000002,306.850006,324.29175028500003,7099105.0,8437226.0,289.92839996,275.01001,10.918376848822874,324.29175028500003,284.730011
2018-06-04,289.28500210000004,289.1869998,278.850006,291.820007,2.6499939999999924,306.850006,323.608350315,6314140.0,8423706.0,289.1869998,275.01001,11.421096794520654,323.608350315,296.73999
2018-06-05,288.7030029,288.97879972,283.76001,296.73999,-11.639984000000027,306.850006,323.304400275,6179990.0,8410512.0,288.97879972,275.01001,11.186271125419536,323.304400275,291.130005
2018-06-06,289.57950285000004,289.28519986,291.720001,291.130005,17.529998999999975,319.5,323.16460032,6821855.0,8618354.0,289.28519986,275.01001,12.373797127408912,323.16460032,319.5
2018-06-07,290.04150235,290.02339992000003,284.730011,319.5,9.239989999999977,319.5,323.055750375,7252750.0,8627820.0,290.02339992000003,275.01001,12.231059406909216,323.055750375,316.089996
2018-06-08,290.6735031,291.22100002,291.820007,316.089996,12.640015000000005,319.5,322.937300365,7380430.0,8371896.0,291.22100002,275.01001,12.296777618115506,322.937300365,317.660004
2018-06-11,292.22550349999995,292.54040004,296.73999,317.660004,31.040008,332.100006,322.83395045,7805625.0,8332152.0,292.54040004,275.01001,12.901214730063485,322.83395045,332.100006
2018-06-12,294.7655029,294.3461999,291.130005,332.100006,50.799987999999985,342.769989,322.78315043,8558655.0,8456820.0,294.3461999,275.01001,13.347844426448155,322.78315043,342.769989
2018-06-13,297.79550320000004,295.8911999,319.5,342.769989,60.60000599999995,344.779999,322.766800485,8556185.0,8269328.0,295.8911999,275.01001,13.43198047015414,322.766800485,344.779999
2018-06-14,301.3575027,297.30679987999997,316.089996,344.779999,71.23999000000003,357.720001,322.82710047,8821535.0,8091014.0,297.30679987999997,275.01001,13.973629802161232,322.82710047,357.720001
2018-06-15,305.0390029,298.35580011999997,317.660004,357.720001,73.63000399999999,358.170013,322.88115061,9142920.0,7925558.0,298.35580011999997,275.01001,13.992466638445737,322.88115061,358.170013
2018-06-18,309.7395019,299.7864001,332.100006,358.170013,94.00998000000004,370.829987,322.96940058,9383985.0,7896616.0,299.7864001,275.01001,14.522394412825307,322.96940058,370.829987
2018-06-19,313.1425018,301.04419978,342.769989,370.829987,68.05999800000001,370.829987,322.95265055,9562950.0,7946858.0,301.04419978,275.01001,13.757220709804216,322.95265055,352.549988
2018-06-20,317.50300135000003,302.19459956000003,344.779999,352.549988,87.209991,370.829987,322.986750585,9534845.0,7894736.0,302.19459956000003,277.850006,14.161993141983894,322.986750585,362.220001
2018-06-21,320.9250015,303.1261999,357.720001,362.220001,68.44000300000005,370.829987,322.976350655,9633945.0,7904420.0,303.1261999,277.850006,13.546254690090276,322.976350655,347.51001
2018-06-22,323.71400145,303.91720026,358.170013,347.51001,55.779998999999975,370.829987,322.92185068500004,9938415.0,7957566.0,303.91720026,278.850006,12.965258223744668,322.92185068500004,333.630005
2018-06-25,326.42200164999997,304.57060054,370.829987,333.630005,54.160004000000015,370.829987,322.83385081,10091225.0,7949648.0,304.57060054,283.76001,12.939306150661702,322.83385081,333.01001
2018-06-26,329.33400115,305.58640072,352.549988,333.01001,58.23998999999998,370.829987,322.82685084,10180520.0,7971928.0,305.58640072,284.730011,13.315613826522217,322.82685084,342.0
2018-06-27,331.97300110000003,306.72260067999997,362.220001,342.0,52.779998999999975,370.829987,322.73090083,10222720.0,7998602.0,306.72260067999997,284.730011,13.420260126423695,322.73090083,344.5
2018-06-28,335.2330002,307.85420042,347.51001,344.5,65.19998200000003,370.829987,322.666800795,10346635.0,8035408.0,307.85420042,291.130005,13.647551596800067,322.666800795,349.929993
2018-06-29,337.78950045,308.71160092,333.630005,349.929993,51.13000500000004,370.829987,322.5504008,10400035.0,8043444.0,308.71160092,291.130005,13.35537992278702,322.5504008,342.950012
2018-07-03,340.6925003,310.15800106,342.0,335.070007,19.729980000000012,370.829987,321.992800695,11412505.0,8453866.0,310.15800106,310.859985,12.012138887071606,321.992800695,310.859985
2018-07-05,340.1755005,310.67200132,344.5,310.859985,-10.339995999999985,370.829987,321.613600715,11347960.0,8689688.0,310.67200132,309.160004,11.94098019845048,321.613600715,309.160004
2018-07-06,339.8160004,311.23620116,349.929993,309.160004,-7.190001999999993,370.829987,321.282600655,11073970.0,8786726.0,311.23620116,308.899994,11.930096564675527,321.282600655,308.899994
2018-07-09,339.85850070000004,311.89680114000004,342.950012,308.899994,0.8500060000000076,370.829987,321.005600685,11043550.0,8851542.0,311.89680114000004,308.899994,12.332357611233128,321.005600685,318.51001
2018-07-10,339.37700045,312.46460142,335.070007,318.51001,-9.630004999999983,370.829987,320.785550635,10857950.0,8953680.0,312.46460142,308.899994,12.498116973550388,320.785550635,322.470001
2018-07-11,338.18650055,312.96580136,310.859985,322.470001,-23.809998000000007,370.829987,320.62490061,9984785.0,8966798.0,312.96580136,308.899994,12.351193149903512,320.62490061,318.959991
2018-07-12,336.78300015,313.30160092,309.160004,318.959991,-28.070007999999973,370.829987,320.483500615,9797355.0,8988710.0,313.30160092,308.899994,12.257011479992181,320.483500615,316.709991
2018-07-13,334.84049985,313.65600094,308.899994,316.709991,-38.85000600000001,370.829987,320.35160059000003,9541795.0,8926698.0,313.65600094,308.899994,12.34742605054114,320.35160059000003,318.869995
2018-07-16,332.4369995,314.16900082,318.51001,318.869995,-48.070006999999976,370.829987,320.19725061500003,9390315.0,8736030.0,314.16900082,308.899994,11.980327290930473,320.19725061500003,310.100006
2018-07-17,330.03000025,314.74100094,322.470001,310.100006,-48.139985000000024,362.220001,320.112700595,9136465.0,8704566.0,314.74100094,308.899994,12.507325889800235,320.112700595,322.690002
2018-07-18,328.59500115000003,315.16260128,318.959991,322.690002,-28.699981999999977,362.220001,320.026450595,8779580.0,8643486.0,315.16260128,308.899994,12.5558819403886,320.026450595,323.850006
2018-07-19,326.49550165,315.52780148,316.709991,323.850006,-41.989990000000034,349.929993,319.919950655,8656160.0,8643192.0,315.52780148,308.899994,12.40435430742386,319.919950655,320.230011
2018-07-20,324.79900050000003,315.6624011,318.869995,320.230011,-33.930023000000006,349.929993,319.74715051500004,8515915.0,8631888.0,315.6624011,308.899994,12.12599414508145,319.74715051500004,313.579987
2018-07-23,323.27750084999997,315.62600155999996,310.100006,313.579987,-30.429992999999968,349.929993,319.488100525,8552255.0,8738714.0,315.62600155999996,303.200012,11.69150375435351,319.488100525,303.200012
2018-07-24,321.49850000000004,315.55340146000003,322.690002,303.200012,-35.580017,349.929993,319.198600555,8685230.0,8836938.0,315.55340146000003,297.429993,11.44997929886902,319.198600555,297.429993
2018-07-25,319.8354995,315.88880124,323.850006,297.429993,-33.26001000000002,349.929993,318.95790048,8666375.0,8832710.0,315.88880124,297.429993,11.923399034047746,318.95790048,308.73999
2018-07-26,317.9429992,316.33820126,320.230011,308.73999,-37.85000600000001,349.929993,318.77645044,8481215.0,8734936.0,316.33820126,297.429993,11.83591489476419,318.77645044,306.649994
2018-07-27,315.30549920000004,316.5522009,313.579987,306.649994,-52.75,342.950012,318.48440042500005,8346480.0,8735522.0,316.5522009,297.179993,11.439514668878873,318.48440042500005,297.179993
2018-07-30,312.66649925,316.66480098,303.200012,297.179993,-52.77999900000003,335.070007,318.16225046,8362565.0,8783392.0,316.66480098,290.170013,11.146087281125526,318.16225046,290.170013
2018-07-31,310.81999965,317.09120114,297.429993,290.170013,-36.92999199999997,323.850006,317.87455057,7678420.0,8739892.0,317.09120114,290.170013,11.47969976892848,317.87455057,298.140015
2018-08-02,312.33800045000004,318.90880124,306.649994,300.839996,40.38000499999998,349.540009,317.59560053,7857690.0,9044212.0,318.90880124,290.170013,13.63122744375175,317.59560053,349.540009
2018-08-03,314.3015014,320.29080136,297.179993,349.540009,39.27001899999999,349.540009,317.55770059500003,8097240.0,9197640.0,320.29080136,290.170013,13.573881438839821,317.55770059500003,348.170013
2018-08-06,315.4755004,321.57360103999997,290.170013,348.170013,23.479979999999955,349.540009,317.469400575,8145615.0,9285392.0,321.57360103999997,290.170013,13.315194822737409,317.469400575,341.98999
2018-08-07,318.3305007,323.58800106,298.140015,341.98999,57.10000599999995,379.570007,317.60820062,9215830.0,9825406.0,323.58800106,290.170013,14.88823871445127,317.60820062,379.570007
2018-08-08,320.89950095000006,325.31960078,300.839996,379.570007,51.38000499999998,379.570007,317.73440057,10200185.0,10203498.0,325.31960078,290.170013,14.501884114771292,317.73440057,370.339996
2018-08-09,322.68650199999996,326.534201,349.540009,370.339996,35.74002100000001,379.570007,317.811550685,10773315.0,10397380.0,326.534201,290.170013,13.753035862412634,317.811550685,352.450012
2018-08-10,324.51750174999995,327.94940058,348.170013,352.450012,36.61999499999996,379.570007,317.902300655,11057425.0,10510026.0,327.94940058,290.170013,13.880284842205391,317.902300655,355.48999
2018-08-13,326.83300165,329.24120052,341.98999,355.48999,46.30999800000001,379.570007,318.055150695,11189685.0,10610816.0,329.24120052,290.170013,13.918795266588416,318.055150695,356.410004
2018-08-14,328.0805023,330.25920102,379.570007,356.410004,24.950013000000013,379.570007,318.16250070499996,11189195.0,10654588.0,330.25920102,290.170013,13.55169650697775,318.16250070499996,347.640015
2018-08-15,328.8225021,331.21040096,370.339996,347.640015,14.839995999999985,379.570007,318.25160074,11363050.0,10716710.0,331.21040096,290.170013,13.177062209169698,318.25160074,338.690002
2018-08-16,329.58350215,331.5294012,352.450012,338.690002,15.220001000000025,379.570007,318.328450865,11370485.0,10462644.0,331.5294012,290.170013,13.041441023082582,318.328450865,335.450012
2018-08-17,329.17950279999997,331.31760128,355.48999,335.450012,-8.079987000000017,379.570007,318.19830086999997,12060305.0,10554910.0,331.31760128,290.170013,11.787777847960633,318.19830086999997,305.5
2018-08-20,329.4415023,331.13320124,356.410004,305.5,5.2399899999999775,379.570007,318.13510094500003,12380775.0,10738852.0,331.13320124,290.170013,11.91084198036181,318.13510094500003,308.440002
2018-08-21,330.66500235,330.92920100000003,347.640015,308.440002,24.470000999999968,379.570007,318.248300865,12559845.0,10738626.0,330.92920100000003,290.170013,12.47425732416321,318.248300865,321.899994
2018-08-22,331.31000359999996,330.50660151999995,338.690002,321.899994,12.900025000000028,379.570007,318.32605096000003,12503375.0,10410598.0,330.50660151999995,290.170013,12.463374988002377,318.32605096000003,321.640015
2018-08-23,331.9825042,330.01300166,335.450012,321.640015,13.450012000000015,379.570007,318.412650995,12529215.0,10324148.0,330.01300166,290.170013,12.398912490536386,318.412650995,320.100006
2018-08-24,333.26450489999996,329.31500178000005,305.5,320.100006,25.64001399999995,379.570007,318.49650109,12424180.0,10176580.0,329.31500178000005,290.170013,12.512767706687711,318.49650109,322.820007
2018-08-27,334.7195037,328.53700130000004,308.440002,322.820007,29.099976000000026,379.570007,318.57090096,12737440.0,10221200.0,328.53700130000004,298.140015,12.364169207374255,318.57090096,319.269989
2018-08-28,335.40550219999994,327.35760126,321.899994,319.269989,13.71996999999999,379.570007,318.615250935,12866050.0,10132718.0,327.35760126,300.839996,12.053997407032194,318.615250935,311.859985
2018-08-29,335.6140029,326.4068017,321.640015,311.859985,4.170014000000037,379.570007,318.625351035,12731950.0,10026428.0,326.4068017,305.01001,11.767267591765144,318.625351035,305.01001
2018-08-30,333.29450214999997,325.22540155999997,320.100006,305.01001,-46.390015000000005,379.570007,318.56410103499996,11932035.0,10003088.0,325.22540155999997,303.149994,11.689410074902122,318.56410103499996,303.149994
2018-08-31,330.9690017,324.30840143999995,322.820007,303.149994,-46.51000899999997,379.570007,318.528900995,11517965.0,9951248.0,324.30840143999995,301.660004,11.627041298746043,318.528900995,301.660004
2018-09-05,323.37550195000006,322.36940118,311.859985,288.950012,-98.830017,370.339996,318.258351065,10349525.0,9928726.0,322.36940118,280.73999,10.751360475151193,318.258351065,280.73999
2018-09-06,318.90600274999997,321.14840142,305.01001,280.73999,-89.38998399999997,356.410004,318.087851185,9495005.0,9929292.0,321.14840142,280.73999,10.760151685230358,318.087851185,280.950012
2018-09-07,314.44550165,319.52320122000003,303.149994,280.950012,-89.21002200000004,356.410004,317.860351185,9760410.0,10212456.0,319.52320122000003,263.23999,10.018836375840847,317.860351185,263.23999
2018-09-10,310.94600215,318.23460136,301.660004,263.23999,-69.98998999999998,356.410004,317.698801195,9896985.0,10330166.0,318.23460136,263.23999,10.95060744874881,317.698801195,285.5
2018-09-11,307.09750205,316.96440115999997,288.950012,285.5,-76.97000200000002,347.640015,317.533001175,9832290.0,10383718.0,316.96440115999997,263.23999,10.696944901504667,317.533001175,279.440002
2018-09-12,304.24250175000003,316.0738012,280.73999,279.440002,-57.10000600000001,338.690002,317.40795128,9983740.0,10208830.0,316.0738012,263.23999,11.16157476607687,317.40795128,290.540009
2018-09-13,301.7810012,315.64580132,280.950012,290.540009,-49.23001099999999,335.450012,317.271201245,9845690.0,10089984.0,315.64580132,263.23999,11.116366811066072,317.271201245,289.459991
2018-09-14,299.76850120000006,315.36660148000004,263.23999,289.459991,-40.25,322.820007,317.159451365,9880770.0,9875768.0,315.36660148000004,263.23999,11.356635594668786,317.159451365,295.200012
2018-09-17,299.235501,315.08540152,285.5,295.200012,-10.660004000000015,322.820007,317.0959513,9277220.0,9836210.0,315.08540152,263.23999,11.341565857746652,317.0959513,294.839996
2018-09-18,298.06150045,314.41440114,279.440002,294.839996,-23.48001099999999,322.820007,316.976501225,9234480.0,10015224.0,314.41440114,263.23999,10.92800347124341,316.976501225,284.959991
2018-09-19,296.9175002,313.9454009,290.540009,284.959991,-22.880004999999983,322.820007,316.938951175,8990615.0,9991692.0,313.9454009,263.23999,11.516534178172284,316.938951175,299.019989
2018-09-20,295.7519988,313.53280082000003,289.459991,299.019989,-23.31002799999999,322.820007,316.90460105,9060785.0,10040998.0,313.53280082000003,263.23999,11.487651715682436,316.90460105,298.329987
2018-09-21,294.7019988,313.18060112,295.200012,298.329987,-21.0,322.820007,316.88160102,9055945.0,10027584.0,313.18060112,263.23999,11.519883571363971,316.88160102,299.100006
2018-09-24,293.54499810000004,312.79680108,294.839996,299.100006,-23.14001399999995,319.269989,316.81370093500004,9117965.0,10007048.0,312.79680108,263.23999,11.544160968780353,316.81370093500004,299.679993
2018-09-25,292.63099815,312.61460076000003,284.959991,299.679993,-18.279999000000032,311.859985,316.762450935,8688085.0,9940308.0,312.61460076000003,263.23999,11.598995504353168,316.762450935,300.98999
2018-09-26,292.51699825000003,312.35240046,299.019989,300.98999,-2.2799979999999778,309.579987,316.734700845,8697790.0,9957248.0,312.35240046,263.23999,11.958560065239089,316.734700845,309.579987
2018-09-27,292.6424972,312.02580012000004,298.329987,309.579987,2.509978999999987,309.579987,316.62775077000003,8750875.0,10014946.0,312.02580012000004,263.23999,11.872331597837311,316.62775077000003,307.519989
2018-09-28,290.72349695,310.91659968,299.100006,307.519989,-38.38000499999998,309.579987,316.24645072,10072525.0,10569634.0,310.91659968,263.23999,10.082879869522035,316.24645072,264.769989
2018-10-02,291.7789962,310.81539972,300.98999,310.700012,12.069976999999994,310.700012,315.920450655,11062300.0,10916954.0,310.81539972,263.23999,11.600251218093469,315.920450655,301.019989
2018-10-03,292.48199609999995,310.76279961999995,309.579987,301.019989,14.059998000000007,310.700012,315.677200535,11076010.0,10885038.0,310.76279961999995,263.23999,11.33989118208007,315.677200535,294.799988
2018-10-04,292.52599485,310.22459956,307.519989,294.799988,0.8799750000000017,310.700012,315.392000495,11192680.0,10939814.0,310.22459956,263.23999,10.796986136332682,315.392000495,281.829987
2018-10-05,292.46149595,309.33059992,264.769989,281.829987,-1.2899779999999623,310.700012,315.046250525,10965310.0,11206094.0,309.33059992,261.950012,9.964839805979127,315.046250525,261.950012
2018-10-08,290.71449585,308.39820002,310.700012,261.950012,-34.94000199999999,310.700012,314.65415046,10924770.0,11361482.0,308.39820002,250.559998,9.488070677608713,314.65415046,250.559998
2018-10-09,289.88249515,307.85079952,301.019989,250.559998,-16.640014000000008,310.700012,314.30985038,11069300.0,11466412.0,307.85079952,250.559998,10.00041854334115,314.30985038,262.799988
2018-10-10,288.19949495000003,307.02559932,294.799988,262.799988,-33.660004000000015,310.700012,313.968250345,11209295.0,11621180.0,307.02559932,250.559998,9.752616816769288,313.968250345,256.880005
2018-10-11,286.3379952,306.05339932,281.829987,256.880005,-37.229995,310.700012,313.64295028,11300665.0,11581946.0,306.05339932,250.559998,9.55797432222586,313.64295028,252.229996
2018-10-12,284.51699455,304.23819912,261.950012,252.229996,-36.42001300000004,310.700012,313.37865020000004,11322455.0,11261674.0,304.23819912,250.559998,9.83214775354329,313.37865020000004,258.779999
2018-10-15,282.75449455,302.46659878,250.559998,258.779999,-35.25,310.700012,313.099800255,11288075.0,11112544.0,302.46659878,250.559998,9.866053029135811,313.099800255,259.589996
2018-10-16,282.33599480000004,301.1585989,262.799988,259.589996,-8.369995000000017,310.700012,312.92600020500004,10937020.0,11131786.0,301.1585989,250.559998,10.577647868465862,312.92600020500004,276.589996
2018-10-17,280.97399529999996,299.00279874,256.880005,276.589996,-27.239990000000034,310.700012,312.682250205,10955050.0,10687380.0,299.00279874,250.559998,10.376308513030978,312.682250205,271.779999
2018-10-18,279.25299615,296.87419889999995,252.229996,271.779999,-34.419983,310.700012,312.41555022499995,10858640.0,10304380.0,296.87419889999995,250.559998,10.046882170233726,312.41555022499995,263.910004
2018-10-19,277.29799585,295.02519866,258.779999,263.910004,-39.10000600000001,310.700012,312.14245025,11074890.0,10148214.0,295.02519866,250.559998,9.883215189753733,312.14245025,260.0
2018-10-22,275.3614968,293.1343991,259.589996,260.0,-38.72998100000001,310.700012,311.86430037499997,11112755.0,10029180.0,293.1343991,250.559998,9.922981286018533,311.86430037499997,260.950012
2018-10-23,275.01899805,291.88899932,276.589996,260.950012,-6.849974999999972,310.700012,311.65295043000003,11840060.0,10200458.0,291.88899932,250.559998,11.312265689086118,311.65295043000003,294.140015
2018-10-24,273.9649987,290.70619902,271.779999,294.140015,-21.079987000000017,310.700012,311.42700042,12450815.0,10461896.0,290.70619902,250.559998,11.076183008630583,311.42700042,288.5
2018-10-25,274.3319985,290.22959868000004,263.910004,288.5,7.339995999999985,314.859985,311.32730040499996,13067395.0,10696684.0,290.22959868000004,250.559998,12.179572966913968,311.32730040499996,314.859985
2018-10-26,277.63849874999994,290.13859831999997,260.0,314.859985,66.13000499999998,330.899994,311.292050315,12756185.0,11123914.0,290.13859831999997,250.559998,12.85098400380853,311.292050315,330.899994
2018-10-29,278.84599845,290.72559844,260.950012,330.899994,24.149993999999992,334.850006,311.28520033999996,12391605.0,11034462.0,290.72559844,250.559998,13.016325659955108,311.28520033999996,334.850006
2018-10-30,280.28999869999996,291.15479828,294.140015,334.850006,28.880004999999983,334.850006,311.23440031999996,12260765.0,10868950.0,291.15479828,250.559998,12.809125483847941,311.23440031999996,329.899994
2018-10-31,282.41599965,291.46319854,288.5,329.899994,42.52001899999999,337.320007,311.185200335,12242230.0,10757992.0,291.46319854,250.559998,13.119716246116287,311.185200335,337.320007
2018-11-02,289.76149984999995,292.44219818,330.899994,344.279999,84.459992,346.410004,311.16570037,11644700.0,10852288.0,292.44219818,250.559998,13.500210066982502,311.16570037,346.410004
2018-11-05,294.30349965,292.81379792,334.850006,346.410004,90.83999599999999,346.410004,311.11490035,11362615.0,10936856.0,292.81379792,252.229996,13.290498463394739,311.11490035,341.399994
2018-11-06,298.21650014999994,293.2495981,329.899994,341.399994,78.26001000000002,346.410004,311.056250295,11097730.0,10810528.0,293.2495981,252.229996,13.276266734042219,311.056250295,341.059998
2018-11-07,302.7805001,293.97559848,337.320007,341.059998,91.27999900000003,348.160004,311.06760024,10825690.0,10805036.0,293.97559848,252.229996,13.573462476913535,311.06760024,348.160004
2018-11-08,307.739,294.90339816,344.279999,348.160004,99.16999799999999,351.399994,311.136400135,10771840.0,10797902.0,294.90339816,258.779999,13.70908366300065,311.136400135,351.399994
2018-11-09,312.32550055,295.85059848000003,346.410004,351.399994,91.73001100000005,351.399994,311.174700155,10666710.0,10755544.0,295.85059848000003,259.589996,13.671830249972045,311.174700155,350.51001
2018-11-12,315.9100007,296.44299838,341.399994,350.51001,71.69000299999999,351.399994,311.083450155,10703785.0,10786872.0,296.44299838,260.0,12.866890450686153,311.083450155,331.279999
2018-11-13,319.01700145,297.43859836,341.059998,331.279999,62.140015000000005,351.399994,311.048000175,10499895.0,10728834.0,297.43859836,260.0,13.178736926694796,311.048000175,338.730011
2018-11-14,322.62800150000004,298.70379856,348.160004,338.730011,72.22000100000002,351.399994,310.996450185,10319135.0,10675224.0,298.70379856,260.0,13.399330866443393,310.996450185,344.0
2018-11-15,326.8545014,300.05359836,351.399994,344.0,84.52999799999998,351.399994,310.992400195,10279360.0,10618122.0,300.05359836,260.0,13.585182778785459,310.992400195,348.440002
2018-11-16,331.5700013,301.87499852,350.51001,348.440002,94.30999800000001,354.309998,311.045200185,10170895.0,10312408.0,301.87499852,260.950012,13.830892123520051,311.045200185,354.309998
2018-11-19,336.19600075,303.23439854000003,331.279999,354.309998,92.51998900000001,354.309998,311.14690016500003,10376325.0,10220916.0,303.23439854000003,288.5,13.795731092328715,311.14690016500003,353.470001
2018-11-20,338.8634995,304.5953983,338.730011,353.470001,53.34997499999997,354.309998,311.21450011,9825170.0,10197610.0,304.5953983,288.5,13.545416682520658,311.21450011,347.48999
2018-11-21,341.3479996,305.54839816,344.0,347.48999,49.69000199999999,354.309998,311.18045012,9056595.0,10091038.0,305.54839816,314.859985,13.1561329491894,311.18045012,338.190002
2018-11-23,341.8964997,306.27579808,348.440002,338.190002,10.970002000000022,354.309998,311.23344999999995,8224690.0,10048284.0,306.27579808,325.829987,12.638761014598694,311.23344999999995,325.829987
2018-11-26,342.65150000000006,307.29179784,354.309998,325.829987,15.100006000000008,354.309998,311.411349935,7253020.0,10072814.0,307.29179784,325.829987,13.48304790636458,311.411349935,346.0
2018-11-27,343.10500035,308.27339818,353.470001,346.0,9.070006999999976,354.309998,311.552299945,6846635.0,10062228.0,308.27339818,325.829987,13.39598272900731,311.552299945,343.920013
2018-11-28,344.0035004,309.53159826,347.48999,343.920013,17.970001000000025,354.309998,311.6733499,6596680.0,9813830.0,309.53159826,325.829987,13.561323129398287,311.6733499,347.869995
2018-11-29,344.1960007,310.37459874,338.190002,347.869995,3.8500060000000076,354.309998,311.76764997500004,6369500.0,9709546.0,310.37459874,325.829987,13.280871799115685,311.76764997500004,341.170013
2018-11-30,344.5060013,311.41759922,325.829987,341.170013,6.200012000000015,354.309998,311.84969999500004,6250950.0,9675140.0,311.41759922,325.829987,13.67057453623175,311.84969999500004,350.480011
2018-12-04,346.02500150000003,313.80579928,343.920013,358.48999,18.300018000000023,359.700012,312.08935011,6307420.0,9812638.0,313.80579928,325.829987,14.056510132126924,312.08935011,359.700012
2018-12-06,347.1250015,315.04719944,347.869995,359.700012,22.0,363.059998,312.23815016000003,6361400.0,9879854.0,315.04719944,325.829987,14.197154173175232,312.23815016000003,363.059998
2018-12-07,347.61550135000005,316.01499972,341.170013,363.059998,9.80999700000001,363.059998,312.2971501,6568235.0,9953214.0,316.01499972,325.829987,13.984094432151384,312.2971501,357.970001
2018-12-10,348.30300135,317.16759982,350.480011,357.970001,13.75,365.149994,312.36265013,6544375.0,9915302.0,317.16759982,325.829987,14.284638312458789,312.36265013,365.149994
2018-12-11,349.11550135,319.20740023999997,358.48999,365.149994,16.25,366.76001,312.409350115,6604875.0,9368484.0,319.20740023999997,325.829987,14.352031199331662,312.409350115,366.76001
2018-12-12,350.88150170000006,320.32540012000004,359.700012,366.76001,35.32000700000003,366.76001,312.487400195,6509150.0,9033472.0,320.32540012000004,325.829987,14.345333668703887,312.487400195,366.600006
2018-12-13,352.7845016,321.84080051999996,363.059998,366.600006,38.05999800000001,376.790009,312.65605025,6605015.0,8945920.0,321.84080051999996,325.829987,14.771872112677872,312.65605025,376.790009
2018-12-14,353.87000115,323.25900058,357.970001,376.790009,21.709991000000002,376.790009,312.82995024,6669880.0,8912772.0,323.25900058,325.829987,14.308078958061163,312.82995024,365.709991
2018-12-17,353.8690017,324.59080109999996,365.149994,365.709991,-0.019989000000009582,376.790009,312.89645033,6822295.0,8869968.0,324.59080109999996,325.829987,13.584346068829978,312.89645033,348.420013
2018-12-18,353.00500174999996,326.09240084,366.76001,348.420013,-17.279999000000032,376.790009,312.914850295,6816985.0,8653078.0,326.09240084,325.829987,13.107576940459564,312.914850295,337.029999
2018-12-19,351.98000175000004,327.7406009,366.600006,337.029999,-20.5,376.790009,312.93870024,6745250.0,8549108.0,327.7406009,325.829987,12.937631433136605,312.93870024,332.970001
2018-12-20,350.3745025,328.79220124,376.790009,332.970001,-32.109984999999995,376.790009,312.854100325,6798610.0,8489334.0,328.79220124,315.380005,12.201340234463883,312.854100325,315.380005
2018-12-21,349.45350184999995,330.05000092,365.709991,315.380005,-18.420012999999983,376.790009,312.80745024,6965110.0,8393364.0,330.05000092,315.380005,12.385098467354561,312.80745024,319.769989
2018-12-24,347.93150325,330.9132013,348.420013,319.769989,-30.43997200000001,376.790009,312.64855025,7032975.0,8341208.0,330.9132013,295.390015,11.364588839036864,312.64855025,295.390015
2018-12-26,346.93600305,332.25940124,337.029999,295.390015,-19.910004000000015,376.790009,312.55145018,7041525.0,8360442.0,332.25940124,295.390015,12.649644606515139,312.55145018,326.089996
2018-12-27,345.54650265,333.39020142000004,332.970001,326.089996,-27.790008,376.790009,312.42290022500003,7152365.0,8407944.0,333.39020142000004,295.390015,12.232734124434328,312.42290022500003,316.130005
2018-12-28,344.84650265,334.53580139999997,315.380005,316.130005,-14.0,376.790009,312.459100175,7442935.0,8416196.0,334.53580139999997,295.390015,12.975303849950018,312.459100175,333.869995
2018-12-31,344.42800139999997,335.75620118,319.769989,333.869995,-8.370024999999998,376.790009,312.495100085,7604015.0,8369132.0,335.75620118,295.390015,12.930514940582544,312.495100085,332.799988
2019-01-03,339.50350035,337.48760070000003,326.089996,310.119995,-58.13000499999998,376.790009,312.37294996500003,7838425.0,8445674.0,337.48760070000003,295.390015,11.572624427485403,312.37294996500003,300.359985
2019-01-04,337.40299985,338.6224005,316.130005,300.359985,-42.01001000000002,376.790009,312.40865003500005,7785035.0,8481550.0,338.6224005,295.390015,12.298033289997289,312.40865003500005,317.690002
2019-01-07,335.9979995,339.43880002,333.869995,317.690002,-28.100007000000005,376.790009,312.50079999499997,7770470.0,8252018.0,339.43880002,295.390015,13.020929469272982,312.50079999499997,334.959991
2019-01-08,334.86699975,340.37580013999997,332.799988,334.959991,-22.619995000000017,376.790009,312.632049995,7545335.0,7991022.0,340.37580013999997,295.390015,13.03725491993541,312.632049995,335.350006
2019-01-09,333.536,340.84920042,310.119995,335.350006,-26.619995000000017,376.790009,312.81699994499996,7486305.0,7682866.0,340.84920042,295.390015,13.17036472040045,312.81699994499996,338.529999
2019-01-10,332.44649955,341.13060056,300.359985,338.529999,-21.790008999999998,376.790009,313.020949985,7473685.0,7255484.0,341.13060056,295.390015,13.4399336726637,313.020949985,344.970001
2019-01-11,331.47949974999995,341.37880063999995,317.690002,344.970001,-19.339995999999985,376.790009,313.36135006999996,7474290.0,7066546.0,341.37880063999995,295.390015,13.535790060100135,313.36135006999996,347.26001
2019-01-14,329.359999,341.46880064,334.959991,347.26001,-42.390015000000005,365.709991,313.744450045,7368360.0,6988958.0,341.46880064,295.390015,12.99748882367061,313.744450045,334.399994
2019-01-15,328.29599909999996,341.61100036000005,335.350006,334.399994,-21.279997999999978,348.420013,314.135949985,7354310.0,6957604.0,341.61100036000005,295.390015,13.417329737016821,314.135949985,344.429993
2019-01-16,328.17749784999995,341.64640013999997,338.529999,344.429993,-2.3700249999999983,347.26001,314.603799945,7205195.0,6891436.0,341.64640013999997,295.390015,13.485140330060377,314.603799945,346.049988
2019-01-17,328.69149780000004,341.66440001999996,344.970001,346.049988,10.279999000000032,347.309998,315.00269993999996,7034030.0,6808810.0,341.66440001999996,295.390015,13.537882483795922,315.00269993999996,347.309998
2019-01-18,327.15599825,340.88160034,347.26001,347.309998,-30.709991000000002,347.309998,315.07929998,7827860.0,7135206.0,340.88160034,295.390015,11.652156661873525,315.07929998,302.26001
2019-01-22,326.33299865,340.03880064000003,334.399994,302.26001,-16.459992,347.309998,315.04530004000003,7977600.0,7241282.0,340.03880064000003,295.390015,11.512349330780708,315.04530004000003,298.920013
2019-01-23,324.723999,338.82740048,344.429993,298.920013,-32.179993000000024,347.309998,314.98675008000004,8203260.0,7344392.0,338.82740048,287.589996,11.03809158803237,314.98675008000004,287.589996
2019-01-24,324.52999875,337.62960080000005,346.049988,287.589996,-3.880004999999983,347.309998,314.99600011,8325875.0,7362822.0,337.62960080000005,287.589996,11.202177572297167,314.99600011,291.51001
2019-01-25,323.07749939999997,336.56020078,347.309998,291.51001,-29.049986999999987,347.309998,314.957700095,8280200.0,7405838.0,336.56020078,287.589996,11.433655145820715,314.957700095,297.040009
2019-01-28,322.0899994,335.8622009,302.26001,297.040009,-19.75,347.309998,314.934950155,8172610.0,7395474.0,335.8622009,287.589996,11.406028355212644,314.934950155,296.380005
2019-01-29,320.2694992,335.0368005,298.920013,296.380005,-36.410004000000015,347.309998,314.951850175,7906745.0,7378936.0,335.0368005,287.589996,11.451234970750804,314.951850175,297.459991
2019-01-30,319.06799925,334.33220028000005,287.589996,297.459991,-24.029998999999975,347.309998,314.99400013999997,8154145.0,7503136.0,334.33220028000005,287.589996,11.924654747788052,314.99400013999997,308.769989
2019-01-31,318.91299895000003,333.50380001999997,291.51001,308.769989,-3.1000060000000076,347.309998,315.07305013,8199675.0,7662006.0,333.50380001999997,287.589996,11.851402337857017,315.07305013,307.019989
2019-02-04,319.2654999,331.85020016000004,296.380005,312.209991,-4.799986999999987,347.309998,315.29335012,8213485.0,7616414.0,331.85020016000004,287.589996,12.097112938347205,315.29335012,312.890015
2019-02-05,318.58500065,331.32740048,297.459991,312.890015,-13.609984999999995,347.309998,315.399700215,8173065.0,7591176.0,331.32740048,287.589996,12.451235640487127,315.399700215,321.350006
2019-02-06,317.6785004,330.90800046000004,308.769989,321.350006,-18.130004999999983,347.309998,315.53460027,8074565.0,7598210.0,330.90800046000004,287.589996,12.278359743757285,315.53460027,317.220001
2019-02-07,316.12750095,330.54160092,307.019989,317.220001,-31.019988999999953,347.309998,315.655300345,8128950.0,7644570.0,330.54160092,287.589996,11.871913891666624,315.655300345,307.51001
2019-02-08,314.1690003,329.73760067999996,312.209991,307.51001,-39.17001300000004,347.309998,315.76700033,8118340.0,7601612.0,329.73760067999996,287.589996,11.800334901646572,315.76700033,305.799988
2019-02-11,312.4479996,329.11600034,312.890015,305.799988,-34.42001400000004,347.309998,315.9277503,8222870.0,7617040.0,329.11600034,287.589996,12.095019217037294,315.9277503,312.839996
2019-02-12,311.31849980000004,328.3948004,321.350006,312.839996,-22.589995999999985,347.309998,316.059400235,8236385.0,7644840.0,328.3948004,287.589996,12.051905025194925,316.059400235,311.809998
2019-02-13,309.50550080000005,327.73480040000004,317.220001,311.809998,-36.25998000000004,347.309998,316.129850365,8190635.0,7686058.0,327.73480040000004,287.589996,11.899540640416172,316.129850365,308.170013
2019-02-14,307.39150084999994,326.80059996,307.51001,308.170013,-42.279998999999975,347.309998,316.17920033999997,8216090.0,7677492.0,326.80059996,287.589996,11.715362147985092,316.17920033999997,303.769989
2019-02-15,305.4200012,325.78840026,305.799988,303.769989,-39.429993000000024,321.350006,316.2190003,8227500.0,7589460.0,325.78840026,287.589996,11.887401334759438,316.2190003,307.880005
2019-02-19,305.58900144999996,324.70720031999997,312.839996,307.880005,3.380004999999983,321.350006,316.241450405,7228380.0,7503590.0,324.70720031999997,287.589996,11.793638668632914,316.241450405,305.640015
2019-02-20,305.7710007,323.49720032,311.809998,305.640015,3.6399850000000242,321.350006,316.33200033500003,6982150.0,7489582.0,323.49720032,287.589996,11.664713715559452,316.33200033500003,302.559998
2019-02-21,305.95300145,322.16240051999995,308.170013,302.559998,3.6400150000000053,321.350006,316.31770041,6801110.0,7437542.0,322.16240051999995,291.230011,11.190457228566713,316.31770041,291.230011
2019-02-22,306.1130005,320.75360046000003,303.769989,291.230011,3.1999809999999798,321.350006,316.27740042,6687530.0,7420084.0,320.75360046000003,291.230011,11.33612404085917,316.27740042,294.709991
2019-02-25,306.1994995,319.39380004,307.880005,294.709991,1.7299800000000118,321.350006,316.26140036,6656375.0,7426438.0,319.39380004,291.230011,11.506069548182131,316.26140036,298.769989
2019-02-26,306.2734985,318.01899962,305.640015,298.769989,1.4799800000000118,321.350006,316.21645025500004,6764335.0,7497548.0,318.01899962,291.230011,11.467978127583914,316.21645025500004,297.859985
2019-02-27,307.13749845,316.77799924000004,302.559998,297.859985,17.279998999999975,321.350006,316.26505026,7092445.0,7573908.0,316.77799924000004,291.230011,12.174550153811294,316.26505026,314.73999
2019-02-28,307.69299925,315.86139951999996,291.230011,314.73999,11.110015999999973,321.350006,316.359150295,7055965.0,7657570.0,315.86139951999996,291.230011,12.389703574286532,316.359150295,319.880005
2019-03-04,305.73899995,313.75539916,298.769989,294.790009,-26.850006000000008,321.350006,316.379150295,8063745.0,8162254.0,313.75539916,285.359985,10.944746628076523,316.379150295,285.359985
2019-03-05,303.92149965,312.62679932,297.859985,285.359985,-36.35000600000001,321.350006,316.329450285,8634375.0,8372064.0,312.62679932,276.540009,10.575555486628588,316.329450285,276.540009
2019-03-06,301.66599885,311.84399901999996,314.73999,276.540009,-45.11001600000003,319.880005,316.28795019,8814010.0,8397336.0,311.84399901999996,276.23999,10.56299713532853,316.28795019,276.23999
2019-03-07,299.6344986,310.98039916,319.880005,276.23999,-40.63000500000004,319.880005,316.286800135,9034210.0,8425850.0,310.98039916,276.23999,10.577647868465858,316.286800135,276.589996
2019-03-08,298.46599884999995,310.75539916,294.790009,276.589996,-23.369995000000017,319.880005,316.28505026,9149160.0,8491044.0,310.75539916,276.23999,10.893680489480204,316.28505026,284.140015
2019-03-11,297.7220001,310.05199949999997,285.359985,284.140015,-14.879975000000002,319.880005,316.364600275,9226565.0,8475628.0,310.05199949999997,276.23999,11.177481171095971,316.364600275,290.920013
2019-03-12,296.24799955,309.3965991,276.540009,290.920013,-29.48001099999999,319.880005,316.386050165,9245285.0,8454208.0,309.3965991,276.23999,10.861029588155342,316.386050165,283.359985
2019-03-13,295.1054992,308.49839902,276.23999,283.359985,-22.850007000000005,319.880005,316.44160009,9311640.0,8392322.0,308.49839902,276.23999,11.095437551085773,316.44160009,288.959991
2019-03-14,294.19499809999996,307.64159908,276.589996,288.959991,-18.21002199999998,319.880005,316.497150015,9409730.0,8408344.0,307.64159908,276.23999,11.137296071046364,316.497150015,289.959991
2019-03-15,292.7779983,306.94779904,284.140015,289.959991,-28.339995999999985,319.880005,316.45549993000003,9888965.0,8470882.0,306.94779904,275.429993,10.529091859736013,316.45549993000003,275.429993
2019-03-18,290.85849755,306.33039914,290.920013,275.429993,-38.390015000000005,319.880005,316.34434987500003,10207770.0,8537198.0,306.33039914,269.48999,10.28045212559454,316.34434987500003,269.48999
2019-03-19,288.94999685000005,305.32599912,283.359985,269.48999,-38.17001399999998,319.880005,316.258049825,10589380.0,8625328.0,305.32599912,267.470001,10.195898375717867,316.258049825,267.470001
2019-03-20,287.50199725,304.09879942,288.959991,267.470001,-28.959992,319.880005,316.16694981999996,10577685.0,8612468.0,304.09879942,267.470001,10.45249131236889,316.16694981999996,273.600006
2019-03-21,286.64149615,302.87219908000003,289.959991,273.600006,-17.21002199999998,319.880005,316.053349815,10429580.0,8591240.0,302.87219908000003,267.470001,10.470071179157499,316.053349815,274.019989
2019-03-22,285.13249655,301.39219908,275.429993,274.019989,-30.179992000000027,319.880005,315.920349785,10579830.0,8657494.0,301.39219908,264.529999,10.072834243316686,315.920349785,264.529999
2019-03-25,283.21499774999995,299.70119932,269.48999,264.529999,-38.34997600000003,319.880005,315.62494985,10759255.0,8740666.0,299.70119932,260.420013,9.900796312297937,315.62494985,260.420013
2019-03-26,281.71049795,298.11139890000004,267.470001,260.420013,-30.089995999999985,319.880005,315.383349815,10697675.0,8786902.0,298.11139890000004,260.420013,10.208455429403806,315.383349815,267.769989
2019-03-27,279.7149978,296.91999876,273.600006,267.769989,-39.91000299999996,319.880005,315.16919973,10577440.0,8857540.0,296.91999876,260.420013,10.50397649660854,315.16919973,274.829987
2019-03-28,277.6519973,295.6037988,274.019989,274.829987,-41.260009999999966,294.790009,314.901799675,10390110.0,8871890.0,295.6037988,260.420013,10.66262062212734,314.901799675,278.619995
2019-03-29,276.9054961,294.27999874,264.529999,278.619995,-14.930024000000003,290.920013,314.587249655,9544105.0,8897882.0,294.27999874,260.420013,10.714524768293273,314.587249655,279.859985
2019-04-02,277.5634963,292.78979854,267.769989,289.179993,9.339995999999985,290.920013,313.950049645,8430495.0,8613118.0,292.78979854,260.420013,10.966513895626433,313.950049645,285.880005
2019-04-03,278.34199670000004,292.64759824,274.829987,285.880005,15.57000800000003,291.809998,313.61824957,8310215.0,8530382.0,292.64759824,260.420013,11.214734625983102,313.61824957,291.809998
2019-04-04,277.90149685,292.2513983,278.619995,291.809998,-8.80999700000001,291.809998,313.10299963,9024125.0,8754196.0,292.2513983,260.420013,10.208874433188612,313.10299963,267.779999
2019-04-05,277.44249565,291.92039792,279.859985,267.779999,-9.180024000000003,291.809998,312.715049645,9235060.0,8854718.0,291.92039792,260.420013,10.509418271637498,312.715049645,274.959991
2019-04-08,276.55649559999995,291.44359798,289.179993,274.959991,-17.720000999999968,291.809998,312.2699497,9385965.0,8917934.0,291.44359798,260.420013,10.435748155535778,312.2699497,273.200012
2019-04-09,276.00399625,290.96219784,285.880005,273.200012,-11.049986999999987,291.809998,311.89394964,9305960.0,8907548.0,290.96219784,260.420013,10.398493486751573,311.89394964,272.309998
2019-04-10,275.3589966,290.53419798,291.809998,272.309998,-12.899992999999995,291.809998,311.606099605,9316790.0,8956340.0,290.53419798,260.420013,10.55546293660379,311.606099605,276.059998
2019-04-11,274.28199770000003,289.72719846,267.779999,276.059998,-21.53997800000002,291.809998,311.28314962,9453415.0,8928052.0,289.72719846,260.420013,10.235664471982671,311.28314962,268.420013
2019-04-12,273.89549865000004,288.94079891999996,274.959991,268.420013,-7.729981000000009,291.809998,310.91164968,9051440.0,8811588.0,288.94079891999996,260.420013,10.205526295752527,310.91164968,267.700012
2019-04-15,273.73999940000004,288.0241992,273.200012,267.700012,-3.1099849999999947,291.809998,310.521049705,9039320.0,8866692.0,288.0241992,260.420013,10.150272756394905,310.521049705,266.380005
2019-04-16,274.0344986,287.2335986,272.309998,266.380005,5.88998399999997,291.809998,310.138199665,8812935.0,8865108.0,287.2335986,260.420013,10.442444388549433,310.138199665,273.359985
2019-04-17,273.91599885,286.2311987,276.059998,273.359985,-2.369995000000017,291.809998,309.77959966,8723850.0,8832782.0,286.2311987,260.420013,10.353286829354893,309.77959966,271.230011
2019-04-18,273.87799989999996,285.35199888,268.420013,271.230011,-0.7599789999999871,291.809998,309.47054967500003,8720310.0,8849538.0,285.35199888,260.420013,10.438259583016375,309.47054967500003,273.26001
2019-04-22,273.78899995,284.45679868,267.700012,273.26001,-1.7799989999999752,291.809998,309.22999975000005,8890385.0,8962068.0,284.45679868,260.420013,9.99832611964536,309.22999975000005,262.75
2019-04-23,273.962999,283.6187988,266.380005,262.75,3.4799810000000093,291.809998,309.00369969999997,8926830.0,9064062.0,283.6187988,262.75,10.04646316644892,309.00369969999997,263.899994
2019-04-24,273.50749974999997,282.53519896,273.359985,263.899994,-9.109984999999995,291.809998,308.75249974999997,9095660.0,9136018.0,282.53519896,258.660004,9.827124940440623,308.75249974999997,258.660004
2019-04-25,272.14750065,281.2515991,271.230011,258.660004,-27.199982000000006,291.809998,308.398099725,9749170.0,9462654.0,281.2515991,247.630005,9.365425507133821,308.398099725,247.630005
2019-04-26,269.97350085,279.79099881999997,273.26001,247.630005,-43.47999600000003,291.809998,307.96144971499996,10528500.0,9807036.0,279.79099881999997,235.139999,8.842612341674915,307.96144971499996,235.139999
2019-04-29,268.05400165000003,278.54499906,262.75,235.139999,-38.389984,291.809998,307.573999765,11064660.0,10037310.0,278.54499906,235.139999,9.107576856742497,307.573999765,241.470001
2019-04-30,265.5295021,277.161199,263.899994,241.470001,-50.48999100000003,291.809998,307.18389982,11132370.0,10148504.0,277.161199,235.139999,8.991210213110573,307.18389982,238.690002
2019-05-02,260.55050199999994,274.55939876,247.630005,234.009995,-47.709992,276.059998,306.42959982,11905115.0,10499568.0,274.55939876,234.009995,9.217664973531454,306.42959982,244.100006
2019-05-03,259.913002,273.83539852,235.139999,244.100006,-12.749999999999972,276.059998,306.091299805,11904420.0,10795520.0,273.83539852,234.009995,9.675178303691077,306.091299805,255.029999
2019-05-06,258.93200225,273.04799862000004,241.470001,255.029999,-19.61999499999999,276.059998,305.748749755,11794200.0,10897386.0,273.04799862000004,234.009995,9.6881543193033,305.748749755,255.339996
2019-05-07,257.62500155000004,272.0137988,238.690002,255.339996,-26.140014000000008,276.059998,305.38289969,11780250.0,10967484.0,272.0137988,234.009995,9.341565857746643,305.38289969,247.059998
2019-05-08,256.25150145,270.95339902,234.009995,247.059998,-27.470001999999994,276.059998,305.039199735,11793870.0,10919362.0,270.95339902,234.009995,9.24863985971709,305.039199735,244.839996
2019-05-09,254.54750135,269.49819914,244.100006,244.839996,-34.08000200000001,273.359985,304.733099655,11776375.0,10829912.0,269.49819914,234.009995,9.128924492629798,304.733099655,241.979996
2019-05-10,253.1025009,267.89099912,255.029999,241.979996,-28.900008999999983,273.359985,304.44354971,11634995.0,10759664.0,267.89099912,234.009995,9.025952868394903,304.44354971,239.520004
2019-05-13,251.06800005,266.53539884,255.339996,239.520004,-40.69001700000001,273.359985,304.034899735,11839435.0,10518132.0,266.53539884,227.009995,8.502302406961228,304.034899735,227.009995
2019-05-14,249.36449969999998,265.47439909999997,247.059998,227.009995,-34.070006999999976,273.359985,303.663199755,11700125.0,10321244.0,265.47439909999997,227.009995,8.724152688327923,303.663199755,232.309998
2019-05-15,247.29400029999996,264.58259886,244.839996,232.309998,-41.409988,273.26001,303.33704977499997,11701280.0,10091870.0,264.58259886,227.009995,8.70908357928359,303.33704977499997,231.949997
2019-05-16,245.14899985000002,263.6243991,241.979996,231.949997,-42.90000899999998,273.26001,303.02784972,11819120.0,10034826.0,263.6243991,227.009995,8.55755594631885,303.02784972,228.330002
2019-05-17,242.03749929999998,262.31319916,239.520004,228.330002,-62.23001100000002,263.899994,302.59229963999996,12414640.0,10201710.0,262.31319916,211.029999,7.833403425425061,302.59229963999996,211.029999
2019-05-20,239.16799935,260.73759887999995,227.009995,211.029999,-57.38999899999999,263.899994,302.114899665,12833595.0,10435842.0,260.73759887999995,205.360001,7.596065700965548,302.114899665,205.360001
2019-05-21,236.22699975,259.02079866,232.309998,205.360001,-58.819991999999985,258.660004,301.39259963,13186595.0,10648074.0,259.02079866,205.080002,7.584345357235103,301.39259963,205.080002
2019-05-22,232.93049935000005,257.20819888,231.949997,205.080002,-65.93000800000002,255.339996,300.615399545,13584480.0,10871696.0,257.20819888,192.729996,7.067392384570679,300.615399545,192.729996
2019-05-23,230.32349935000002,255.33879915999998,228.330002,192.729996,-52.140000000000015,255.339996,299.88289962000005,13819365.0,11265744.0,255.33879915999998,192.729996,7.182922276388592,299.88289962000005,195.490005
2019-05-24,228.09799965000002,253.35219944,211.029999,195.490005,-44.50999399999998,255.339996,298.93819961,13408160.0,11406408.0,253.35219944,190.630005,6.979489869380118,298.93819961,190.630005
2019-05-28,225.45949944999998,251.61759952,205.360001,190.630005,-52.770004,255.339996,298.02999961499995,13088080.0,11316956.0,251.61759952,188.699997,6.898702590988017,298.02999961499995,188.699997
2019-05-29,223.0179994,250.02499974,205.080002,188.699997,-48.83000099999998,255.339996,297.21704955999996,13213280.0,11350708.0,250.02499974,188.699997,6.947258641576384,297.21704955999996,189.860001
2019-05-30,220.72849970000001,248.43999974000002,192.729996,189.860001,-45.78999400000001,255.339996,296.380699615,13074385.0,11273226.0,248.43999974000002,188.220001,6.878610668841013,296.380699615,188.220001
2019-05-31,217.78149960000002,246.6711997,195.490005,188.220001,-58.94000200000002,255.339996,295.524449615,12686755.0,11343196.0,246.6711997,185.160004,6.750523723337163,295.524449615,185.160004
2019-06-04,210.89150020000002,243.35160008,188.699997,178.970001,-61.739990000000006,247.059998,293.955649565,12303315.0,11586780.0,243.35160008,178.970001,7.103809715521594,293.955649565,193.600006
2019-06-05,208.36800010000002,242.07499974,189.860001,193.600006,-50.470001999999994,244.839996,293.26134948500004,12472285.0,11652696.0,242.07499974,178.970001,7.228966271618564,293.26134948500004,196.589996
2019-06-06,206.42350015000002,240.83859990000002,188.220001,196.589996,-38.88999900000002,241.979996,292.76359947000003,13175575.0,11910522.0,240.83859990000002,178.970001,7.620762060308218,292.76359947000003,205.949997
2019-06-07,204.54950035000002,239.43200016000003,185.160004,205.949997,-37.479996,239.520004,292.24389945999997,13640180.0,12055008.0,239.43200016000003,178.970001,7.560067331940921,292.24389945999997,204.5
2019-06-10,203.2175004,238.11720036,178.970001,204.5,-26.63999899999999,232.309998,291.698799515,13819015.0,12131226.0,238.11720036,178.970001,7.910841938503276,291.698799515,212.880005
2019-06-11,202.72200095,236.86200078000002,193.600006,212.880005,-9.909988999999996,232.309998,291.17609947,13859950.0,12244470.0,236.86200078000002,178.970001,8.087484934595492,291.17609947,217.100006
2019-06-12,201.56950080000001,235.26360082000002,196.589996,217.100006,-23.050003000000004,231.949997,290.62189941500003,14256640.0,12385986.0,235.26360082000002,178.970001,7.759313677660737,290.62189941500003,209.259995
2019-06-13,200.66750115,233.8242008,205.949997,209.259995,-18.03999300000001,228.330002,290.0773494,14300255.0,12439774.0,233.8242008,178.970001,7.953956172204165,290.0773494,213.910004
2019-06-14,199.99700095,232.28640079999997,204.5,213.910004,-13.410004000000015,217.100006,289.555599445,14297760.0,12429844.0,232.28640079999997,178.970001,7.996233026213243,289.555599445,214.919998
2019-06-17,200.69700095,231.4314008,212.880005,214.919998,14.0,225.029999,289.121449515,14024265.0,12201766.0,231.4314008,178.970001,8.419422704873341,289.121449515,225.029999
2019-06-18,201.66600115,230.42700107999997,217.100006,225.029999,19.380003999999985,225.029999,288.72009949,13633745.0,12195316.0,230.42700107999997,178.970001,8.407283985235889,288.72009949,224.740005
2019-06-19,202.7335007,229.49160070000002,209.259995,224.740005,21.34999099999999,226.429993,288.336499485,13062305.0,12118610.0,229.49160070000002,178.970001,8.478024381667048,288.336499485,226.429993
2019-06-20,204.07800065,228.43780063999998,213.910004,226.429993,26.88999899999999,226.429993,287.92629944,12721220.0,12237800.0,228.43780063999998,178.970001,8.19296794445246,287.92629944,219.619995
2019-06-21,205.39650045,227.3538007,214.919998,219.619995,26.369996000000015,226.429993,287.590849385,11803970.0,12260616.0,227.3538007,178.970001,8.286731280315307,287.590849385,221.860001
2019-06-24,207.04700014999997,226.45820042,225.029999,221.860001,33.00999399999998,226.429993,287.30534943,11384680.0,12178914.0,226.45820042,178.970001,8.361239362128119,287.30534943,223.639999
2019-06-25,208.60000005,225.49940008000002,224.740005,223.639999,31.059998000000007,226.429993,286.999399345,11178140.0,12167636.0,225.49940008000002,178.970001,8.198828137246945,286.999399345,219.759995
2019-06-26,210.07050020000003,224.55720005999999,226.429993,219.759995,29.41000299999999,226.429993,286.779549415,11005070.0,12137008.0,224.55720005999999,178.970001,8.178317839192935,286.779549415,219.270004
2019-06-27,211.80149995000002,223.54680028,219.619995,219.270004,34.61999500000002,226.429993,286.466249395,10925730.0,12118344.0,223.54680028,178.970001,8.327752420584089,286.466249395,222.839996
2019-06-28,213.7165001,222.59140020000004,221.860001,222.839996,38.300003000000004,226.429993,286.18634942,10747965.0,12152842.0,222.59140020000004,178.970001,8.353705163403374,286.18634942,223.460007
2019-07-02,217.6739998,220.90560002,219.759995,227.169998,30.949996999999996,227.169998,285.544949425,10279220.0,12142314.0,220.90560002,196.589996,8.39933078272634,285.544949425,224.550003
2019-07-03,219.58949969999998,220.32560002,219.270004,224.550003,38.30999799999998,234.899994,285.243449335,10313735.0,12207458.0,220.32560002,204.5,8.83256608759178,285.243449335,234.899994
2019-07-05,220.94700015000004,219.81440006,222.839996,234.899994,27.15000900000001,234.899994,284.934749385,9654910.0,12134222.0,219.81440006,204.5,8.757221253964957,284.934749385,233.100006
2019-07-08,222.23899995000002,219.46859988,223.460007,233.100006,25.839996000000014,234.899994,284.66164941,9148760.0,11814844.0,219.46859988,209.259995,8.641691320288524,284.66164941,230.339996
2019-07-09,223.0979996,219.36699986,227.169998,230.339996,17.179992999999996,234.899994,284.316849455,8929050.0,11491446.0,219.36699986,209.259995,8.6299710184166,284.316849455,230.059998
2019-07-10,224.18899919999998,219.3159998,224.550003,230.059998,21.819991999999985,238.919998,284.01979951,8803660.0,11340070.0,219.3159998,209.259995,9.000837505267437,284.01979951,238.919998
2019-07-11,225.65599975,219.31419988,234.899994,238.919998,29.340011000000004,238.919998,283.71729951000003,8420070.0,11301066.0,219.31419988,213.910004,8.987443113748208,283.71729951000003,238.600006
2019-07-12,227.21449965000002,219.53560002000003,233.100006,238.600006,31.16999800000002,245.080002,283.444299555,8471680.0,11270988.0,219.53560002000003,214.919998,9.25868615565876,283.444299555,245.080002
2019-07-15,229.14349975,219.7235999,230.339996,245.080002,38.58000200000001,253.5,283.206849605,8650015.0,11127804.0,219.7235999,219.270004,9.611134810009899,283.206849605,253.5
2019-07-16,230.51100005000004,219.67060002,230.059998,253.5,27.350006000000008,253.5,282.920849695,8441625.0,10816648.0,219.67060002,219.270004,9.564253476946636,282.920849695,252.380005
2019-07-17,232.01699985,219.66100011999998,238.919998,252.380005,30.119996000000015,254.860001,282.657549755,8294070.0,10795264.0,219.66100011999998,219.270004,9.668062439014824,282.657549755,254.860001
2019-07-18,233.37249985,219.79060002000003,238.600006,254.860001,27.110000000000014,254.860001,282.601399775,8203540.0,10687926.0,219.79060002000003,219.270004,9.612808857798683,282.601399775,253.539993
2019-07-19,235.30049975000003,220.05739996,245.080002,253.539993,38.559998000000036,258.179993,282.33879967999997,7962785.0,10705366.0,220.05739996,219.270004,9.807032390415829,282.33879967999997,258.179993
2019-07-22,236.99149935,220.3313999,253.5,258.179993,33.819991999999985,258.179993,282.1120997,7894800.0,10707986.0,220.3313999,219.270004,9.70238609051435,282.1120997,255.679993
2019-07-23,238.81800005,220.74440008000002,252.380005,255.679993,36.530013999999994,260.170013,281.938949825,7858415.0,10668282.0,220.74440008000002,219.270004,9.890331682307805,281.938949825,260.170013
2019-07-24,241.07400055000002,221.50180028,254.860001,260.170013,45.12000999999998,264.880005,281.854199915,8102950.0,10673042.0,221.50180028,219.270004,10.08748497645403,281.854199915,264.880005
2019-07-25,241.5515007,221.43200046,253.539993,264.880005,9.550003000000004,264.880005,281.68854989,8798505.0,10976360.0,221.43200046,222.839996,8.578066830392148,281.68854989,228.820007
2019-07-26,241.81150054999998,221.35380038000002,258.179993,228.820007,5.199996999999996,264.880005,281.575949865,8982905.0,11030994.0,221.35380038000002,223.460007,8.545416598803607,281.575949865,228.039993
2019-07-29,242.4270004,221.50260042000002,255.679993,228.039993,12.30999700000001,264.880005,281.44079994500004,9104000.0,11066794.0,221.50260042000002,224.550003,8.868983418542697,281.44079994500004,235.770004
2019-07-30,243.18150025,222.12720034000003,260.170013,235.770004,15.089997000000011,264.880005,281.367699895,9097550.0,10873240.0,222.12720034000003,224.550003,9.140644836360257,281.367699895,242.259995
2019-07-31,244.03450014999999,222.85220034000002,264.880005,242.259995,17.059998000000007,264.880005,281.31459992,9093510.0,10646280.0,222.85220034000002,228.039993,9.113437049536994,281.31459992,241.610001
2019-08-02,244.04400025,224.25980042,228.039993,233.850006,1.239990000000006,264.880005,281.063699955,8748165.0,10199696.0,224.25980042,228.039993,8.809125400130895,281.063699955,234.339996
2019-08-05,243.9430008,224.91640046,235.770004,234.339996,-2.0199890000000096,264.880005,280.82235001000004,8805555.0,9809320.0,224.91640046,228.039993,8.557137570411854,280.82235001000004,228.320007
2019-08-06,243.9775009,225.71880036,242.259995,228.320007,0.6900019999999927,264.880005,280.61720001500004,8774225.0,9637872.0,225.71880036,228.039993,8.65885348090645,280.61720001500004,230.75
2019-08-07,243.7025009,226.61320038000002,241.610001,230.75,-5.5,264.880005,280.464749985,8555765.0,9527144.0,226.61320038000002,228.039993,8.770615645484186,280.464749985,233.419998
2019-08-08,243.68750075000003,227.58200042,233.850006,233.419998,-0.3000030000000038,264.880005,280.35625,8443760.0,9393258.0,227.58200042,228.039993,8.974885432184472,280.35625,238.300003
2019-08-09,243.18400039999997,228.51780029999998,234.339996,238.300003,-10.070007000000004,264.880005,280.226549915,8178645.0,9312692.0,228.51780029999998,228.039993,8.837170566645966,280.226549915,235.009995
2019-08-12,241.95950015,229.39480012,228.320007,235.009995,-24.490004999999996,264.880005,279.900899815,7861835.0,9197836.0,229.39480012,228.039993,8.586019446882418,279.900899815,229.009995
2019-08-13,241.0904999,230.5154001,230.75,229.009995,-17.38000500000001,264.880005,279.63339981499996,7696790.0,9033510.0,230.5154001,228.039993,8.83675219073896,279.63339981499996,235.0
2019-08-14,239.3284996,231.03579988,233.419998,235.0,-35.24000600000002,264.880005,279.157199865,7686685.0,8948612.0,231.03579988,219.619995,8.192967944452466,279.157199865,219.619995
2019-08-15,237.43349990000002,231.41679993999998,238.300003,219.619995,-37.89999400000002,264.880005,278.58089989,7856440.0,8841588.0,231.41679993999998,215.639999,8.026371202443393,278.58089989,215.639999
2019-08-16,235.52150035,231.69660003999996,235.009995,215.639999,-38.23999100000003,264.880005,278.00634987,7758945.0,8538714.0,231.69660003999996,215.639999,8.206362963849495,278.00634987,219.940002
2019-08-19,234.0790008,232.14320007999999,229.009995,219.940002,-28.84999099999999,264.880005,277.49099991,7682305.0,8324836.0,232.14320007999999,215.639999,8.49476816637797,277.49099991,226.830002
2019-08-20,232.3635002,232.4028,235.0,226.830002,-34.31001199999997,264.880005,276.93369988,7637410.0,8195640.0,232.4028,215.639999,8.454165360157676,276.93369988,225.860001
2019-08-21,230.16100004999998,232.47739991999998,219.619995,225.860001,-44.050002999999975,242.259995,276.316449895,7473485.0,8118456.0,232.47739991999998,215.639999,8.243617046614421,276.316449895,220.830002
2019-08-22,229.8274994,232.7351999,215.639999,220.830002,-6.6700130000000115,242.259995,275.695149845,6680520.0,7945912.0,232.7351999,215.639999,8.29886995809424,275.695149845,222.149994
2019-08-23,228.99549945000004,232.68499970000002,219.940002,222.149994,-16.639999000000017,242.259995,275.04514984499997,6606065.0,7953318.0,232.68499970000002,211.399994,7.848890868517884,275.04514984499997,211.399994
2019-08-26,227.95699925000002,232.68659974000002,226.830002,211.399994,-20.770004,242.259995,274.414849855,6394995.0,7905688.0,232.68659974000002,211.399994,7.9995817915271346,274.414849855,215.0
2019-08-27,226.5479996,232.46759980000002,225.860001,215.0,-28.179992999999996,241.610001,273.744449845,6260355.0,7767676.0,232.46759980000002,211.399994,7.961072036880431,273.744449845,214.080002
2019-08-28,225.24699934999998,232.28459962,220.830002,214.080002,-26.020004999999998,238.300003,273.065399855,5962720.0,7577870.0,232.28459962,211.399994,8.024278150869804,273.065399855,215.589996
2019-08-29,224.63999940000002,232.19019989999998,222.149994,215.589996,-12.139999000000017,238.300003,272.42139984,5808720.0,7549958.0,232.19019989999998,211.399994,8.28045275347234,272.42139984,221.710007
2019-08-30,224.20349965,232.31000002000002,211.399994,221.710007,-8.729995000000002,238.300003,271.89304985,5969730.0,7499100.0,232.31000002000002,211.399994,8.443700730167528,271.89304985,225.610001
2019-09-04,223.53449870000003,232.31379978,214.080002,225.009995,-10.070007000000004,238.300003,270.707849735,5895860.0,7442344.0,232.31379978,211.399994,8.237337891893654,270.707849735,220.679993
2019-09-05,223.3424989,232.51019992000002,215.589996,220.679993,-3.839995999999985,238.300003,270.113549735,6026800.0,7466608.0,232.51019992000002,211.399994,8.609879096269596,270.113549735,229.580002
2019-09-06,222.79999859999998,232.67379978,221.710007,229.580002,-10.850006000000008,235.009995,269.47924973,5972555.0,7380252.0,232.67379978,211.399994,8.520720239460935,269.47924973,227.449997
2019-09-09,222.6389985,232.85279972,225.610001,227.449997,-3.220001999999994,235.0,268.87084969,6017780.0,7349512.0,232.85279972,211.399994,8.702386048655821,268.87084969,231.789993
2019-09-10,222.96549840000003,233.09439944,225.009995,231.789993,6.529998000000006,235.539993,268.311099705,6028770.0,7310158.0,233.09439944,211.399994,8.85935549850804,268.311099705,235.539993
2019-09-11,223.5704987,233.4929996,220.679993,235.539993,12.100006000000008,247.100006,267.855649725,6288505.0,7346254.0,233.4929996,211.399994,9.343240533413235,267.855649725,247.100006
2019-09-12,224.8829987,233.91939944,229.580002,247.100006,26.25,247.100006,267.45584976500004,6239435.0,7332698.0,233.91939944,211.399994,9.291754093417987,267.45584976500004,245.869995
2019-09-13,226.3609986,234.12539950000001,227.449997,245.869995,29.559998000000007,247.100006,266.95184975,6097110.0,7154938.0,234.12539950000001,211.399994,9.263708968761431,266.95184975,245.199997
2019-09-16,227.50449840000002,234.31959934,231.789993,245.199997,22.869996000000015,247.100006,266.44629967500003,6078590.0,7108186.0,234.31959934,211.399994,9.163667147914138,266.44629967500003,242.809998
2019-09-17,228.40249795,234.60859928,235.539993,242.809998,17.959991000000002,247.100006,265.93089966499997,6006380.0,7067884.0,234.60859928,211.399994,9.24654680814351,265.93089966499997,244.789993
2019-09-18,229.28399815000003,234.87719942,247.100006,244.789993,17.630003999999985,247.100006,265.442499625,6008630.0,7027472.0,234.87719942,211.399994,9.19213123449698,265.442499625,243.490005
2019-09-19,230.57249835000002,235.03079958,245.869995,243.490005,25.770004,247.100006,264.9230996,5858705.0,6940474.0,235.03079958,211.399994,9.32231127343294,264.9230996,246.600006
2019-09-20,231.49599840000002,235.07119936000004,245.199997,246.600006,18.470000999999996,247.100006,264.333749625,5848405.0,6917246.0,235.07119936000004,211.399994,9.071996863624884,264.333749625,240.619995
2019-09-23,232.9874985,234.99419924000003,242.809998,240.619995,29.830002000000007,247.100006,263.74139954500004,5638485.0,6820040.0,234.99419924000003,214.080002,9.097530602659367,263.74139954500004,241.229996
2019-09-24,233.39799884999996,234.38839938,244.789993,241.229996,8.21000699999999,247.100006,263.04214958999995,6030465.0,6857868.0,234.38839938,214.080002,8.34324053341323,263.04214958999995,223.210007
2019-09-25,234.12899860000002,233.91479922000002,243.490005,223.210007,14.619994999999989,247.100006,262.39579957,6231010.0,6883430.0,233.91479922000002,215.589996,8.573043389411676,262.39579957,228.699997
2019-09-26,235.4774987,233.66879916,246.600006,228.699997,26.970001999999994,247.100006,261.78284958999996,6663960.0,6925826.0,233.66879916,220.679993,9.153202517923994,261.78284958999996,242.559998
2019-09-27,236.4984986,233.4405994,240.619995,242.559998,20.41999800000002,247.100006,261.159699565,6960805.0,7052864.0,233.4405994,220.679993,9.135203647350579,261.159699565,242.130005
2019-09-30,237.2614983,233.09439944,241.229996,242.130005,15.259993999999978,247.100006,260.53104951,6788765.0,7029492.0,233.09439944,220.679993,9.082461493615034,260.53104951,240.869995
2019-10-02,239.36799925,232.53379945999998,228.699997,244.690002,22.450012000000015,247.100006,259.257649545,6822710.0,7028062.0,232.53379945999998,223.210007,9.177062167311169,259.257649545,243.130005
2019-10-03,239.54049909999998,231.89679934,242.559998,243.130005,3.449996999999996,247.100006,258.680699475,7207170.0,7108296.0,231.89679934,223.210007,8.754290864558076,258.680699475,233.029999
2019-10-04,239.73949890000003,231.94899905999998,242.130005,233.029999,3.979996,247.100006,258.152699445,7397450.0,6819830.0,231.94899905999998,223.210007,8.68731698147001,258.152699445,231.429993
2019-10-07,240.03599930000001,232.14259921999997,240.869995,231.429993,5.930007999999987,247.100006,257.676449445,7560525.0,6780560.0,232.14259921999997,223.210007,8.950607406890288,257.676449445,237.720001
2019-10-08,240.2614998,232.22819919999998,244.690002,237.720001,4.510009999999994,247.100006,257.299799435,7750250.0,6768658.0,232.22819919999998,223.210007,9.048137842115507,257.299799435,240.050003
2019-10-09,240.13299945,232.27359927999998,243.130005,240.050003,-2.570007000000004,246.600006,256.923599485,7592830.0,6744366.0,232.27359927999998,223.210007,9.235663844104876,256.923599485,244.529999
2019-10-10,240.07649995000003,232.33619936,233.029999,244.529999,-1.1299899999999923,246.600006,256.670349435,7477935.0,6686468.0,232.33619936,223.210007,9.24445438444772,256.670349435,244.740005
2019-10-11,240.21100005000002,232.61699922,231.429993,244.740005,2.6900019999999927,247.889999,256.27934945,7636050.0,6690786.0,232.61699922,223.210007,9.376308471172461,256.27934945,247.889999
2019-10-14,240.91849969999998,233.06939912,237.720001,247.889999,14.149992999999995,256.959991,255.98349937999998,7909895.0,6772878.0,233.06939912,223.210007,9.755964912346865,255.98349937999998,256.959991
2019-10-15,241.5735008,233.66079928000002,240.050003,256.959991,13.100021999999996,257.890015,255.60359948,8038265.0,6760968.0,233.66079928000002,223.210007,9.794894340514695,255.60359948,257.890015
2019-10-16,242.38650055,234.24079928000003,244.529999,257.890015,16.259995000000004,259.75,255.23834953999997,8163960.0,6783366.0,234.24079928000003,223.210007,9.872750559763595,255.23834953999997,259.75
2019-10-17,243.15500029999998,234.81179934,244.740005,259.75,15.369995000000017,261.970001,254.99759956999998,8162635.0,6783222.0,234.81179934,223.210007,9.96567651593463,254.99759956999998,261.970001
2019-10-18,243.97150115,235.18479952,247.889999,261.970001,16.330017000000026,261.970001,254.780549705,8132475.0,6792732.0,235.18479952,223.210007,9.75554720617618,254.780549705,256.950012
2019-10-21,244.58500135,235.55459962,256.959991,256.950012,12.270004,261.970001,254.459599695,8166480.0,6815174.0,235.55459962,223.210007,9.6111348100099,254.459599695,253.5
2019-10-22,246.20350109999998,236.08599976000002,257.890015,253.5,32.36999500000002,261.970001,254.06269975000004,7751945.0,6813912.0,236.08599976000002,228.699997,9.698200615244971,254.06269975000004,255.580002
2019-10-23,247.5025009,236.47959962000002,259.75,255.580002,25.979996,261.970001,253.65934968500002,7543645.0,6822172.0,236.47959962000002,231.429993,9.660527570553759,253.65934968500002,254.679993
2019-10-24,250.35850065,238.08079958,261.970001,254.679993,57.11999500000002,299.679993,253.46509965500002,8435465.0,7225338.0,238.08079958,231.429993,11.54416096878037,253.46509965500002,299.679993
2019-10-25,254.65850065,240.33059970000002,256.950012,299.679993,85.99999999999997,328.130005,253.380899675,9379950.0,7662268.0,240.33059970000002,231.429993,12.73503636396143,253.380899675,328.130005
2019-10-28,259.00050045,242.48599948000003,253.5,328.130005,86.83999600000001,328.130005,253.28314958,10029475.0,7937704.0,242.48599948000003,231.429993,12.717455199558705,253.28314958,327.709991
2019-10-29,262.5770004,244.27379946000002,255.580002,327.709991,71.52999900000003,328.130005,253.192249615,10355560.0,8085198.0,244.27379946000002,231.429993,12.23650122379671,253.192249615,316.220001
2019-10-30,266.17100065,246.05679963999998,254.679993,316.220001,71.88000500000001,328.130005,253.0451497,10556080.0,8195530.0,246.05679963999998,231.429993,12.185852791371074,253.0451497,315.01001
2019-10-31,270.26550135,247.93859985999998,299.679993,315.01001,81.89001399999998,328.130005,252.88949982499997,10055205.0,8140984.0,247.93859985999998,231.429993,12.18208565015018,252.88949982499997,314.920013
2019-11-04,278.3470016,251.88320008,327.709991,313.309998,79.75000000000003,328.130005,252.79554978,10010790.0,8142450.0,251.88320008,240.050003,12.288824373747449,252.79554978,317.470001
2019-11-05,282.20550149999997,253.92760009999998,316.220001,317.470001,77.16999800000002,328.130005,252.88704972,9924050.0,8180280.0,253.92760009999998,244.529999,12.278359743757301,252.88704972,317.220001
2019-11-06,286.3080009,256.1775998,315.01001,317.220001,82.04998800000001,328.130005,253.08199967500002,9976375.0,8230774.0,256.1775998,244.740005,12.670154904569157,253.08199967500002,326.579987
2019-11-07,290.8480011,258.57660006000003,314.920013,326.579987,90.800004,335.540009,253.30214967,10385575.0,8455610.0,258.57660006000003,247.889999,13.045208164303494,253.30214967,335.540009
2019-11-08,295.3105019,260.88520022,313.309998,335.540009,89.25001600000002,337.140015,253.5026497,10265265.0,8473404.0,260.88520022,253.5,13.11218204739156,253.5026497,337.140015
2019-11-11,299.71700215,263.27480012,317.470001,337.140015,88.13000499999998,345.089996,253.74619965499997,10254350.0,8486726.0,263.27480012,253.5,13.44495648576638,253.74619965499997,345.089996
2019-11-12,304.31900105,265.77320008,317.220001,345.089996,92.03997800000002,349.929993,254.00854966500003,10300680.0,8526832.0,265.77320008,253.5,13.647551596800083,254.00854966500003,349.929993
2019-11-13,308.6370003,268.28179992,326.579987,349.929993,86.359985,349.929993,254.195249645,10387480.0,8580014.0,268.28179992,253.5,13.487651715682464,254.195249645,346.109985
2019-11-14,313.00600055000007,270.67719999999997,335.540009,346.109985,87.38000499999998,349.929993,254.40689973,10472260.0,8561406.0,270.67719999999997,253.5,13.623274199383701,254.40689973,349.350006
2019-11-15,317.7670006,273.17160032,337.140015,349.350006,95.22000099999997,352.170013,254.60669984,10425220.0,8573798.0,273.17160032,253.5,13.741315518682207,254.60669984,352.170013
2019-11-18,322.5915001,275.53560025999997,345.089996,352.170013,96.48998999999998,352.170013,254.79219971500004,10394225.0,8565752.0,275.53560025999997,254.679993,13.650062982422158,254.79219971500004,349.98999
2019-11-19,327.78849945,278.01520018,349.929993,349.98999,103.939987,359.519989,254.98304962999998,10550425.0,8622574.0,278.01520018,254.679993,14.048974635788074,254.98304962999998,359.519989
2019-11-20,332.66549985,280.11760008,346.109985,359.519989,97.54000800000003,359.519989,255.15804963,10623625.0,8556220.0,280.11760008,299.679993,13.743407942377997,255.15804963,352.220001
2019-11-21,335.42299955,282.29679991999996,349.350006,352.220001,55.14999399999999,359.519989,255.39464951500003,9443080.0,8506796.0,282.29679991999996,313.309998,13.85265809345586,255.39464951500003,354.829987
2019-11-22,335.66849975,284.05360016,352.170013,354.829987,4.910004000000015,359.519989,255.53084962,8786305.0,8737946.0,284.05360016,313.309998,12.940561864402012,255.53084962,333.040009
2019-11-25,336.1,285.92420012,349.98999,333.040009,8.630004999999983,359.519989,255.64834962,8459765.0,8890174.0,285.92420012,313.309998,13.078694436111205,255.64834962,336.339996
2019-11-26,336.7350006,287.60680052,359.519989,336.339996,12.700011999999958,359.519989,255.733899695,8222920.0,8971814.0,287.60680052,313.309998,12.768104929598456,255.733899695,328.920013
2019-11-27,337.54900054999996,289.3628006,352.220001,328.920013,16.279998999999975,359.519989,255.849499675,8018610.0,8999522.0,289.3628006,313.309998,12.867309454470979,255.849499675,331.290009
2019-11-29,338.3,291.02960052000003,354.829987,331.290009,15.01998900000001,359.519989,255.98034973999998,7888540.0,8952918.0,291.02960052000003,313.309998,12.81080015951454,255.98034973999998,329.940002
2019-12-03,340.31450040000004,294.81400083999995,336.339996,334.869995,18.73001099999999,359.519989,256.26809967500003,7762405.0,8992018.0,294.81400083999995,317.220001,13.072834913053043,256.26809967500003,336.200012
2019-12-04,341.1050003,297.01040068,328.920013,336.200012,15.80999799999995,359.519989,256.42044968,7691885.0,8844848.0,297.01040068,326.579987,12.940142860617208,256.42044968,333.029999
2019-12-05,341.29450069999996,299.04380064000003,331.290009,333.029999,3.7900080000000003,359.519989,256.61614959999997,7481070.0,8730798.0,299.04380064000003,328.920013,12.828799030087957,256.61614959999997,330.369995
2019-12-06,341.312001,300.91040098,329.940002,330.369995,0.3500060000000076,359.519989,256.82204972000005,7138325.0,8645356.0,300.91040098,328.920013,13.05985889744082,256.82204972000005,335.890015
2019-12-09,341.43150019999996,302.85840086,334.869995,335.890015,2.38998399999997,359.519989,257.02584977000004,7286020.0,8603490.0,302.85840086,328.920013,13.212223240361052,257.02584977000004,339.529999
2019-12-10,341.61900019999996,305.01780088000004,336.200012,339.529999,3.75,359.519989,257.28074982500004,7228100.0,8662460.0,305.01780088000004,328.920013,13.601925935618596,257.28074982500004,348.839996
2019-12-11,341.75750115,307.17800108,333.029999,348.839996,2.7700189999999907,359.519989,257.470549935,7205020.0,8677164.0,307.17800108,328.920013,13.763500492402798,257.470549935,352.700012
2019-12-12,342.43600155,309.50900084,330.369995,352.700012,13.57000800000003,359.679993,257.66954987500003,7172210.0,8719814.0,309.50900084,328.920013,14.055672166415846,257.66954987500003,359.679993
2019-12-13,342.88800200000003,312.01620116000004,335.890015,359.679993,9.040008999999998,359.679993,257.98754990500004,7177510.0,8549542.0,312.01620116000004,328.920013,14.001675596554122,257.98754990500004,358.390015
2019-12-16,344.35450134999996,315.0176013,339.529999,358.390015,29.329987000000017,381.5,258.46824998,7845770.0,8753126.0,315.0176013,328.920013,14.969025364965589,258.46824998,381.5
2019-12-17,345.80450135,317.84300108,348.839996,381.5,29.0,381.5,258.98049988500003,8050590.0,8761778.0,317.84300108,328.920013,14.863960061279304,258.98049988500003,378.98999
2019-12-18,347.4860016,320.9050009,352.700012,378.98999,33.63000499999998,393.149994,259.565049905,8370400.0,8870634.0,320.9050009,328.920013,15.456676871355356,259.565049905,393.149994
2019-12-19,350.077002,324.0952011,359.679993,393.149994,51.82000799999997,404.040009,260.20229997,8939500.0,9094888.0,324.0952011,328.920013,15.912516781603998,260.20229997,404.040009
2019-12-20,352.61500245,327.31220092,358.390015,404.040009,50.76000899999997,405.589996,260.809549875,9371635.0,9264276.0,327.31220092,328.920013,15.977396943382153,260.809549875,405.589996
2019-12-23,356.92400205,330.73880096,381.5,405.589996,86.17999200000003,419.220001,261.45104981500003,9194085.0,9361160.0,330.73880096,328.920013,16.547928779737614,261.45104981500003,419.220001
2019-12-24,361.36950225,334.10460114,378.98999,419.220001,88.91000400000001,425.25,262.16049989000004,8979845.0,9318154.0,334.10460114,328.920013,16.800335613241458,262.16049989000004,425.25
2019-12-26,366.4705017,337.56560088,393.149994,425.25,102.01998900000001,430.940002,262.870399945,9114170.0,9402176.0,337.56560088,329.940002,17.038510675534262,262.870399945,430.940002
2019-12-27,371.4250015,340.97820097999994,404.040009,430.940002,99.08999599999999,430.940002,263.57250001499995,9333675.0,9467408.0,340.97820097999994,329.940002,17.01507002993189,263.57250001499995,430.380005
2019-12-30,375.663002,344.03280120000005,405.589996,430.380005,84.76001000000002,430.940002,264.26885010999996,9839715.0,9623750.0,344.03280120000005,330.369995,16.35872872995946,264.26885010999996,414.700012
2019-12-31,379.83600160000003,347.26040070000005,419.220001,414.700012,83.459992,430.940002,265.013050095,10050275.0,9714468.0,347.26040070000005,330.369995,16.510674110953406,265.013050095,418.329987
2020-01-03,390.03800205000005,354.54420106000003,430.940002,430.26001,109.98001100000005,443.01001,266.67405016,10810470.0,10068258.0,354.54420106000003,330.369995,17.543743346326757,266.67405016,443.01001
2020-01-06,396.09650275,358.48140138,430.380005,443.01001,121.17001399999998,451.540009,267.56165026,11130890.0,10165696.0,358.48140138,335.890015,17.900796479732083,267.56165026,451.540009
2020-01-07,402.7550019,361.86900147999995,414.700012,451.540009,133.169983,469.059998,268.584300255,11644375.0,9928920.0,361.86900147999995,339.529999,18.634157288997923,268.584300255,469.059998
2020-01-08,410.38550269999996,365.14920168,418.329987,469.059998,152.61001600000003,492.140015,269.742900265,12750435.0,9951684.0,365.14920168,348.839996,19.60025264128321,269.742900265,492.140015
2020-01-09,417.0105027000001,368.22180178,430.26001,492.140015,132.5,492.140015,270.8107503,13731040.0,10143086.0,368.22180178,352.700012,19.14817983039694,270.8107503,481.339996
2020-01-10,423.28300179999997,371.46040164000004,443.01001,481.339996,125.44998199999998,492.140015,271.827350335,14034125.0,10148590.0,371.46040164000004,358.390015,19.014651068005616,271.827350335,478.149994
2020-01-13,431.5420014,375.65740114,451.540009,478.149994,165.17999200000003,524.859985,273.058550285,14971810.0,10486106.0,375.65740114,358.390015,20.969862158638158,273.058550285,524.859985
2020-01-14,440.5184998,380.11740054,469.059998,524.859985,179.529968,537.919983,274.348850275,16093075.0,10964690.0,380.11740054,378.98999,21.516534345606438,274.348850275,537.919983
2020-01-15,447.3684998,384.22120058,492.140015,537.919983,137.0,537.919983,275.49545031,16052805.0,11184388.0,384.22120058,378.98999,20.703642599566596,275.49545031,518.5
2020-01-16,454.09349979999996,388.14160036,481.339996,518.5,134.50000000000006,537.919983,276.63350023500004,16714800.0,11443382.0,388.14160036,393.149994,20.493930995978832,276.63350023500004,513.48999
2020-01-17,459.9610001,392.00720034000005,478.149994,513.48999,117.35000600000001,537.919983,277.726950245,16690205.0,11577096.0,392.00720034000005,404.040009,20.36877443988186,277.726950245,510.5
2020-01-21,467.11900024999994,396.41960084,524.859985,510.5,143.16000300000002,547.200012,279.12405031,16675025.0,11774348.0,396.41960084,405.589996,21.9049826247378,279.12405031,547.200012
2020-01-22,475.31750035000005,401.10000062,537.919983,547.200012,163.97000199999997,569.559998,280.597050345,17505840.0,12112382.0,401.10000062,414.700012,22.840938545037343,280.597050345,569.559998
2020-01-23,482.9665008999999,405.80120056,518.5,569.559998,152.980011,572.200012,282.092050345,17822410.0,12384018.0,405.80120056,414.700012,22.951445623752583,282.092050345,572.200012
2020-01-24,489.94500124999996,410.19580078,513.48999,572.200012,139.57000700000003,572.200012,283.55460038999996,18137355.0,12471356.0,410.19580078,414.700012,22.64252953715082,283.55460038999996,564.820007
2020-01-27,496.29900215,414.35760131999996,510.5,564.820007,127.08001800000005,572.200012,284.9644005,18286065.0,12596330.0,414.35760131999996,414.700012,22.357892145579562,284.9644005,558.02002
2020-01-28,503.1250031000001,418.7734021,547.200012,558.02002,136.52001900000005,572.200012,286.45680055500003,18378205.0,12663698.0,418.7734021,414.700012,22.729595970263695,286.45680055500003,566.900024
2020-01-29,511.439502,423.40620177999995,569.559998,566.900024,166.28997800000002,580.98999,288.023250445,18638960.0,12890430.0,423.40620177999995,418.329987,23.31938109331875,288.023250445,580.98999
2020-01-30,522.5635025500001,429.17900148,572.200012,580.98999,222.48001099999993,640.809998,289.89540041,19574960.0,13374364.0,429.17900148,430.26001,25.82335809222948,289.89540041,640.809998
2020-01-31,533.5790024,435.19060182,564.820007,640.809998,220.309997,650.570007,291.78145052,19884320.0,13600742.0,435.19060182,443.01001,26.23189762377153,291.78145052,650.570007
